selfies,y,fidelity,source_split
[N][#C][C][=C][C][=C][Branch2][Ring1][Ring2][C][=C][C][=C][Branch1][#Branch2][C][#C][C][=C][C][=C][O][Ring1][Branch1][C][=N][Ring1][=N][N][=C][Ring2][Ring1][Ring1],7.5081,1,train
[F][C][Branch1][C][F][Branch1][C][F][C][Branch1][C][F][Branch1][C][F][C][Branch1][C][F][Branch1][C][F][C][Branch1][C][F][Branch1][C][F][C][Branch1][C][F][Branch1][C][F][C][Branch1][C][F][Branch1][C][F][C][C][O][C][=N][N][=C][Branch1][C][Cl][N][=N][Ring1][#Branch1],9.2088,1,train
[C][=C][Branch2][Ring1][=C][C][=C][C][=C][NH1][C][=N][C][=C][Branch1][Branch2][C][=C][NH1][C][=N][Ring1][Branch1][C][=C][Ring1][O][C][Ring1][=C][=C][Ring2][Ring1][C][N][Branch1][#C][C][=C][C][=C][C][=N][C][=C][C][=C][Ring1][#Branch2][Ring1][=Branch1][C][=C][C][=C][C][=C][Ring1][=Branch1][S][Ring2][Ring2][=Branch1],6.0133,1,train
[N][#C][C][=C][C][=C][Branch1][C][N][C][Branch1][Ring1][C][#N][=C][Ring1][=Branch2],8.8701,1,train
[C][N][Branch1][C][C][C][=C][C][=C][Branch2][Ring2][Ring2][C][#C][C][=C][C][=C][Branch2][Ring1][=Branch1][C][=C][C][Branch1][=Branch1][N][Branch1][C][C][C][=C][C][=C][C][=C][C][Ring1][=Branch1][=C][Ring1][=N][C][=C][Ring2][Ring1][Ring1][C][=C][Ring2][Ring1][O],6.0712,1,train
[N][#C][C][=C][C][=C][C][Branch1][Ring1][C][#N][=C][Ring1][Branch2][N],8.9239,1,train
[O][=C][C][=C][C][=C][C][=C][Ring1][=Branch1][S][=Branch1][C][=O][=Branch1][C][=O][C][=C][C][=C][Branch2][Ring1][Ring2][N][C][=C][C][=C][C][=C][Ring1][=Branch1][C][=C][C][=C][C][=C][Ring1][=Branch1][Ring1][=N][C][=C][Ring2][Ring1][Ring1][Ring2][Ring1][=N],7.3445,1,train
[C][C][=C][C][=C][C][=C][C][=C][Branch2][Ring1][=Branch2][C][=C][C][=C][NH1][C][C][=C][C][=C][C][=C][Ring1][=Branch1][NH1][C][=Ring1][=Branch2][C][Ring1][N][=C][Ring1][S][C][=C][C][Ring2][Ring1][=Branch1][=C][Branch1][Branch2][C][=C][C][=C][NH1][Ring1][Branch1][C][Ring2][Ring1][#C][=C][Ring2][Ring2][Ring1],6.0356,1,train
[N][#C][C][Branch1][Ring1][C][#N][=C][C][=C][C][=C][C][=Branch1][Ring2][=C][Ring1][=Branch1][NH1][C][=C][C][=C][C][=C][C][Ring1][=Branch1][=C][C][=C][Ring1][=C][Ring1][#Branch2],7.3619,1,train
[C][=C][C][=C][C][Branch2][Ring1][=N][C][=C][C][=C][C][=Branch1][Ring2][=C][Ring1][=Branch1][C][=C][C][=C][C][=C][Ring1][=Branch1][C][=N][C][=C][N][=C][Ring1][#C][Ring1][=Branch1][=C][C][=C][C][=C][Branch1][C][F][C][=C][C][=C][C][=C][Ring2][Ring1][P][C][Ring1][=N][=C][Ring1][=Branch1][Ring1][O],6.5109,1,train
[C][C][=C][N][Branch1][=Branch2][C][Branch1][C][F][Branch1][C][F][F][C][=Branch1][C][=O][NH1][C][Ring1][O][=O],9.8381,1,train
[C][O][C][=C][C][=C][Branch2][Ring1][Branch1][C][=C][C][=C][Branch1][N][C][=C][C][=C][Branch1][Ring1][C][#N][S][Ring1][#Branch1][S][Ring1][N][C][=C][Ring2][Ring1][C],7.2652,1,train
[N][#C][C][=C][C][=C][Branch1][C][N][C][=C][Ring1][#Branch1][C][#N],8.8376,1,train
[O][=C][C][=C][Branch1][#Branch2][N][C][=C][C][=C][C][=C][Ring1][=Branch1][C][=Branch1][C][=O][C][=C][C][=C][C][=C][Ring1][=Branch1][Ring2][Ring1][C],7.7182,1,train
[C][O][C][=C][C][=C][Branch2][Ring1][Branch2][N][Branch1][=Branch2][C][=C][C][=C][C][=C][Ring1][=Branch1][C][=C][C][=C][Branch1][Ring1][O][C][C][=C][Ring1][Branch2][C][=C][Ring2][Ring1][Branch1],6.4086,1,train
[C][C][=Branch1][C][=O][N][C][=C][C][=C][Branch1][C][O][C][=C][Ring1][#Branch1],7.9377,1,train
[C][C][=C][N][Branch1][=Branch2][C][Branch1][C][F][Branch1][C][F][F][C][=Branch1][C][=O][NH1][C][Ring1][O][=O],9.8381,1,train
[O][=C][C][C][=Branch1][C][=O][N][C][=C][C][=C][C][=C][Ring1][=Branch1][N][Ring1][N],8.4559,1,train
[N][#C][C][=C][C][Branch1][C][N][=C][C][Branch1][Ring1][C][#N][=C][Ring1][=Branch2],8.8732,1,train
[N][#C][C][=C][C][=C][Branch1][C][N][C][=C][Ring1][#Branch1][C][#N],8.8376,1,train
[N][#C][C][=C][O][C][=C][C][=C][C][=C][Ring1][=Branch1][C][Ring1][#Branch2][=O],8.9873,1,train
[C][N][C][=Branch1][C][=O][C][Branch1][=Branch2][C][=C][C][=C][C][=C][Ring1][=Branch1][=N][C][=C][C][=C][C][=C][Ring1][=Branch1][Ring1][P],7.6163,1,train
[F][C][Branch1][C][F][Branch1][C][F][C][Branch1][C][F][Branch1][C][F][C][Branch1][C][F][Branch1][C][F][C][Branch1][C][F][Branch1][C][F][C][Branch1][C][F][Branch1][C][F][C][Branch1][C][F][Branch1][C][F][C][C][O][C][=N][N][=C][Branch1][C][Cl][N][=N][Ring1][#Branch1],9.2088,1,train
[N][#C][C][=C][C][Branch2][Ring1][Branch1][C][#C][C][=C][Branch1][C][F][C][Branch1][C][F][=N][C][Branch1][C][F][=C][Ring1][=Branch2][F][=C][Branch2][Ring1][Branch1][C][#C][C][=C][Branch1][C][F][C][Branch1][C][F][=N][C][Branch1][C][F][=C][Ring1][=Branch2][F][C][=C][Ring2][Ring1][=C][C][#N],9.2038,1,train
[C][C][=C][NH1][C][=Branch1][C][=O][NH1][C][Ring1][#Branch1][=O],9.129,1,train
[N][#C][C][=C][C][=C][Branch1][C][N][C][Branch1][Ring1][C][#N][=C][Ring1][=Branch2],8.8701,1,train
[N][#C][C][=C][C][=C][Branch1][C][N][C][=N][O][N][=C][Ring1][#Branch2][Ring1][Branch1],8.8095,1,train
[O][=C][C][=C][C][Branch1][=Branch2][S][=Branch1][C][=O][=Branch1][C][=O][Cl][=C][C][=C][Ring1][#Branch2][NH1][C][=C][C][=C][Branch1][=Branch2][S][=Branch1][C][=O][=Branch1][C][=O][Cl][C][=C][Ring2][Ring1][=Branch1][Ring1][#Branch2],8.8376,1,train
[F][C][Branch1][C][F][Branch1][C][F][C][Branch1][C][F][Branch1][C][F][C][Branch1][C][F][Branch1][C][F][C][Branch1][C][F][Branch1][C][F][C][Branch1][C][F][Branch1][C][F][C][Branch1][C][F][Branch1][C][F][C][C][O][C][=N][N][=C][Branch1][C][Cl][N][=N][Ring1][#Branch1],9.1783,1,train
[O][=C][C][=C][C][Branch1][=Branch2][N][C][C][C][C][C][Ring1][=Branch1][=C][C][=C][C][=C][Branch1][=Branch2][N][C][C][C][C][C][Ring1][=Branch1][C][=C][Branch1][=Branch2][N][C][C][C][C][C][Ring1][=Branch1][C][=C][C][=C][Ring2][Ring1][S][C][Ring2][Ring1][Branch2][=C][Ring1][=Branch1][Ring2][Ring1][=Branch1],6.0005,1,train
[C][C][=C][S][C][=Ring1][Branch1],9.0193,1,train
[C][O][C][=C][C][=C][Branch2][Ring1][O][C][=C][C][=C][Branch1][Ring2][S][Ring1][Branch1][C][Branch1][=Branch1][C][Branch1][C][C][=O][=C][C][=Branch1][C][=O][N][Ring1][O][C][C][=C][Ring2][Ring1][Ring2],7.3523,1,train
[C][C][Branch1][C][C][Branch1][C][C][C][C][=C][Branch2][Ring1][=C][C][=N][C][=C][C][Branch1][=C][N][C][=C][C][=C][C][=C][C][=C][Ring1][=Branch1][Ring1][=Branch2][=C][C][=C][Ring1][#C][O][Ring2][Ring1][C][C][=N][S][N][=C][Ring1][Branch1][C][=Ring2][Ring1][O],6.9071,1,train
[O][=C][C][=C][C][=C][C][=C][Ring1][=Branch1][C][=Branch1][C][=O][N][Ring1][#Branch2][C][=C][Branch1][C][Cl][C][Branch1][=C][C][=C][N][N][=C][N][=C][Ring1][Branch1][C][=N][Ring1][=Branch2][=C][Branch1][C][Cl][C][Branch1][#C][N][C][=C][S][C][=C][C][=C][C][=C][Ring1][=Branch1][Ring1][#Branch2][=C][Ring2][Ring1][O][Cl],6.5272,1,train
[N][C][=C][C][=C][C][Branch1][=Branch2][C][Branch1][C][F][Branch1][C][F][F][=C][C][=Branch1][C][=O][O][C][Ring1][O][=C][Ring1][#C],8.8053,1,train
[O][=C][C][=C][C][=C][C][=Branch1][Ring2][=C][Ring1][=Branch1][C][=C][C][=C][C][=C][Ring1][=Branch1][N][Ring1][#Branch2][C][=C][C][=C][C][=C][C][=C][Ring1][=Branch1][C][=C][C][=C][C][=C][Ring1][=C][Ring1][=Branch1],7.0605,1,train
[N][#C][C][=C][Branch1][N][C][=C][C][=C][Branch1][C][Br][C][=C][Ring1][#Branch1][C][=C][Branch1][N][C][=C][C][=C][Branch1][C][Br][C][=C][Ring1][#Branch1][NH1][C][Ring2][Ring1][Ring2][=O],8.0532,1,train
[C][C][N][C][=C][C][=C][C][Branch1][=Branch2][C][Branch1][C][F][Branch1][C][F][F][=C][C][=Branch1][C][=O][O][C][Ring1][O][=C][Ring1][#C],8.3836,1,train
[C][N][Branch1][C][C][C][=C][C][=C][Branch2][Ring1][Branch1][C][=C][C][=C][C][=Branch1][C][=O][C][Branch1][C][O][=C][O][C][Ring1][Branch2][=C][Ring1][N][C][=C][Ring2][Ring1][C],6.9805,1,train
[C][O][C][=C][C][=C][C][=C][Ring1][=Branch1][C][=N][C][C][=C][C][=C][C][=C][C][=C][C][=Branch1][=Branch1][=C][Ring1][#Branch2][Ring1][=Branch1][C][Ring1][N][N][Ring1][#C][C][=C][C][=C][C][=C][Ring1][=Branch1],7.1191,1,train
[C][C][C][C][C][C][C][C][C][C][C][C][O][C][=C][C][=C][C][Branch1][=Branch1][N][Branch1][C][C][C][=C][C][=C][Ring1][=Branch2][C][=C][Ring1][=N][C][=O],6.945,1,train
[O][=C][C][=C][C][Branch1][=Branch2][N][C][C][C][C][C][Ring1][=Branch1][=C][C][=C][C][=C][Branch1][=Branch2][N][C][C][C][C][C][Ring1][=Branch1][C][=C][Branch1][=Branch2][N][C][C][C][C][C][Ring1][=Branch1][C][=C][C][=C][Ring2][Ring1][S][C][Ring2][Ring1][Branch2][=C][Ring1][=Branch1][Ring2][Ring1][=Branch1],6.0005,1,train
[O][=C][C][=C][C][Branch1][=C][C][#C][C][=C][C][=C][Branch1][C][Cl][C][=C][Ring1][#Branch1][=C][C][=C][Ring1][#C][N][=C][C][=C][C][Branch1][=C][C][#C][C][=C][C][=C][Branch1][C][Cl][C][=C][Ring1][#Branch1][=C][N][Ring2][Ring1][S][Ring1][#C],7.036,1,train
[O][=C][C][=C][Branch1][S][N][C][=C][C][=C][Branch1][C][F][C][Branch1][C][F][=C][Ring1][Branch2][C][=Branch1][C][=O][C][=C][C][=C][C][=C][Ring1][=Branch1][Ring2][Ring1][Ring2],8.0891,1,train
[C][O][C][=C][C][Branch1][Ring1][O][C][=C][C][=C][C][=Branch1][C][=O][O][C][Ring1][#Branch1][=C][Ring1][=N],8.2252,1,train
[O][=C][C][=C][C][Branch1][C][F][=C][C][=C][Ring1][#Branch1][C][=C][N][=C][C][=C][Ring1][=Branch1][Ring1][=C],8.4302,1,train
[O][=C][C][=C][C][Branch1][=Branch2][S][=Branch1][C][=O][=Branch1][C][=O][O][=C][C][=C][Ring1][#Branch2][NH1][C][=C][C][=C][Branch1][=Branch2][S][=Branch1][C][=O][=Branch1][C][=O][O][C][=C][Ring2][Ring1][=Branch1][Ring1][#Branch2],8.4423,1,train
[N][#C][C][=C][C][=C][Branch1][C][N][C][=N][O][N][=C][Ring1][#Branch2][Ring1][Branch1],9.1886,1,train
[N][#C][C][=C][C][=C][C][Branch1][C][N][=C][Ring1][#Branch1],8.5025,1,train
[N][#C][C][=C][Branch1][Ring1][C][#N][C][Branch1][Ring1][C][#N][=C][Branch2][Ring2][Branch1][C][=N][C][=N][C][Branch1][=Branch2][C][Branch1][C][F][Branch1][C][F][F][=N][C][=N][C][Branch1][Ring1][C][=O][=N][C][=Branch1][Branch1][=N][Ring2][Ring1][C][N][Ring1][=Branch2][Ring1][P][C][Branch1][Ring1][C][#N][=C][Ring2][Ring1][#C][C][#N],9.4712,1,train
[C][N][C][=C][C][=C][Ring1][Branch1][C][=C][C][Branch1][Ring1][C][#N][=C][C][=C][Ring1][Branch2][C][#N],8.1812,1,train
[C][C][=C][N][Branch1][=Branch2][C][Branch1][C][F][Branch1][C][F][F][C][=Branch1][C][=O][NH1][C][Ring1][O][=O],9.8381,1,train
[N][#C][C][=C][C][=C][C][NH1][C][=C][C][Ring1][=Branch2][=Ring1][Branch1],8.2316,1,train
[C][C][=C][N][Branch1][=Branch2][C][Branch1][C][F][Branch1][C][F][F][C][=Branch1][C][=O][NH1][C][Ring1][O][=O],9.8381,1,train
[C][O][C][=Branch1][C][=O][C][Branch1][#C][N][C][=Branch1][C][=O][O][C][Branch1][C][C][Branch1][C][C][C][C][=C][C][=C][O][C][Branch1][=N][C][=C][C][=C][Branch1][Ring1][C][#N][C][=C][Ring1][Branch2][=N][C][Ring1][=N][=C][Ring1][P],7.8772,1,train
[O][=C][C][C][C][C][=C][Ring1][=Branch1][NH1][C][=C][C][=C][Branch1][#Branch1][C][=C][Ring1][=Branch2][Ring1][=Branch1][O][C][O][Ring1][#Branch1],7.6371,1,train
[N][#C][C][=C][C][=C][Branch2][Ring1][S][O][C][=C][C][=C][C][=C][Branch1][=Branch2][C][=C][C][=C][Ring1][#Branch2][Ring1][=Branch1][C][=Branch1][C][=O][N][Branch1][Ring2][C][C][O][C][Ring1][=C][=O][C][=C][Ring2][Ring1][=Branch2],8.0379,1,train
[C][C][Branch1][C][C][C][C][C][C][N][C][C][C][=C][Ring1][Branch1][C][=C][C][=C][C][=Branch1][Branch2][=C][C][=C][Ring1][#Branch2][Ring1][=Branch1][C][C][C][C][Ring1][=Branch2][=O],6.693,1,train
[C][C][C][C][N][C][=C][C][=C][C][=C][Ring1][=Branch1][C][=C][C][=C][C][=C][C][Branch1][=N][C][=C][C][=C][Branch1][Ring1][O][C][C][=C][Ring1][Branch2][=C][C][=C][Ring1][=C][N][Branch1][Branch1][C][C][C][C][C][Ring2][Ring1][Branch1][=C][Ring2][Ring1][=Branch2][Ring2][Ring1][S],6.0835,1,train
[C][C][N][Branch1][Ring1][C][C][C][=C][C][=C][Branch2][Ring1][=Branch1][C][=C][C][=N][C][=N][C][=C][C][=C][C][=C][Ring1][=Branch1][N][=C][Ring1][#Branch2][S][Ring1][=N][C][=C][Ring2][Ring1][Branch1],6.4753,1,train
[N][#C][C][=C][C][Branch1][Ring1][C][#N][=C][Branch2][Ring1][O][C][=C][C][Branch1][=Branch2][C][=C][C][=C][C][=C][Ring1][=Branch1][=C][Branch1][Branch2][C][=C][N][=C][S][Ring1][Branch1][S][Ring1][S][C][Branch1][Ring1][C][#N][=C][Ring2][Ring1][#Branch2],7.8909,1,train
[O][=C][Branch1][=Branch2][C][=C][C][=N][C][=C][Ring1][=Branch1][C][=C][C][=C][C][=C][Ring1][=Branch1][C][=C][C][=C][Branch1][=N][C][=C][C][=C][C][=C][C][=C][Ring1][=Branch1][Ring1][#Branch2][C][=C][Ring1][=C][C][=C][C][=C][C][=C][Ring1][=Branch1][C][=C][O][C][=C][C][=C][C][=C][Ring1][=Branch2][Ring1][=Branch1],6.7819,1,train
[C][C][C][C][C][C][C][C][C][C][C][C][C][C][C][C][O][C][=Branch1][C][=O][C][=C][C][=C][Branch2][Ring1][Ring2][N][Branch1][=Branch2][C][=C][C][=C][C][=C][Ring1][=Branch1][C][=C][C][=C][C][=C][Ring1][=Branch1][C][=C][Ring2][Ring1][Ring1],6.7696,1,train
[C][C][=C][C][=C][C][=Branch1][Ring2][=C][Ring1][=Branch1][C][Branch1][Ring1][C][#N][=C][Branch1][Ring1][C][#N][C][=C][C][Branch1][C][C][=C][C][=C][Ring1][#Branch1][Ring1][S],7.9884,1,train
[C][N][Branch1][C][C][C][=C][C][=C][Branch2][Ring1][P][C][=N][C][Branch1][S][C][=C][C][=C][Branch1][=Branch1][N][Branch1][C][C][C][C][=C][Ring1][=Branch2][=C][C][=C][C][=C][C][Ring1][=Branch1][=N][Ring2][Ring1][Ring1][C][=C][Ring2][Ring1][=Branch2],6.0806,1,train
[O][=C][C][=C][NH1][C][=Branch1][C][=O][NH1][Ring1][#Branch1],9.7209,1,train
[N][C][=C][C][=C][C][Branch1][=Branch2][C][Branch1][C][F][Branch1][C][F][F][=C][C][=Branch1][C][=O][O][C][Ring1][O][=C][Ring1][#C],8.8053,1,train
[N][#C][C][=C][C][Branch2][Ring1][Branch1][C][#C][C][=C][Branch1][C][F][C][Branch1][C][F][=N][C][Branch1][C][F][=C][Ring1][=Branch2][F][=C][Branch2][Ring1][Branch1][C][#C][C][=C][Branch1][C][F][C][Branch1][C][F][=N][C][Branch1][C][F][=C][Ring1][=Branch2][F][C][=C][Ring2][Ring1][=C][C][#N],9.2038,1,train
[N][C][=C][C][=C][C][=C][Ring1][=Branch1][C][=Branch1][C][=O][O],8.3498,1,train
[C][C][=C][NH1][C][=Branch1][C][=O][NH1][C][Ring1][#Branch1][=O],9.129,1,train
[O][=C][C][=C][C][=C][Branch1][=Branch2][C][=C][C][=C][C][=C][Ring1][=Branch1][O][C][Branch1][=Branch2][C][=C][C][=C][C][=C][Ring1][=Branch1][=C][Ring1][P][C][=C][Branch1][Ring1][C][=O][C][Ring2][Ring1][Branch2],7.5284,1,train
[C][C][C][C][N][C][=C][C][=C][Branch1][=Branch2][C][=C][C][=C][C][=C][Ring1][=Branch1][C][=C][Ring1][N][C][=C][C][=C][C][=C][C][Branch1][=Branch2][C][=C][C][=C][C][=C][Ring1][=Branch1][=C][C][=C][Ring1][N][N][Branch1][Branch1][C][C][C][C][C][Ring2][Ring1][Ring1][=C][Ring2][Ring1][#Branch1][Ring2][Ring2][Ring2],6.1052,1,train
[N][C][=C][C][=C][C][=N][C][Branch2][Ring2][N][C][=C][N][=C][C][=Branch1][Ring2][=C][Ring1][=Branch1][C][=C][C][=C][C][=C][Ring1][=Branch1][N][Ring1][#Branch2][C][=C][C][=C][C][=Branch1][Ring2][=C][Ring1][=Branch1][O][C][=C][C][=C][C][=C][Ring1][=Branch1][N][Ring1][O][=C][N][=C][Ring2][Ring2][Branch1][Ring2][Ring1][P],6.107,1,train
[C][O][C][=Branch1][C][=O][C][=N][C][Branch1][C][Cl][=C][Branch1][=Branch2][C][=C][C][=C][C][=C][Ring1][=Branch1][O][Ring1][N],8.4822,1,train
[C][C][=C][N][Branch1][=Branch2][C][Branch1][C][F][Branch1][C][F][F][C][=Branch1][C][=O][NH1][C][Ring1][O][=O],9.8381,1,train
[C][O][C][=C][C][=C][Branch2][Ring1][Ring2][C][#C][C][=C][C][=C][Branch1][Branch2][C][N][=N][NH1][N][=Ring1][Branch1][C][=C][Ring1][O][C][=C][Ring2][Ring1][Ring1][O][C],7.1338,1,train
[N][#C][C][=C][NH1][C][=C][C][=C][C][=C][Ring1][=Branch2][Ring1][=Branch1],8.271,1,train
[N][#C][C][=C][C][=C][Branch1][C][N][C][=N][O][N][=C][Ring1][#Branch2][Ring1][Branch1],8.8095,1,train
[C][C][Branch1][C][C][Branch1][C][C][C][N][C][=C][C][=C][C][=C][Ring1][=Branch1][C][=Branch1][C][=O][N][Ring1][O][C][C][=C][C][=C][C][=C][Ring1][=Branch1],7.2602,1,train
[O][=C][Branch1][C][O][C][=C][C][=C][C][=C][Ring1][=Branch1],9.3416,1,train
[C][C][=C][N][Branch1][=Branch2][C][Branch1][C][F][Branch1][C][F][F][C][=Branch1][C][=O][NH1][C][Ring1][O][=O],9.8381,1,train
[O][=C][C][=C][C][=C][Branch1][Branch2][C][=C][C][=C][S][Ring1][Branch1][S][Ring1][#Branch2],8.1324,1,train
[O][=C][C][=C][C][=C][C][=C][Ring1][=Branch1][NH1][C][=C][C][=C][C][=C][Ring1][=C][Ring1][=Branch1],7.7123,1,train
[O][C][=C][C][=C][Branch1][S][N][C][=C][C][=C][C][=C][C][=C][C][Ring1][=Branch1][=N][Ring1][#Branch2][C][=C][Ring1][P],7.0726,1,train
[O][=C][C][=C][NH1][C][=Branch1][C][=O][NH1][Ring1][#Branch1],9.7209,1,train
[N][#C][C][=C][C][=C][C][C][=C][NH1][C][Ring1][=Branch2][=Ring1][Branch1],8.2757,1,train
[C][=C][C][=C][C][=Branch1][Ring2][=C][Ring1][=Branch1][C][=C][N][Ring1][=Branch1][C][=C][C][Branch2][Ring2][=Branch1][C][=C][S][C][=C][C][=C][Branch2][Ring1][Ring2][N][C][=C][C][=C][C][=C][Ring1][=Branch1][C][=N][C][=C][C][=C][Ring1][=Branch1][Ring1][=N][C][=C][Ring2][Ring1][=Branch1][Ring2][Ring1][Ring1][=C][NH1][Ring2][Ring1][O],6.4174,1,train
[O][=C][C][=C][C][=C][C][=C][Ring1][=Branch1][C][=C][C][=C][Branch1][S][N][C][=N][C][Branch1][C][Cl][=N][C][Branch1][C][Cl][=N][Ring1][Branch2][C][=C][C][=C][C][Ring2][Ring1][=Branch2][=C][Ring2][Ring1][Ring1][Ring1][=Branch1],7.5983,1,train
[O][=C][O][C][=Branch1][C][=O][C][=C][C][=C][Branch2][Ring1][#Branch2][N][Branch1][=Branch2][C][=C][C][=C][C][=C][Ring1][=Branch1][C][=C][C][=C][C][=C][C][=C][C][Ring1][=Branch1][=C][Ring1][#Branch2][C][=C][C][=C][C][Ring2][Ring1][=C][=C][Ring2][Ring1][O][Ring1][=Branch1],7.1244,1,train
[C][C][=C][C][=Branch1][C][=O][NH1][C][=Branch1][C][=O][NH1][Ring1][Branch2],9.3421,1,train
[C][C][C][C][C][=C][C][=C][C][=C][C][=C][C][=C][C][=C][C][=C][Ring1][=C][C][Ring1][N][=C][Ring1][#Branch2][Ring1][=Branch1],6.9455,1,train
[C][C][=C][N][Branch1][=Branch2][C][Branch1][C][F][Branch1][C][F][F][C][=Branch1][C][=O][NH1][C][Ring1][O][=O],9.8381,1,train
[O][=C][C][=C][C][=C][C][=C][Ring1][=Branch1][C][=Branch1][C][=O][N][Ring1][#Branch2][C][=C][C][=C][Branch1][=Branch2][C][N][C][=N][C][=N][Ring1][Branch1][C][=C][Ring1][N],8.0295,1,train
[C][O][C][=C][C][=C][N][=C][Branch1][C][N][S][C][Ring1][=Branch1][=C][Ring1][#Branch2],7.5633,1,train
[O][=C][C][=C][C][Branch1][#C][C][=C][S][C][=C][C][=C][C][=C][Ring1][=Branch1][N][Ring1][#Branch2][=C][C][=C][Ring1][S][O][C][=C][C][=C][Branch2][Ring1][#Branch1][C][=C][C][=C][C][Branch1][Branch2][C][=N][C][=C][NH1][Ring1][Branch1][=C][C][=C][Ring1][O][O][Ring1][=C][C][=C][Ring2][Ring2][=Branch1][Ring2][Ring1][Ring2],6.0418,1,train
[C][C][C][=C][C][=C][Branch1][S][N][C][=C][C][=C][C][=C][C][=C][C][Ring1][=Branch1][=N][Ring1][#Branch2][C][=C][Ring1][P],6.9851,1,train
[C][S][C][=C][C][=C][C][=C][C][=C][Branch2][Ring1][#Branch1][C][=C][N][C][=C][C][=C][C][=C][Ring1][=Branch1][N][C][=C][C][=C][C][=C][Ring1][=Branch1][Ring1][=C][C][=C][Ring2][Ring1][#Branch2][Ring2][Ring1][=Branch1],6.0017,1,train
[C][C][N][C][=C][C][=C][C][Branch1][=Branch2][C][Branch1][C][F][Branch1][C][F][F][=C][C][=Branch1][C][=O][O][C][Ring1][O][=C][Ring1][#C],8.3836,1,train
[N][C][=C][C][=C][C][=C][Ring1][=Branch1][C][=Branch1][C][=O][O],8.3498,1,train
[C][C][C][C][C][C][C][Branch1][#Branch1][C][C][C][C][C][C][N][C][=Branch1][C][=O][C][=C][C][=C][C][=C][Branch1][=N][C][=C][C][=C][Branch1][Ring1][O][C][C][=C][Ring1][Branch2][C][=C][C][=Branch1][#Branch1][=C][Ring2][Ring1][C][Ring1][=C][C][Ring2][Ring1][=Branch1][=O],7.2418,1,train
[C][O][C][=C][C][=C][Branch2][Ring2][#Branch1][C][C][C][Branch1][N][C][=C][C][=C][Branch1][C][O][C][=C][Ring1][#Branch1][=N][N][Ring1][N][C][=C][C][=C][Branch1][=Branch2][S][Branch1][C][N][=Branch1][C][=O][=O][C][=C][Ring1][#Branch2][C][=C][Ring2][Ring1][N],6.892,1,train
[N][#C][C][=C][C][=C][C][Branch1][Ring1][C][#N][=C][Ring1][Branch2][N],8.9239,1,train
[C][=C][S][C][=C][C][Branch2][Ring2][N][C][=N][C][=N][C][Branch2][Ring1][S][C][=C][C][=C][C][=C][C][=C][Ring1][=Branch1][N][Ring1][=Branch2][C][=C][C][=C][C][C][=C][O][C][=Ring1][Branch1][C][=C][Ring1][=Branch2][NH1][Ring1][N][=N][Ring2][Ring1][O][=C][C][=C][Ring2][Ring1][P][N][Ring2][Ring2][Branch1],6.135,1,train
[O][=C][C][=C][C][Branch1][=Branch2][N][C][C][C][C][C][Ring1][=Branch1][=C][C][=C][C][=C][Branch1][=Branch2][N][C][C][C][C][C][Ring1][=Branch1][C][=C][Branch1][=Branch2][N][C][C][C][C][C][Ring1][=Branch1][C][=C][C][=C][Ring2][Ring1][S][C][Ring2][Ring1][Branch2][=C][Ring1][=Branch1][Ring2][Ring1][=Branch1],6.0742,1,train
[C][=C][S][C][=C][C][Branch2][Ring2][O][C][=C][C][=N][C][Branch2][Ring1][#C][C][=C][C][=C][Branch2][Ring1][Ring1][N][C][=C][C][=C][C][O][C][=C][C][=Ring1][Branch1][C][=C][Ring1][=Branch2][Ring1][N][N][=C][Ring2][Ring1][C][=N][Ring2][Ring1][Branch2][=C][C][=C][Ring2][Ring1][=C][N][Ring2][Ring2][C],6.0128,1,train
[N][#C][C][=C][C][=C][Branch1][C][N][C][=N][O][N][=C][Ring1][#Branch2][Ring1][Branch1],8.8095,1,train
[C][=C][C][=C][Branch2][Ring1][Ring1][C][=C][C][=N][C][Branch1][=Branch2][C][=C][C][=C][C][=C][Ring1][=Branch1][=N][Ring1][N][C][=C][Ring2][Ring1][C],7.5782,1,train
[C][N][Branch1][C][C][C][=C][C][=C][Branch1][#C][C][#C][C][=C][C][=C][Branch1][Ring1][C][#N][C][=C][Ring1][Branch2][C][=C][Ring1][S],7.0173,1,train
[C][C][=C][N][Branch1][=Branch2][C][Branch1][C][F][Branch1][C][F][F][C][=Branch1][C][=O][NH1][C][Ring1][O][=O],9.8381,1,train
[O][=C][Branch1][C][O][C][=C][C][=C][C][=C][Ring1][=Branch1],9.3416,1,train
[N][C][=C][C][=C][C][=Branch1][Ring2][=C][Ring1][=Branch1][C][=Branch1][C][=O][N][C][Ring1][#Branch1][=O],8.6236,1,train
[C][C][C][C][C][=C][C][Branch1][Ring1][C][=O][=C][C][=C][C][=C][Branch1][Branch1][C][C][C][C][C][=C][Branch1][=Branch2][N][C][C][C][C][C][Ring1][=Branch1][C][=C][C][=C][Ring2][Ring1][#Branch2][C][Ring2][Ring1][=Branch1][=C][Ring2][Ring1][Ring2][Ring1][=Branch1],6.5492,1,train
[O][=C][Branch1][C][O][C][O][C][=C][C][=C][NH1][C][=C][Branch1][#Branch1][C][Ring1][Branch1][=C][Ring1][=Branch2][C][C][C][C][Ring1][Branch2][=O],7.5209,1,train
[C][=C][C][=C][C][=C][C][=C][C][Branch2][Ring1][Ring2][N][C][=C][C][=C][C][=C][Ring1][=Branch1][C][=C][C][=C][C][=C][Ring1][=Branch1][Ring1][=N][=C][C][=C][C][=Branch1][Branch1][=C][Ring2][Ring1][O][C][Ring2][Ring1][#Branch2][=C][Ring2][Ring1][Branch2][Ring1][#Branch1],6.5788,1,train
[C][C][O][C][=Branch1][C][=O][C][N][C][=Branch1][C][=O][C][=C][Branch1][=N][C][=C][C][=C][Branch1][Ring1][C][#N][C][=C][Ring1][Branch2][N][Branch1][=Branch2][C][C][=Branch1][C][=O][O][C][C][C][=Branch1][C][=O][C][Ring2][Ring1][Ring2][=C][Ring2][Ring1][Branch2][C][=C][C][=C][Branch1][Ring1][C][#N][C][=C][Ring1][Branch2],7.8671,1,train
[O][=C][C][=C][C][=C][C][=C][Ring1][=Branch1][C][=C][C][=C][Branch1][S][N][C][=N][C][Branch1][C][Cl][=N][C][Branch1][C][Cl][=N][Ring1][Branch2][C][=C][C][=C][C][Ring2][Ring1][=Branch2][=C][Ring2][Ring1][Ring1][Ring1][=Branch1],7.5983,1,train
[C][O][C][=C][C][Branch1][Ring1][O][C][=C][C][=C][Branch1][Branch2][NH1][C][Ring1][Branch1][=C][Ring1][O][C][=Branch1][C][=O][C][C][C][Ring1][#Branch2],7.3778,1,train
[C][C][N][C][=C][C][=C][C][Branch1][=Branch2][C][Branch1][C][F][Branch1][C][F][F][=C][C][=Branch1][C][=O][O][C][Ring1][O][=C][Ring1][#C],8.3808,1,train
[O][=C][C][C][=Branch1][C][=O][N][C][=C][C][Branch1][C][Cl][=C][C][=C][Ring1][#Branch1][N][Ring1][=N],8.3823,1,train
[C][C][N][C][=C][C][=C][C][Branch1][=Branch2][C][Branch1][C][F][Branch1][C][F][F][=C][C][=Branch1][C][=O][O][C][Ring1][O][=C][Ring1][#C],8.3808,1,train
[C][=C][N][Branch2][Ring1][N][C][=N][C][=C][C][=C][C][=C][Ring1][=Branch1][N][Ring1][=Branch2][C][=C][C][=C][C][=C][C][=N][C][Ring1][=Branch1][=N][Ring1][#Branch2][C][=C][C][=C][Branch1][#C][C][=C][N][=C][C][=N][C][=C][N][=C][Ring1][#Branch2][Ring1][=Branch1][C][=C][Ring1][S][S][Ring2][Ring2][#Branch1],6.3491,1,train
[C][C][=C][N][Branch1][=Branch2][C][Branch1][C][F][Branch1][C][F][F][C][=Branch1][C][=O][NH1][C][Ring1][O][=O],9.8381,1,train
[C][C][Branch1][C][C][C][C][C][=C][Branch2][Ring2][#C][C][=C][C][=C][C][=C][Ring1][=Branch1][C][=N][C][=C][C][=Branch2][Ring1][Ring1][=C][C][=C][C][=C][C][Ring1][=Branch1][=C][Ring1][#Branch2][N][=C][Ring2][Ring1][=Branch1][Ring1][=C][O][C][Branch1][C][C][Branch1][C][C][C][C][Ring1][P][O][Ring2][Ring1][P],6.3579,1,train
[C][O][C][=C][C][Branch2][Ring1][=Branch1][C][=C][C][=C][C][=Branch1][Ring2][=C][Ring1][=Branch1][C][C][C][N][Ring1][#Branch1][C][C][C][Ring1][O][=N][C][Branch2][Ring1][=Branch2][C][=C][C][=C][NH1][C][C][=C][C][=C][C][=C][Ring1][=Branch1][NH1][C][=Ring1][=Branch2][C][Ring1][N][=C][Ring1][S][=N][Ring2][Ring2][Ring1],5.995,1,train
[N][#C][C][=C][C][=C][C][Branch1][Ring1][C][#N][=C][Ring1][Branch2][N],8.9239,1,train
[C][C][C][=C][Branch1][#Branch1][C][=Branch1][C][=O][O][C][C][Branch1][#Branch1][C][=Branch1][C][=O][O][C][=C][C][=C][C][Branch1][=Branch2][C][=C][C][=C][C][=C][Ring1][=Branch1][=N][N][Ring2][Ring1][#Branch1][Ring1][N],7.7201,1,train
[C][=C][Branch2][Ring1][=C][C][=C][C][=C][NH1][C][=N][C][=C][Branch1][Branch2][C][=C][NH1][C][=N][Ring1][Branch1][C][=C][Ring1][O][C][Ring1][=C][=C][Ring2][Ring1][C][N][Branch1][#C][C][=C][C][=C][C][=N][C][=C][C][=C][Ring1][#Branch2][Ring1][=Branch1][C][=C][C][=C][C][=C][Ring1][=Branch1][S][Ring2][Ring2][=Branch1],6.0133,1,train
[C][=C][C][=C][Branch2][Ring2][S][N][Branch1][=C][C][C][=C][N][C][=C][C][=C][C][=Ring1][=Branch2][Ring1][=Branch1][N][C][=C][C][=C][C][=C][Ring1][=Branch1][O][C][=C][C][Branch1][=Branch2][C][=C][N][=C][C][=N][Ring1][=Branch1][=C][C][=C][Ring1][N][Ring2][Ring1][Ring2][C][=C][Ring2][Ring2][Ring2],6.0345,1,train
[C][C][=C][C][=C][C][=C][C][=Branch1][C][=O][N][Branch1][C][C][C][=Branch1][C][=O][N][Branch1][C][C][C][Ring1][#Branch2][=N][C][Ring1][=C][=C][Ring2][Ring1][C],8.0057,1,train
[N][C][=C][C][=N][C][=C][Ring1][=Branch1],8.4185,1,train
[C][O][C][=C][C][=C][Branch2][Ring1][C][C][=C][S][C][Branch1][=Branch2][C][=C][C][=N][C][=C][Ring1][=Branch1][=N][Ring1][O][C][=C][Ring1][P],7.2653,1,train
[C][C][C][C][C][C][N][Branch1][#Branch1][C][C][C][C][C][C][C][=C][C][=C][Branch2][Ring1][=N][C][#C][C][=C][C][=C][Branch1][S][N][Branch1][#Branch1][C][C][C][C][C][C][C][C][C][C][C][C][C][=C][Ring2][Ring1][Ring1][C][=C][Ring2][Ring1][O],5.8217,1,train
[C][O][C][=N][N][=C][Branch1][C][Cl][N][=N][Ring1][#Branch1],8.9753,1,train
[C][O][C][C][=N][C][=C][Branch2][Ring2][Branch1][C][=C][C][=C][C][=C][C][Ring1][=Branch1][=C][Branch1][=C][C][=C][N][=C][Branch1][Ring2][C][O][C][N][=C][Ring1][=Branch2][C][=C][C][=C][C][=C][Ring2][Ring1][#Branch1][Ring1][=Branch1][C][=N][Ring2][Ring1][=N],6.8639,1,train
[N][#C][C][=C][C][=C][Branch1][C][N][C][=N][O][N][=C][Ring1][#Branch2][Ring1][Branch1],9.1886,1,train
[C][#C][C][=C][C][=C][C][=C][C][=C][C][=C][Ring1][#Branch2][Ring1][=Branch1],7.7235,1,train
[C][=C][S][C][Branch1][P][C][=C][C][=C][Branch1][Branch2][C][=C][C][=C][S][Ring1][Branch1][S][Ring1][#Branch2][=C][Ring1][#C],7.0788,1,train
[C][C][=C][N][Branch1][=Branch2][C][Branch1][C][F][Branch1][C][F][F][C][=Branch1][C][=O][NH1][C][Ring1][O][=O],9.8381,1,train
[N][#C][C][=C][C][=C][C][Branch1][Ring1][C][#N][=C][Ring1][Branch2][N],8.9239,1,train
[C][C][=C][C][Branch2][Ring2][=Branch2][C][Branch2][Ring1][C][C][=C][C][Branch1][C][C][=C][Branch1][C][O][C][Branch1][C][Br][=C][Ring1][=Branch2][O][S][=Branch1][C][=O][=Branch1][C][=O][C][=C][C][=C][C][=C][Ring1][=Branch1][Ring2][Ring1][Ring2][=C][C][Branch1][C][Br][=C][Ring2][Ring1][O][O],7.8741,1,train
[O][=C][C][=C][C][Branch1][=Branch2][N][C][C][C][C][C][Ring1][=Branch1][=C][C][=C][C][=C][Branch1][=Branch2][N][C][C][C][C][C][Ring1][=Branch1][C][=C][Branch1][=Branch2][N][C][C][C][C][C][Ring1][=Branch1][C][=C][C][=C][Ring2][Ring1][S][C][Ring2][Ring1][Branch2][=C][Ring1][=Branch1][Ring2][Ring1][=Branch1],6.022,1,train
[C][=C][S][C][Branch2][Ring1][#Branch1][C][=C][N][=C][Branch1][Branch2][C][=C][C][=C][S][Ring1][Branch1][C][=N][O][N][=C][Ring1][=C][Ring1][Branch1][=C][Ring2][Ring1][Ring1],7.5661,1,train
[O][=C][C][=C][C][Branch1][=Branch2][N][C][C][C][C][C][Ring1][=Branch1][=C][C][=C][C][=C][Branch1][=Branch2][N][C][C][C][C][C][Ring1][=Branch1][C][=C][Branch1][=Branch2][N][C][C][C][C][C][Ring1][=Branch1][C][=C][C][=C][Ring2][Ring1][S][C][Ring2][Ring1][Branch2][=C][Ring1][=Branch1][Ring2][Ring1][=Branch1],6.022,1,train
[O][=C][C][=C][Branch1][=N][N][C][=C][C][=C][Branch1][C][F][C][=C][Ring1][#Branch1][C][=Branch1][C][=O][C][=C][C][=C][C][=C][Ring1][=Branch1][Ring2][Ring1][Ring1],7.8773,1,train
[C][C][=C][N][Branch1][=Branch2][C][Branch1][C][F][Branch1][C][F][F][C][=Branch1][C][=O][NH1][C][Ring1][O][=O],9.8381,1,train
[C][C][C][C][N][C][=Branch1][C][=O][C][=C][C][=C][C][=C][Branch1][=Branch1][N][Branch1][C][C][C][C][=C][C][=Branch1][=Branch1][=C][Ring1][=N][Ring1][=Branch2][C][Ring1][P][=O],7.5213,1,train
[N][#C][C][=C][C][Branch2][Ring1][Branch1][N][C][=C][C][=C][C][=C][Ring1][=Branch1][O][C][=C][C][=C][C][=C][Ring1][=Branch1][Ring1][=C][=C][Branch2][Ring1][Branch1][N][C][=C][C][=C][C][=C][Ring1][=Branch1][O][C][=C][C][=C][C][=C][Ring1][=Branch1][Ring1][=C][C][=C][Ring2][Ring2][C][C][#N],6.5573,1,train
[N][#C][C][=C][C][Branch2][Ring1][Branch1][C][#C][C][=C][Branch1][C][F][C][Branch1][C][F][=N][C][Branch1][C][F][=C][Ring1][=Branch2][F][=C][Branch2][Ring1][Branch1][C][#C][C][=C][Branch1][C][F][C][Branch1][C][F][=N][C][Branch1][C][F][=C][Ring1][=Branch2][F][C][=C][Ring2][Ring1][=C][C][#N],9.2038,1,train
[N][C][=C][C][=C][C][Branch1][=Branch2][C][Branch1][C][F][Branch1][C][F][F][=C][C][=Branch1][C][=O][O][C][Ring1][O][=C][Ring1][#C],8.8053,1,train
[N][C][=C][C][=C][Branch2][Ring2][=N][C][#C][C][=C][C][=C][C][=C][C][=C][C][=C][Branch1][=C][C][#C][C][=C][C][=C][Branch1][C][N][C][=C][Ring1][#Branch1][C][=C][C][=C][Ring2][Ring1][#Branch1][C][Ring2][Ring1][Branch1][=C][Ring2][Ring1][Ring1][Ring1][=Branch1][C][=C][Ring2][Ring1][P],6.1271,1,train
[O][=C][C][=C][NH1][C][=Branch1][C][=O][NH1][Ring1][#Branch1],9.7209,1,train
[C][O][C][=Branch1][C][=O][C][=C][C][=Branch1][C][=O][N][Branch1][C][C][C][C][=C][Branch2][Ring1][=Branch1][C][=C][C][=C][C][=Branch1][Ring2][=C][Ring1][=Branch1][C][C][C][N][Ring1][#Branch1][C][C][C][Ring1][O][S][C][Ring2][Ring1][Branch2][=Ring2][Ring1][C],6.5872,1,train
[C][O][C][=C][C][Branch2][Ring1][=Branch1][C][=C][C][=C][C][=Branch1][Ring2][=C][Ring1][=Branch1][C][C][C][N][Ring1][#Branch1][C][C][C][Ring1][O][=N][C][Branch2][Ring1][=Branch2][C][=C][C][=C][NH1][C][C][=C][C][=C][C][=C][Ring1][=Branch1][NH1][C][=Ring1][=Branch2][C][Ring1][N][=C][Ring1][S][=N][Ring2][Ring2][Ring1],5.995,1,train
[O][=C][NH1][C][=C][C][=C][C][=C][Ring1][=Branch1][NH1][Ring1][=Branch2],8.3192,1,train
[N][#C][C][=C][C][=C][Branch1][C][N][C][=C][Ring1][#Branch1][C][#N],8.8376,1,train
[C][=C][N][Branch2][Ring2][#C][C][=C][C][=C][NH1][C][=C][C][=C][Branch2][Ring1][=Branch1][C][=N][C][=C][C][=C][C][=C][Ring1][=Branch1][N][=C][Ring1][#Branch2][C][=C][C][=C][S][Ring1][Branch1][C][=C][Ring2][Ring1][Branch1][C][Ring2][Ring1][Branch2][=C][Ring2][Ring1][N][C][=C][C][=C][C][=C][Ring1][=Branch1][O][Ring2][Ring2][=Branch1],5.8955,1,train
[N][#C][C][N][=N][N][Branch2][Ring1][C][C][=C][C][=N][C][=C][C][Branch1][C][Cl][=C][C][=C][Ring1][O][Ring1][#Branch1][C][=Ring1][S][N],8.1325,1,train
[C][C][Branch1][C][C][O][C][=C][Branch2][Ring1][#Branch2][C][=N][C][=C][C][=C][C][=C][Ring1][=Branch1][N][=C][Ring1][#Branch2][C][=C][C][=C][C][=C][Ring2][Ring1][C][Ring1][=Branch1][C][C][Ring2][Ring1][#Branch1][Br],6.9884,1,train
[C][C][C][C][C][C][C][C][N][C][=C][C][=C][Branch1][#C][C][#C][C][=C][C][=C][Branch1][Ring1][O][C][C][=C][Ring1][Branch2][C][=C][Ring1][S][S][C][=C][C][Branch1][Ring1][C][=O][=C][C][=C][Ring1][Branch2][Ring2][Ring1][#Branch2],6.466,1,train
[C][C][Branch1][C][C][Branch1][C][C][C][N][C][=C][C][=C][C][=C][Ring1][=Branch1][C][=Branch1][C][=O][N][Ring1][O][C][C][=C][C][=C][C][=C][Ring1][=Branch1],7.2489,1,train
[O][=C][C][=C][C][=C][C][=C][C][=C][C][=C][C][=C][C][=C][Ring1][=C][C][Ring1][N][=C][Ring1][#Branch2][Ring1][=Branch1],7.5023,1,train
[C][C][C][C][N][C][=C][C][=C][Branch1][Ring1][C][#N][C][=C][Ring1][Branch2][C][=C][C][Branch1][Ring1][C][#N][=C][C][=C][Ring1][Branch2][Ring1][P],7.8683,1,train
[N][C][=C][C][Branch1][C][N][=C][C][Branch1][=C][C][=N][C][=C][C][=C][C][=C][Ring1][=Branch1][S][Ring1][=Branch2][=C][Ring1][S],7.1359,1,train
[C][C][N][Branch1][Ring1][C][C][C][=C][C][=C][Branch2][Ring1][=Branch1][C][=C][C][=N][C][=N][C][=C][C][=C][C][=C][Ring1][=Branch1][N][=C][Ring1][#Branch2][S][Ring1][=N][C][Branch1][Ring1][O][C][=C][Ring2][Ring1][#Branch1],6.4136,1,train
[C][O][C][=N][C][Branch2][Ring1][S][N][C][=C][C][=C][C][=C][Branch1][=Branch2][C][=C][C][=C][Ring1][#Branch2][Ring1][=Branch1][C][=Branch1][C][=O][C][=C][C][=C][C][=C][Ring1][=Branch1][Ring1][#C][=N][C][Branch1][Ring1][O][C][=N][Ring2][Ring1][O],7.2214,1,train
[C][C][N][Branch1][Ring1][C][C][C][=C][C][=C][C][=C][Branch1][=C][C][=C][N][C][=C][C][=C][C][Ring1][=Branch1][=N][Ring1][=Branch2][C][=Branch1][C][=O][O][C][Ring1][S][=C][Ring2][Ring1][Ring2],6.7172,1,train
[O][=C][Branch1][C][O][C][C][C][C][C][N][C][=C][C][=C][C][=C][Ring1][=Branch1][C][=Branch1][C][=O][C][=C][C][Branch1][=Branch2][S][=Branch1][C][=O][=Branch1][C][=O][O][=C][C][=C][Ring1][#Branch2][Ring2][Ring1][Ring1],7.7441,1,train
[C][O][C][=C][Branch1][S][C][=C][C][=C][Branch1][=Branch1][N][Branch1][C][C][C][C][=C][Ring1][=Branch2][O][C][=C][C][=C][C][=C][Ring1][=Branch1][C][Ring2][Ring1][Ring1][=O],6.8044,1,train
[N][C][=C][C][=C][C][=Branch1][Ring2][=C][Ring1][=Branch1][C][=Branch1][C][=O][N][C][Ring1][#Branch1][=O],8.6236,1,train
[N][C][=C][C][=C][C][Branch1][=Branch2][C][Branch1][C][F][Branch1][C][F][F][=C][C][=Branch1][C][=O][O][C][Ring1][O][=C][Ring1][#C],8.8053,1,train
[C][C][O][C][=Branch1][C][=O][C][N][C][=Branch1][C][=O][C][=C][Branch1][=N][C][=C][C][=C][Branch1][Ring1][C][#N][C][=C][Ring1][Branch2][N][Branch1][=Branch2][C][C][=Branch1][C][=O][O][C][C][C][=Branch1][C][=O][C][Ring2][Ring1][Ring2][=C][Ring2][Ring1][Branch2][C][=C][C][=C][Branch1][Ring1][C][#N][C][=C][Ring1][Branch2],7.8671,1,train
[C][N][C][=C][Branch1][Ring1][C][#N][C][Branch1][Ring1][C][#N][=C][Branch1][Branch2][C][C][=C][S][C][=Ring1][Branch1][C][Branch1][Ring1][C][#N][=C][Ring1][P][C][#N],8.4841,1,train
[O][=C][C][=C][NH1][C][=Branch1][C][=O][NH1][Ring1][#Branch1],9.7209,1,train
[C][C][=C][N][Branch1][=Branch2][C][Branch1][C][F][Branch1][C][F][F][C][=Branch1][C][=O][NH1][C][Ring1][O][=O],9.8381,1,train
[C][C][C][C][C][C][N][Branch1][#Branch1][C][C][C][C][C][C][C][=C][C][=C][Branch2][Ring1][Branch1][C][#C][C][=C][C][=C][Branch1][=Branch2][C][Branch1][C][F][Branch1][C][F][F][C][=C][Ring1][#Branch2][C][=C][Ring2][Ring1][C],7.2595,1,train
[O][=C][C][=C][C][=C][C][=C][Ring1][=Branch1][C][=Branch1][C][=O][C][=C][C][Branch2][Ring1][S][C][=C][C][=C][Branch2][Ring1][Ring2][N][Branch1][=Branch2][C][=C][C][=C][C][=C][Ring1][=Branch1][C][=C][C][=C][C][=C][Ring1][=Branch1][C][=C][Ring2][Ring1][Ring1][=C][C][=C][Ring2][Ring1][=Branch2][Ring2][Ring2][C],6.6713,1,train
[N][#C][C][=C][C][=C][Branch1][C][N][C][Branch1][Ring1][C][#N][=C][Ring1][=Branch2],8.8701,1,train
[C][=C][Branch2][Ring2][=C][C][=N][C][=C][Branch1][Branch2][C][=C][NH1][C][=N][Ring1][Branch1][C][=C][C][=C][Ring1][O][N][=C][Ring1][#C][C][=C][C][=C][C][=Branch1][Ring2][=C][Ring1][=Branch1][O][C][=C][C][=C][C][=C][Ring1][=Branch1][N][Ring1][O][N][C][=C][C][=C][C][=C][Ring1][=Branch1][S][Ring2][Ring2][#Branch1],5.8109,1,train
[C][C][=C][N][Branch1][=Branch2][C][Branch1][C][F][Branch1][C][F][F][C][=Branch1][C][=O][NH1][C][Ring1][O][=O],9.8381,1,train
[C][N][Branch1][C][C][C][=C][C][=C][N][=C][Branch2][Ring1][Branch2][C][=C][C][=C][Branch1][=C][C][=Branch1][C][=O][O][C][Branch1][C][C][Branch1][C][C][C][C][=C][Ring1][=N][S][C][Ring2][Ring1][C][=C][Ring2][Ring1][=Branch1],6.8787,1,train
[O][=C][Branch1][C][O][C][=C][C][=C][C][=C][Ring1][=Branch1],9.3416,1,train
[C][C][=Branch1][C][=O][C][=C][C][=Branch2][Ring1][Ring1][=C][C][=C][C][=C][Branch1][=Branch1][N][Branch1][C][C][C][C][=C][Ring1][=N][Ring1][=Branch2][C][C][C][Ring1][#C],6.7832,1,train
[C][O][C][=C][C][=C][Branch2][Ring1][=C][C][=C][C][Branch1][N][C][=C][C][=C][Branch1][C][C][C][=C][Ring1][#Branch1][=C][Branch1][Ring1][C][#N][C][Branch1][Ring1][O][C][=N][Ring1][P][C][=C][Ring2][Ring1][#Branch1],7.4031,1,train
[C][N][Branch1][C][C][C][=C][C][=C][Branch2][Ring1][Branch1][C][=C][C][=C][C][=Branch1][C][=O][C][Branch1][C][O][=C][O][C][Ring1][Branch2][=C][Ring1][N][C][=C][Ring2][Ring1][C],6.9805,1,train
[N][#C][C][=C][O][C][=C][C][=C][C][=C][Ring1][=Branch1][C][Ring1][#Branch2][=O],8.9873,1,train
[O][=C][NH1][C][=C][C][=C][C][=C][Ring1][=Branch1][NH1][Ring1][=Branch2],8.3192,1,train
[O][=C][C][=C][C][Branch1][=Branch2][S][=Branch1][C][=O][=Branch1][C][=O][Cl][=C][C][=C][Ring1][#Branch2][NH1][C][=C][C][=C][Branch1][=Branch2][S][=Branch1][C][=O][=Branch1][C][=O][Cl][C][=C][Ring2][Ring1][=Branch1][Ring1][#Branch2],8.8376,1,train
[C][=C][Branch2][Ring1][#C][C][=C][C][=C][O][C][=C][C][=C][Branch1][=Branch2][C][=C][N][=C][C][=N][Ring1][=Branch1][C][=C][Ring1][N][C][Ring1][#C][=C][Ring2][Ring1][Ring1][N][C][=C][C][=C][Branch1][=C][C][=C][C][=C][C][=C][C][=C][Ring1][=Branch1][S][Ring1][=Branch2][C][=C][Ring1][#C][S][Ring2][Ring2][=Branch1],6.0248,1,train
[C][O][C][=C][C][=C][Branch2][Branch1][Ring1][C][#C][C][=C][C][=C][Branch2][Ring2][Branch1][C][#C][C][=C][C][=C][Branch2][Ring1][#Branch1][P][=Branch1][C][=O][Branch1][=Branch2][C][=C][C][=C][C][=C][Ring1][=Branch1][C][=C][C][=C][C][=C][Ring1][=Branch1][C][=C][Ring2][Ring1][Ring2][C][=C][Ring2][Ring1][N][C][=C][Ring2][Ring2][Ring2],6.878,1,train
[O][=C][C][=C][NH1][C][=Branch1][C][=O][NH1][Ring1][#Branch1],9.7209,1,train
[N][#C][C][=C][Branch1][Ring1][C][#N][C][Branch1][Ring1][C][#N][=C][Branch2][Ring2][Branch1][C][=N][C][=N][C][Branch1][=Branch2][C][Branch1][C][F][Branch1][C][F][F][=N][C][=N][C][Branch1][Ring1][C][=O][=N][C][=Branch1][Branch1][=N][Ring2][Ring1][C][N][Ring1][=Branch2][Ring1][P][C][Branch1][Ring1][C][#N][=C][Ring2][Ring1][#C][C][#N],9.4712,1,train
[N][#C][C][=C][C][=C][Branch1][C][N][C][=C][Ring1][#Branch1],8.4747,1,train
[N][#C][C][Branch1][Ring1][C][#N][=C][C][=C][C][=C][C][=Branch1][Ring2][=C][Ring1][=Branch1][NH1][C][=C][C][=C][C][=C][C][Ring1][=Branch1][=C][C][=C][Ring1][=C][Ring1][#Branch2],7.3619,1,train
[C][O][C][=C][Branch1][C][F][C][Branch1][C][F][=C][Branch2][Ring2][Branch1][C][=C][C][=C][NH1][C][C][=C][C][Branch1][=Branch2][C][=C][N][=C][C][=N][Ring1][=Branch1][=C][C][=C][Ring1][N][S][C][=Ring1][#C][C][Ring2][Ring1][C][=C][Ring2][Ring1][=Branch1][C][Branch1][C][F][=C][Ring2][Ring1][#C][F],6.9111,1,train
[C][C][C][C][=Branch1][C][=O][C][=C][C][=Branch2][Ring2][Ring2][=C][Branch1][Branch2][C][=Branch1][C][=O][C][C][C][C][=C][Ring1][O][O][C][Branch1][Branch2][C][C][=Branch1][C][=O][O][C][Branch1][=Branch1][C][=Branch1][C][=O][O][O][Ring1][=N][O][C][O][Ring2][Ring1][Branch2],7.8098,1,train
[C][N][Branch1][C][C][C][C][N][C][C][=C][C][=C][C][=C][C][Ring1][=Branch1][=C][C][=C][C][=C][C][=C][Ring1][=C][Ring1][=Branch1],6.489,1,train
[C][C][C][C][N][C][=C][C][=C][C][=C][Ring1][=Branch1][C][=C][C][=C][C][=C][C][Branch2][Ring1][Ring1][C][=C][C][=C][Branch1][=Branch2][C][Branch1][C][F][Branch1][C][F][F][C][=C][Ring1][#Branch2][=C][C][=C][Ring1][S][N][Branch1][Branch1][C][C][C][C][C][Ring2][Ring1][#Branch1][=C][Ring2][Ring1][O][Ring2][Ring2][C],6.4363,1,train
[N][#C][C][=C][C][=C][Branch1][C][N][C][=C][Ring1][#Branch1],8.4747,1,train
[C][S][C][=C][C][=C][C][=Branch1][Ring2][=C][Ring1][=Branch1][N][Branch1][S][C][C][C][N][C][C][N][Branch1][C][C][C][N][Ring1][#Branch1][C][C][=C][C][=C][C][=C][Ring1][=Branch1][S][Ring2][Ring1][=Branch1],6.0962,1,train
[C][O][C][=C][C][=C][C][O][C][Branch2][Ring1][Ring2][C][=C][C][=C][Branch1][Ring1][O][C][C][=C][C][=C][Ring1][Branch2][O][C][Ring1][N][=O][=C][C][Ring2][Ring1][=Branch1][=Ring2][Ring1][C],7.1084,1,train
[O][=C][O][C][=C][C][=C][C][=C][Ring1][=Branch1][C][=C][Ring1][#Branch2][C][=C][C][=C][Branch1][S][C][=C][C][=C][C][=C][C][=C][Ring1][=Branch1][O][C][Ring1][#Branch2][=O][C][=C][Ring1][P],7.6597,1,train
[C][C][=C][C][=C][Branch1][C][C][N][Ring1][=Branch1][C][=C][C][=C][C][Branch1][Ring1][C][#N][=C][Ring1][Branch2],7.5956,1,train
[C][C][=C][N][Branch1][=Branch2][C][Branch1][C][F][Branch1][C][F][F][C][=Branch1][C][=O][NH1][C][Ring1][O][=O],9.8381,1,train
[C][S][C][C][=C][Branch2][Ring1][=N][C][=C][C][=C][C][=C][C][=Branch1][=Branch2][=C][Ring1][=Branch1][O][C][Ring1][#Branch2][=O][C][C][C][N][Ring1][#Branch2][C][C][C][Ring1][=C][O][C][=Branch1][C][=O][C][=Ring2][Ring1][=Branch2][C][#N],7.1576,1,train
[N][#C][C][=C][C][=C][C][NH1][C][=C][C][Ring1][=Branch2][=Ring1][Branch1],8.2316,1,train
[N][C][=C][C][=C][C][Branch1][=Branch2][C][Branch1][C][F][Branch1][C][F][F][=C][C][=Branch1][C][=O][O][C][Ring1][O][=C][Ring1][#C],8.8053,1,train
[N][#C][C][=C][Branch1][Ring1][C][#N][C][Branch1][Ring1][C][#N][=C][Branch2][Ring2][Branch1][C][=N][C][=N][C][Branch1][=Branch2][C][Branch1][C][F][Branch1][C][F][F][=N][C][=N][C][Branch1][Ring1][C][=O][=N][C][=Branch1][Branch1][=N][Ring2][Ring1][C][N][Ring1][=Branch2][Ring1][P][C][Branch1][Ring1][C][#N][=C][Ring2][Ring1][#C][C][#N],9.4712,1,train
[C][C][=C][Branch2][Ring2][=C][N][C][=C][C][=C][C][=C][Ring1][=Branch1][O][C][=C][C][Branch2][Ring1][Branch1][C][=C][C][=N][C][=C][Ring1][=Branch1][C][=C][C][=C][C][=C][N][=C][Ring1][=Branch1][Ring1][#Branch2][=C][C][=C][Ring2][Ring1][Ring2][Ring2][Ring1][N][C][=C][C][=C][C][=C][N][Ring2][Ring2][Branch1][Ring1][=Branch1],6.1096,1,train
[N][C][=C][C][=C][C][=Branch1][Ring2][=C][Ring1][=Branch1][C][=Branch1][C][=O][N][C][Ring1][#Branch1][=O],8.6236,1,train
[C][C][Branch1][C][C][N][C][=C][C][Branch1][C][Cl][=C][C][=C][Ring1][#Branch1][C][NH1][C][=C][C][=C][C][=C][Ring1][=Branch1][C][=Branch1][C][=O][C][=Ring1][O][Ring2][Ring1][Branch1],7.0706,1,train
[N][C][=C][C][=C][C][=N][C][Branch2][Ring2][N][C][=C][N][=C][C][=Branch1][Ring2][=C][Ring1][=Branch1][C][=C][C][=C][C][=C][Ring1][=Branch1][N][Ring1][#Branch2][C][=C][C][=C][C][=Branch1][Ring2][=C][Ring1][=Branch1][O][C][=C][C][=C][C][=C][Ring1][=Branch1][N][Ring1][O][=C][N][=C][Ring2][Ring2][Branch1][Ring2][Ring1][P],6.107,1,train
[F][C][=N][C][Branch1][C][F][=C][Branch1][C][F][C][Branch2][Ring1][#C][C][#C][C][=N][C][=C][N][=C][Ring1][=Branch1][C][#C][C][=C][Branch1][C][F][C][Branch1][C][F][=N][C][Branch1][C][F][=C][Ring1][=Branch2][F][=C][Ring2][Ring1][N][F],8.6537,1,train
[C][O][C][=C][C][=C][Branch2][Ring1][N][C][=C][C][Branch1][=Branch2][C][=C][C][=C][C][=C][Ring1][=Branch1][=C][Branch1][=Branch2][C][=C][C][=C][C][=C][Ring1][=Branch1][C][Ring1][P][C][=C][C][=C][C][=C][Ring2][Ring1][O][Ring1][=Branch1],6.5435,1,train
[N][C][=C][C][=C][C][Branch1][=Branch2][C][Branch1][C][F][Branch1][C][F][F][=C][C][=Branch1][C][=O][O][C][Ring1][O][=C][Ring1][#C],8.8053,1,train
[N][#C][C][=C][Branch1][Branch2][C][=C][C][=C][S][Ring1][Branch1][C][=C][Branch1][Branch2][C][=C][C][=C][S][Ring1][Branch1][NH1][C][Ring1][S][=O],7.9701,1,train
[C][C][C][C][N][C][=Branch1][C][=O][C][=C][C][=C][C][=C][Branch1][=Branch1][N][Branch1][C][C][C][C][=C][C][=Branch1][=Branch1][=C][Ring1][=N][Ring1][=Branch2][C][Ring1][P][=O],7.5213,1,train
[C][=C][C][=C][Branch2][Ring1][Ring1][C][=C][C][=C][Branch1][=Branch2][C][=C][C][=C][C][=C][Ring1][=Branch1][C][=C][Ring1][N][C][=C][Ring2][Ring1][C],7.5146,1,train
[C][#Branch1][S][#C][C][=N][C][=N][C][=C][C][=C][C][=C][Ring1][#Branch2][Ring1][=Branch1][C][=C][C][=C][Branch2][Ring1][Ring2][N][Branch1][=Branch2][C][=C][C][=C][C][=C][Ring1][=Branch1][C][=C][C][=C][C][=C][Ring1][=Branch1][C][=C][Ring2][Ring1][Ring1],6.5055,1,train
[O][=C][C][=C][NH1][C][=Branch1][C][=O][NH1][Ring1][#Branch1],9.7209,1,train
[C][N][C][C][N][Branch2][Ring1][#C][C][=C][C][=C][C][=C][Branch1][=Branch2][C][=C][C][=C][Ring1][#Branch2][Ring1][=Branch1][C][=Branch1][C][=O][C][=C][C][=C][C][=C][Ring1][=Branch1][Ring1][#C][C][C][Ring2][Ring1][Branch2],6.8069,1,train
[C][#Branch1][#Branch2][#C][C][=C][C][=C][C][=C][Ring1][=Branch1][C][=C][C][=C][C][=C][Ring1][=Branch1],7.8693,1,train
[O][=C][C][=C][C][=C][C][=C][Ring1][=Branch1][C][=Branch1][C][=O][N][Ring1][#Branch2][C][=C][C][=C][Branch1][=Branch2][C][N][C][=N][C][=N][Ring1][Branch1][C][=C][Ring1][N],8.0295,1,train
[C][C][=C][C][=C][C][N][=C][C][=Branch1][C][=O][N][Branch1][C][C][C][=Branch1][C][=O][N][=C][Ring1][=Branch2][N][Branch1][C][C][C][Ring2][Ring1][C][=Ring1][=C],7.9453,1,train
[O][=C][C][=C][NH1][C][=Branch1][C][=O][NH1][Ring1][#Branch1],9.7209,1,train
[C][C][N][Branch1][Ring1][C][C][C][=C][C][=C][Branch2][Ring1][=Branch1][C][=C][C][=N][C][=N][C][=C][C][=C][C][=C][Ring1][=Branch1][N][=C][Ring1][#Branch2][S][Ring1][=N][C][Branch1][Ring1][O][C][=C][Ring2][Ring1][#Branch1],6.4377,1,train
[F][C][Branch1][C][F][Branch1][C][F][C][Branch1][C][F][Branch1][C][F][C][Branch1][C][F][Branch1][C][F][C][Branch1][C][F][Branch1][C][F][C][Branch1][C][F][Branch1][C][F][C][Branch1][C][F][Branch1][C][F][C][C][O][C][=N][N][=C][Branch1][C][Cl][N][=N][Ring1][#Branch1],9.2088,1,train
[Cl][C][=C][C][Branch1][C][Cl][=C][Branch1][C][Cl][C][Branch2][Ring2][=Branch1][C][=C][C][=C][C][Branch1][#C][C][=C][C][=C][C][=C][C][=C][C][Ring1][=Branch1][=C][Ring1][#Branch2][=C][Ring1][S][C][=N][C][=C][N][N][=C][N][=C][Ring1][=Branch2][Ring1][Branch1][=C][Ring2][Ring1][P][Cl],7.2986,1,train
[C][C][Branch1][C][C][C][=C][C][Branch1][Ring1][C][=O][=C][C][=C][Ring1][Branch2][N][C][=C][C][=C][Branch2][Ring1][=Branch1][C][=C][C][=C][C][=C][O][C][=C][C][=C][C][=C][Ring1][=Branch1][C][Ring1][=Branch2][=C][Ring1][=N][C][=C][Ring2][Ring1][Branch1][Ring2][Ring1][S],6.6311,1,train
[C][S][C][S][C][Branch1][=Branch1][C][Branch1][C][C][=O][=C][N][=N][NH1][C][=Branch1][C][=O][C][=Ring1][=N][Ring1][#Branch1],7.97,1,train
[C][=C][C][=C][Branch2][Ring2][#C][N][C][=C][C][=C][Branch2][Ring2][C][C][=C][N][=C][Branch2][Ring1][#Branch1][C][=C][C][=C][C][=C][Ring1][=Branch1][C][=C][N][=C][C][=C][C][=C][C][Ring1][=Branch1][=N][Ring1][#Branch2][O][Ring2][Ring1][Branch1][C][=C][Ring2][Ring1][O][C][=C][Ring2][Ring2][C],6.5083,1,train
[C][O][C][=C][C][=C][Branch1][#C][C][#C][C][=C][C][=C][Branch1][Ring1][C][#N][C][=C][Ring1][Branch2][C][=C][Ring1][S][O][C],7.4095,1,train
[O][=C][C][=C][NH1][C][=Branch1][C][=O][NH1][Ring1][#Branch1],9.7209,1,train
[C][N][Branch1][C][C][C][=C][C][=C][Branch1][=C][C][=Branch1][C][=O][N][C][=C][C][=C][C][=C][Ring1][=Branch1][C][=C][Ring1][#C],6.9763,1,train
[N][#C][C][=C][C][=C][C][Branch1][C][N][=C][Ring1][#Branch1][C][#N],8.8725,1,train
[C][#C][C][=C][C][=C][C][=Branch1][Ring2][=C][Ring1][=Branch1][C][=C][Branch1][=Branch2][C][=N][C][=N][C][=N][Ring1][=Branch1][C][=C][C][Branch2][Ring1][#Branch2][C][=C][C][=C][C][=Branch1][Ring2][=C][Ring1][=Branch1][C][=C][C][=C][C][=C][Ring1][=Branch1][S][Ring1][#Branch2][=Branch1][C][=O][=O][=C][C][=C][Ring2][Ring1][Branch1][Ring2][Ring1][S],7.3013,1,train
[F][C][Branch1][C][F][Branch1][C][F][C][Branch1][C][F][Branch1][C][F][C][Branch1][C][F][Branch1][C][F][C][Branch1][C][F][Branch1][C][F][C][Branch1][C][F][Branch1][C][F][C][Branch1][C][F][Branch1][C][F][C][C][O][C][=N][N][=C][Branch1][C][Cl][N][=N][Ring1][#Branch1],9.1783,1,train
[N][#C][C][=C][Branch1][Branch2][C][=C][C][=C][S][Ring1][Branch1][C][=C][Branch1][Branch2][C][=C][C][=C][S][Ring1][Branch1][NH1][C][Ring1][S][=O],7.9421,1,train
[C][C][C][C][=C][C][=N][C][Ring1][Branch1][=C][C][=C][NH1][C][Branch1][=Branch2][C][=C][Ring1][Branch1][C][C][O][C][=C][N][=C][Branch1][S][C][=C][C][NH1][C][Ring2][Ring1][=Branch1][=C][C][=Ring1][Branch1][C][C][C][C][Branch1][Ring2][C][C][C][=C][Ring2][Ring1][C],6.4508,1,train
[C][O][C][=C][C][=C][C][Branch2][Ring1][Branch1][C][=N][C][Branch1][N][C][=C][C][=C][C][Branch1][C][C][=C][Ring1][#Branch1][=N][O][Ring1][N][=C][C][=Branch1][C][=O][O][C][Ring2][Ring1][Ring1][=C][Ring2][Ring1][#Branch1],7.8516,1,train
[O][C][=C][C][=C][C][=C][C][=C][C][Ring1][=Branch1][=C][Ring1][#Branch2][C][=N][C][Branch1][=Branch2][C][=C][C][=C][C][=C][Ring1][=Branch1][=C][C][=C][C][=C][N][Ring1][#C][Ring1][=Branch1],6.5899,1,train
[C][C][=C][C][=C][C][=C][Branch2][Ring2][Branch2][C][=C][C][=C][C][=C][C][=C][C][Branch2][Ring1][Branch1][C][=C][C][=C][C][=C][Branch1][C][C][C][=Branch1][C][=O][O][C][Ring1][Branch2][=C][Ring1][N][=C][Ring2][Ring1][=Branch1][Ring2][Ring1][C][C][=C][Ring2][Ring1][N][O][C][Ring2][Ring1][S][=O],7.454,1,train
[C][C][=Branch1][C][=O][C][N][=C][Branch2][Ring1][S][C][=C][C][=C][Branch2][Ring1][Ring2][N][Branch1][=Branch2][C][=C][C][=C][C][=C][Ring1][=Branch1][C][=C][C][=C][C][=C][Ring1][=Branch1][C][=C][Ring2][Ring1][Ring1][O][C][=Ring2][Ring1][Branch2][C],6.7398,1,train
[C][C][C][C][=Branch1][C][=O][C][=C][C][=Branch2][Ring2][Branch1][=C][Branch1][Branch2][C][=Branch1][C][=O][C][C][C][C][=C][Ring1][O][O][C][Branch1][Branch2][C][C][=Branch1][C][=O][O][C][Branch1][#Branch1][C][=Branch1][C][=O][O][C][O][Ring1][=C][O][C][O][Ring2][Ring1][=Branch2],7.723,1,train
[C][C][=C][N][Branch1][=Branch2][C][Branch1][C][F][Branch1][C][F][F][C][=Branch1][C][=O][NH1][C][Ring1][O][=O],9.8381,1,train
[N][C][=C][C][=C][C][=N][Ring1][=Branch1],8.4499,1,train
[O][=S][=Branch1][C][=O][Branch2][Ring1][Ring1][C][=C][C][=C][Branch1][=Branch2][C][=C][N][=C][C][=N][Ring1][=Branch1][C][=C][Ring1][N][C][=C][C][=C][Branch2][Ring1][Ring1][C][=C][Branch1][C][F][C][Branch1][C][F][=C][C][Branch1][C][F][=C][Ring1][=Branch2][F][C][Branch1][C][Br][=C][Ring1][P],7.8598,1,train
[N][#C][C][=C][C][=C][C][Branch1][C][N][=C][Ring1][#Branch1][C][#N],8.8725,1,train
[C][C][=C][N][Branch1][=Branch2][C][Branch1][C][F][Branch1][C][F][F][C][=Branch1][C][=O][NH1][C][Ring1][O][=O],9.8381,1,train
[N][C][=C][C][=C][C][=C][Ring1][=Branch1][C][=Branch1][C][=O][O],8.3498,1,train
[C][N][Branch1][C][C][C][=C][C][=C][N][=C][Branch1][=Branch2][C][=C][C][=C][C][=C][Ring1][=Branch1][S][C][Ring1][O][=C][Ring1][#C],6.8675,1,train
[C][O][C][=Branch1][C][=O][C][N][=C][Branch1][Branch2][C][=C][C][=C][O][Ring1][Branch1][O][C][=Ring1][#Branch2][C],8.2082,1,train
[N][C][=C][C][=C][C][=Branch1][Ring2][=C][Ring1][=Branch1][C][=Branch1][C][=O][N][C][Ring1][#Branch1][=O],8.6236,1,train
[O][=C][C][Branch1][N][C][=C][C][=C][Branch1][C][O][C][=C][Ring1][#Branch1][=C][O][C][=C][C][Branch1][C][O][=C][C][Branch1][C][O][=C][Ring2][Ring1][Ring1][Ring1][Branch2],7.443,1,train
[N][C][=C][C][=C][C][=N][Ring1][=Branch1],8.4499,1,train
[O][=C][Branch1][C][O][C][O][C][=C][C][=C][NH1][C][=C][Branch1][#Branch1][C][Ring1][Branch1][=C][Ring1][=Branch2][C][C][C][C][Ring1][Branch2][=O],7.5624,1,train
[C][N][Branch1][C][C][C][=C][C][=C][Branch2][Ring1][Branch2][C][=N][C][Branch1][=Branch2][C][=C][C][=C][C][=C][Ring1][=Branch1][=C][C][=C][C][=C][N][Ring1][#C][Ring1][=Branch1][C][=C][Ring2][Ring1][Branch1],6.295,1,train
[N][#C][C][=C][C][=C][Branch2][Ring1][=N][C][=C][C][=C][Branch2][Ring1][Ring1][C][=C][C][C][Branch1][=Branch2][C][=C][C][=C][C][=C][Ring1][=Branch1][C][C][Ring1][N][S][Ring1][P][S][Ring2][Ring1][=Branch1],7.1617,1,train
[O][=C][C][=C][C][=C][C][=C][Ring1][=Branch1][C][=Branch1][C][=O][N][Ring1][#Branch2][C][=C][Branch2][Ring1][#C][C][=C][C][=C][Branch1][=C][C][=C][NH1][C][=C][C][=C][C][=C][Ring1][=Branch2][Ring1][=Branch1][C][=C][C][=C][N][=C][Ring2][Ring1][Ring1][Ring1][=Branch1][C][=C][C][=N][S][N][=C][Ring2][Ring1][N][Ring1][Branch1],6.8317,1,train
[C][C][N][Branch1][Ring1][C][C][C][=C][C][=C][Branch2][Ring1][N][C][=C][C][=C][Branch1][Ring2][S][Ring1][Branch1][C][Branch1][#Branch1][C][=Branch1][C][=O][O][C][=C][C][=Branch1][C][=O][N][Ring1][N][C][C][=C][Ring2][Ring1][Branch1],6.7675,1,train
[O][=C][C][=C][NH1][C][=Branch1][C][=O][NH1][Ring1][#Branch1],9.7209,1,train
[N][#C][C][=C][C][=C][C][Branch1][Ring1][C][#N][=C][Ring1][Branch2][N],8.9239,1,train
[C][=C][C][=C][Branch2][Ring2][Branch1][C][=C][C][Branch2][Ring1][=Branch2][C][=C][C][=C][C][=C][C][=C][C][=C][C][=C][C][=C][Ring1][=C][C][Ring1][N][=C][Ring1][#Branch2][Ring1][=Branch1][=C][C][=N][Ring2][Ring1][=Branch1][N][=C][Ring2][Ring1][N],6.6943,1,train
[C][O][C][=C][C][=C][Branch2][Ring1][P][C][#C][C][=N][C][=C][C][=C][C][=C][Ring1][=Branch1][N][=C][Ring1][#Branch2][C][=C][N][Branch1][C][C][C][=C][C][=C][C][=C][Ring1][#Branch2][Ring1][=Branch1][C][=C][Ring2][Ring1][N],6.5071,1,train
[F][C][Branch1][C][F][Branch1][C][F][C][Branch1][C][F][Branch1][C][F][C][Branch1][C][F][Branch1][C][F][C][Branch1][C][F][Branch1][C][F][C][Branch1][C][F][Branch1][C][F][C][Branch1][C][F][Branch1][C][F][C][C][O][C][=N][N][=C][Branch1][C][Cl][N][=N][Ring1][#Branch1],9.2088,1,train
[F][C][Branch1][C][F][Branch1][C][F][C][Branch1][C][F][Branch1][C][F][C][Branch1][C][F][Branch1][C][F][C][Branch1][C][F][Branch1][C][F][C][Branch1][C][F][Branch1][C][F][C][Branch1][C][F][Branch1][C][F][C][C][O][C][=N][N][=C][Branch1][C][Cl][N][=N][Ring1][#Branch1],9.2088,1,train
[C][C][=C][C][=C][C][=C][C][=Branch1][C][=O][N][Branch1][C][C][C][=Branch1][C][=O][N][Branch1][C][C][C][Ring1][#Branch2][=N][C][Ring1][=C][=C][Ring2][Ring1][C],8.0057,1,train
[C][C][Branch1][C][C][C][=C][C][=C][C][=C][Ring1][=Branch1][N][Branch2][Ring2][Ring2][C][=C][C][=C][C][=Branch1][Ring2][=C][Ring1][=Branch1][C][=C][C][=C][C][=C][Ring1][=Branch1][C][=N][C][=C][C][=C][C][=C][Ring1][=Branch1][N][=C][Ring2][Ring1][Ring1][Ring1][#Branch2][C][=C][C][=C][C][=C][Ring1][=Branch1][Ring2][Ring2][Branch1],6.2081,1,train
[C][C][=C][C][Branch1][C][C][=N][C][Branch1][C][N][=N][Ring1][Branch2],7.99,1,train
[Cl][C][=C][C][=C][C][=Branch1][Ring2][=C][Ring1][=Branch1][C][=C][N][=C][C][=C][Ring1][=Branch1][N][Ring1][#Branch2][N][C][=C][C][=C][C][=C][Ring1][=Branch1][O][C][=C][C][Branch1][=C][C][=C][C][=C][C][=N][S][N][=C][Ring1][=Branch2][Ring1][Branch1][=C][C][=C][Ring1][#C][Ring2][Ring1][#Branch1],6.7056,1,train
[C][N][Branch1][C][C][C][=C][C][=C][Branch2][Ring1][P][C][=N][C][Branch1][S][C][=C][C][=C][Branch1][=Branch1][N][Branch1][C][C][C][C][=C][Ring1][=Branch2][=C][C][=C][C][=C][C][Ring1][=Branch1][=N][Ring2][Ring1][Ring1][C][=C][Ring2][Ring1][=Branch2],6.08,1,train
[C][=C][S][C][=C][C][Branch2][Ring2][O][C][=C][C][=N][C][Branch2][Ring1][#C][C][=C][C][=C][Branch2][Ring1][Ring1][N][C][=C][C][=C][C][O][C][=C][C][=Ring1][Branch1][C][=C][Ring1][=Branch2][Ring1][N][N][=C][Ring2][Ring1][C][=N][Ring2][Ring1][Branch2][=C][C][=C][Ring2][Ring1][=C][N][Ring2][Ring2][C],6.0128,1,train
[C][=C][N][=C][C][Branch2][Ring2][#C][C][=C][C][Branch1][Branch2][C][=C][C][=C][NH1][Ring1][Branch1][=C][C][=C][C][Branch2][Ring1][Ring1][C][=N][C][=N][C][NH1][C][=N][C][=Ring1][Branch1][N][=C][Ring1][=Branch2][NH1][Ring1][N][=C][C][Ring2][Ring1][C][=C][Ring2][Ring1][O][=C][Ring2][Ring1][P],6.6003,1,train
[N][#C][C][=C][O][C][=C][C][=C][C][=C][Ring1][=Branch1][C][Ring1][#Branch2][=O],8.9873,1,train
[C][=C][C][=C][C][=C][Ring1][=Branch1],9.3262,1,train
[C][#Branch1][S][#C][C][=N][C][=N][C][=C][C][=C][C][=C][Ring1][#Branch2][Ring1][=Branch1][C][=C][C][=C][Branch2][Ring1][Ring2][N][Branch1][=Branch2][C][=C][C][=C][C][=C][Ring1][=Branch1][C][=C][C][=C][C][=C][Ring1][=Branch1][C][=C][Ring2][Ring1][Ring1],6.5055,1,train
[N][#C][C][=C][O][C][=C][C][=C][C][=C][Ring1][=Branch1][C][Ring1][#Branch2][=O],8.9873,1,train
[N][#C][C][=C][C][=C][C][=C][NH1][C][Ring1][Branch1][=C][Ring1][=Branch2],8.251,1,train
[Cl][C][=C][Branch1][C][Cl][C][Branch1][=N][C][=N][C][S][C][=N][C][=Ring1][Branch1][S][Ring1][Branch2][=C][Branch1][C][Cl][C][Branch1][C][Cl][=C][Ring1][P][C][=C][NH1][C][Branch2][Ring1][Branch1][C][=C][C][=C][C][=C][C][=C][Ring1][=Branch1][C][=C][C][=C][C][=C][Ring1][=C][Ring1][=Branch1][=C][Ring2][Ring1][Ring1],7.0806,1,train
[N][#C][C][=C][C][Branch1][Ring1][C][#N][=C][Branch2][Ring2][#Branch1][C][=N][C][=C][C][N][=C][Branch1][P][C][=C][C][=C][N][=C][N][Branch1][C][Br][C][Ring1][=Branch1][=C][Ring1][#Branch2][O][C][=Ring1][#C][C][=C][Ring2][Ring1][Ring1][O][Ring2][Ring1][=Branch1][C][Branch1][Ring1][C][#N][=C][Ring2][Ring1][S],8.007,1,train
[C][C][C][C][C][=C][C][Branch1][Ring1][C][=O][=C][C][=C][C][=C][Branch1][Branch1][C][C][C][C][C][=C][Branch1][=Branch2][N][C][C][C][C][C][Ring1][=Branch1][C][=C][C][=C][Ring2][Ring1][#Branch2][C][Ring2][Ring1][=Branch1][=C][Ring2][Ring1][Ring2][Ring1][=Branch1],6.5126,1,train
[C][N][Branch1][C][C][C][=C][C][=C][Branch2][Ring1][S][C][=Branch1][=C][=C][C][=C][C][=C][Branch1][Ring1][C][#N][C][=C][Ring1][Branch2][C][=C][C][=C][Branch1][=Branch1][N][Branch1][C][C][C][C][=C][Ring1][=Branch2][C][=C][Ring2][Ring1][=Branch2],6.2314,1,train
[C][N][Branch1][C][C][C][=C][C][=C][Branch1][P][C][=Branch1][C][=O][N][C][=C][C][=C][C][Branch1][C][Cl][=C][Ring1][#Branch1][C][=C][Ring1][S],7.0407,1,train
[O][=C][NH1][C][=C][C][=C][C][=C][Ring1][=Branch1][NH1][Ring1][=Branch2],8.3192,1,train
[C][C][=C][N][Branch1][=Branch2][C][Branch1][C][F][Branch1][C][F][F][C][=Branch1][C][=O][NH1][C][Ring1][O][=O],9.8381,1,train
[C][O][C][=C][C][NH1][C][=C][Branch1][#C][C][=Ring1][Branch1][C][=C][Ring1][=Branch2][O][C][C][=Branch1][C][=O][O][C][C][C][C][Ring1][=C][=O],7.3855,1,train
[C][O][C][=Branch1][C][=O][C][C][Branch1][#Branch1][C][=Branch1][C][=O][O][C][=C][C][=C][C][Branch1][C][C][=N][N][Ring1][#Branch1][C][=Ring1][=C][C],7.9409,1,train
[O][=C][C][=C][C][=C][Branch2][Ring1][S][O][C][=C][C][=C][C][=C][Branch1][=Branch2][C][=C][C][=C][Ring1][#Branch2][Ring1][=Branch1][C][=Branch1][C][=O][N][Branch1][Ring2][C][C][O][C][Ring1][=C][=O][C][=C][Ring2][Ring1][=Branch2],7.9025,1,train
[O][C][=C][Branch2][Ring1][#Branch2][C][=N][C][=C][C][=C][C][=C][C][Ring1][=Branch1][=C][C][=C][C][=C][C][Ring1][=Branch1][=C][Ring1][=C][NH1][Ring1][P][C][=C][C][=C][Ring2][Ring1][#Branch1][C][C][C][N][Ring1][=Branch1][C][C][C][Ring1][#Branch2],6.1269,1,train
[C][C][=C][C][=Branch1][C][=O][NH1][C][=Branch1][C][=O][NH1][Ring1][Branch2],9.3421,1,train
[N][#C][C][=C][C][=C][Branch1][C][N][C][=N][O][N][=C][Ring1][#Branch2][Ring1][Branch1],8.8095,1,train
[N][C][=C][C][=C][C][=N][Ring1][=Branch1],8.4499,1,train
[N][#C][C][=C][Branch1][Ring1][C][#N][C][Branch1][Ring1][C][#N][=C][Branch2][Ring2][Branch1][C][=N][C][=N][C][Branch1][=Branch2][C][Branch1][C][F][Branch1][C][F][F][=N][C][=N][C][Branch1][Ring1][C][=O][=N][C][=Branch1][Branch1][=N][Ring2][Ring1][C][N][Ring1][=Branch2][Ring1][P][C][Branch1][Ring1][C][#N][=C][Ring2][Ring1][#C][C][#N],9.4712,1,train
[C][C][=C][C][=C][Branch2][Ring2][O][N][C][=C][C][=C][C][=C][Ring1][=Branch1][C][=C][C][Branch2][Ring1][Ring1][C][=Branch1][Branch2][=C][Branch1][Ring1][C][#N][C][#N][C][=C][C][=C][C][=C][Ring1][=Branch1][=C][C][=C][Ring2][Ring1][C][Ring2][Ring1][=Branch2][C][=C][Ring2][Ring1][#C],7.1093,1,train
[Cl][C][=C][Branch1][#C][N][C][=C][S][C][=C][C][=C][C][=C][Ring1][=Branch1][Ring1][#Branch2][C][=C][C][=C][Branch1][Branch2][C][=C][C][=C][O][Ring1][Branch1][C][=C][C][=C][C][=C][C][=C][C][=C][C][Branch1][O][C][Ring2][Ring1][P][=C][Ring2][Ring1][Branch1][Ring1][N][=C][Ring1][Branch2][Ring1][N],5.9802,1,train
[C][C][=C][C][=C][C][=N][C][C][=Branch1][C][=O][NH1][C][=Branch1][C][=O][NH1][C][=Ring1][Branch2][N][=C][Ring1][S][Ring1][N],8.2064,1,train
[N][#C][C][=C][C][=C][N][=C][NH1][C][=Branch1][C][=O][NH1][C][=Branch1][C][=O][C][Ring1][Branch2][=N][C][Ring1][N][=C][Ring1][S],8.6387,1,train
[N][#C][C][=C][O][C][=C][C][=C][C][=C][Ring1][=Branch1][C][Ring1][#Branch2][=O],8.9873,1,train
[C][N][Branch1][C][C][C][=C][C][=C][Branch2][Ring1][P][C][=N][C][Branch1][S][C][=C][C][=C][Branch1][=Branch1][N][Branch1][C][C][C][C][=C][Ring1][=Branch2][=C][C][=C][C][=C][C][Ring1][=Branch1][=N][Ring2][Ring1][Ring1][C][=C][Ring2][Ring1][=Branch2],6.08,1,train
[C][C][N][Branch1][Ring1][C][C][C][=C][C][=C][Branch2][Ring1][=Branch1][C][=C][C][=N][C][=N][C][=C][C][=C][C][=C][Ring1][=Branch1][N][=C][Ring1][#Branch2][S][Ring1][=N][C][Branch1][Ring1][O][C][=C][Ring2][Ring1][#Branch1],6.52,1,train
[C][C][C][C][=Branch1][C][=O][C][=C][C][=Branch2][Ring2][Ring2][=C][Branch1][Branch2][C][=Branch1][C][=O][C][C][C][C][=C][Ring1][O][O][C][Branch1][Branch2][C][C][=Branch1][C][=O][O][C][Branch1][=Branch1][C][=Branch1][C][=O][O][O][Ring1][=N][O][C][O][Ring2][Ring1][Branch2],7.7254,1,train
[C][O][C][=Branch1][C][=O][C][Branch2][Ring1][P][C][C][=C][C][=C][O][C][Branch1][S][C][=C][C][=C][Branch1][=Branch1][N][Branch1][C][C][C][C][=C][Ring1][=Branch2][=N][C][Ring1][=C][=C][Ring2][Ring1][C][N][C][=Branch1][C][=O][O][C][Branch1][C][C][Branch1][C][C][C],6.7918,1,train
[N][#C][C][=C][C][=C][Branch1][C][N][C][=N][O][N][=C][Ring1][#Branch2][Ring1][Branch1],8.8095,1,train
[C][C][O][C][=Branch1][C][=O][C][C][=C][Branch1][C][C][N][N][=C][Branch1][=Branch2][C][=C][C][=C][C][=C][Ring1][=Branch1][C][=C][C][=Ring1][S][Ring1][N],7.5907,1,train
[N][#C][C][=C][C][Branch2][Ring1][Branch1][C][#C][C][=C][Branch1][C][F][C][Branch1][C][F][=N][C][Branch1][C][F][=C][Ring1][=Branch2][F][=C][Branch2][Ring1][Branch1][C][#C][C][=C][Branch1][C][F][C][Branch1][C][F][=N][C][Branch1][C][F][=C][Ring1][=Branch2][F][C][=C][Ring2][Ring1][=C][C][#N],9.2038,1,train
[N][C][=C][C][=C][C][Branch1][=Branch2][C][Branch1][C][F][Branch1][C][F][F][=C][C][=Branch1][C][=O][O][C][Ring1][O][=C][Ring1][#C],8.8053,1,train
[C][C][=C][N][Branch1][=Branch2][C][Branch1][C][F][Branch1][C][F][F][C][=Branch1][C][=O][NH1][C][Ring1][O][=O],9.8381,1,train
[C][O][C][=C][C][=C][Branch2][Ring1][S][C][=Branch1][C][=O][N][N][C][=C][Branch1][=N][C][C][=C][Ring1][=Branch1][C][C][C][C][Ring1][=Branch1][=O][C][=Branch1][C][=O][C][C][C][Ring1][#C][C][=C][Ring2][Ring1][=Branch2],7.0795,1,train
[F][C][Branch1][C][F][Branch1][C][F][C][Branch1][C][F][Branch1][C][F][C][Branch1][C][F][Branch1][C][F][C][Branch1][C][F][Branch1][C][F][C][Branch1][C][F][Branch1][C][F][C][Branch1][C][F][Branch1][C][F][C][C][O][C][=N][N][=C][Branch1][C][Cl][N][=N][Ring1][#Branch1],9.2088,1,train
[F][C][Branch1][C][F][Branch1][C][F][C][Branch1][C][F][Branch1][C][F][C][Branch1][C][F][Branch1][C][F][C][Branch1][C][F][Branch1][C][F][C][Branch1][C][F][Branch1][C][F][C][Branch1][C][F][Branch1][C][F][C][C][O][C][=N][N][=C][Branch1][C][Cl][N][=N][Ring1][#Branch1],9.1783,1,train
[N][C][=C][C][=C][C][Branch1][=Branch2][C][Branch1][C][F][Branch1][C][F][F][=C][C][=Branch1][C][=O][O][C][Ring1][O][=C][Ring1][#C],8.8053,1,train
[N][#C][C][=C][C][=C][N][=C][NH1][C][=Branch1][C][=O][NH1][C][=Branch1][C][=O][C][Ring1][Branch2][=N][C][Ring1][N][=C][Ring1][S],8.6387,1,train
[O][=C][C][=C][NH1][C][=Branch1][C][=O][NH1][Ring1][#Branch1],9.7209,1,train
[N][#C][C][=C][Branch1][C][F][C][Branch1][C][F][=C][Branch1][Ring1][C][#N][C][O][C][=C][C][O][C][=C][Branch1][Ring1][C][#N][C][Branch1][C][F][=C][Branch1][C][F][C][Branch1][Ring1][C][#N][=C][Ring1][N][O][C][=Ring1][S][C][=C][Ring2][Ring1][Ring2][O][C][Ring2][Ring1][S][=Ring2][Ring1][Branch2],8.4371,1,train
[F][C][Branch1][C][F][Branch1][C][F][C][Branch1][C][F][Branch1][C][F][C][Branch1][C][F][Branch1][C][F][C][Branch1][C][F][Branch1][C][F][C][Branch1][C][F][Branch1][C][F][C][Branch1][C][F][Branch1][C][F][C][C][O][C][=N][N][=C][Branch1][C][Cl][N][=N][Ring1][#Branch1],9.1783,1,train
[N][C][=C][C][=C][C][=C][Ring1][=Branch1][C][=Branch1][C][=O][C][=C][C][=C][C][=C][Ring1][=Branch1][Ring1][#Branch2],7.8018,1,train
[N][C][=C][C][=C][C][Branch1][=Branch2][C][Branch1][C][F][Branch1][C][F][F][=C][C][=Branch1][C][=O][O][C][Ring1][O][=C][Ring1][#C],8.8053,1,train
[C][C][Branch1][C][C][C][C][=C][Branch1][N][C][=C][C][=C][Branch1][C][N][C][=C][Ring1][#Branch1][S][C][=Ring1][N][C][S][C][Branch2][Ring1][Branch1][C][NH1][C][=N][C][=Ring1][Branch1][C][=C][C][=C][C][=N][S][N][=C][Ring1][=Branch2][Ring1][Branch1][=C][C][=Ring2][Ring1][Ring1][Ring2][Ring1][P],6.2424,1,train
[O][=C][C][C][=Branch1][C][=O][N][C][=C][C][Branch1][=Branch1][C][=Branch1][C][=O][O][=C][C][=C][Ring1][=Branch2][N][Ring1][#C],8.6625,1,train
[C][C][C][C][N][C][=C][C][=C][Branch1][=Branch2][C][=C][C][=C][C][=C][Ring1][=Branch1][C][=C][Ring1][N][C][=C][C][=C][C][=C][C][Branch1][=Branch2][C][=C][C][=C][C][=C][Ring1][=Branch1][=C][C][=C][Ring1][N][N][Branch1][Branch1][C][C][C][C][C][Ring2][Ring1][Ring1][=C][Ring2][Ring1][#Branch1][Ring2][Ring2][Ring2],6.1084,1,train
[C][N][Branch1][C][C][C][=C][C][=C][Branch2][Ring1][P][C][=N][C][Branch1][S][C][=C][C][=C][Branch1][=Branch1][N][Branch1][C][C][C][C][=C][Ring1][=Branch2][=C][C][=C][C][=C][C][Ring1][=Branch1][=N][Ring2][Ring1][Ring1][C][=C][Ring2][Ring1][=Branch2],6.0902,1,train
[C][=C][C][=C][Branch2][Ring1][C][C][=C][S][C][Branch1][=Branch2][C][=C][C][=N][C][=C][Ring1][=Branch1][=N][Ring1][O][C][=C][Ring1][P],7.6041,1,train
[O][=C][Branch1][C][O][C][C][C][C][N][Ring1][Branch1][C][=Branch1][C][=O][C][=C][C][=C][Branch2][Ring1][S][C][C][C][Branch1][#C][C][=C][C][=C][C][=C][C][=C][C][=C][Ring1][#Branch2][Ring1][=Branch1][=N][N][Ring1][#C][C][=C][C][=C][C][=C][Ring1][=Branch1][C][=C][Ring2][Ring1][O],6.4695,1,train
[C][C][=Branch1][C][=O][C][C][=C][N][C][=C][Branch2][Ring1][C][C][Branch1][=Branch2][C][=C][C][=C][C][=C][Ring1][=Branch1][=C][Ring1][O][C][=Ring1][#C][C][N][Branch2][Ring1][C][C][C][C][N][C][=Branch1][C][=O][O][C][Branch1][C][C][Branch1][C][C][C][C][Ring2][Ring1][=Branch2][=O],7.1173,1,train
[N][#C][C][=C][C][=C][Branch1][Ring1][C][#N][C][Branch1][C][N][=C][Ring1][=Branch2],8.8908,1,train
[O][=C][C][=C][C][=C][C][C][=C][O][C][=Ring1][Branch1][C][=C][Ring1][=Branch2][O][Ring1][=N],8.5807,1,train
[N][#C][C][=C][C][=C][Branch1][C][N][C][=N][O][N][=C][Ring1][#Branch2][Ring1][Branch1],9.1886,1,train
[O][C][=C][C][=C][Branch2][Ring1][=C][C][=C][Ring1][=Branch1][C][=N][C][=C][C][=C][C][=C][C][Ring1][=Branch1][=C][C][=C][C][=C][C][Ring1][=Branch1][=C][Ring1][=C][NH1][Ring1][P][C][=C][C][=C][C][=C][Ring1][=Branch1][N][Ring2][Ring1][N][C][=C][C][=C][C][=C][Ring1][=Branch1],6.3278,1,train
[C][O][C][=Branch1][C][=O][C][=N][O][C][Branch1][=Branch2][C][=C][C][=C][C][=C][Ring1][=Branch1][=C][Ring1][O][Cl],8.5736,1,train
[N][C][=C][C][=C][C][=N][C][Branch2][Ring2][N][C][=C][N][=C][C][=Branch1][Ring2][=C][Ring1][=Branch1][C][=C][C][=C][C][=C][Ring1][=Branch1][N][Ring1][#Branch2][C][=C][C][=C][C][=Branch1][Ring2][=C][Ring1][=Branch1][O][C][=C][C][=C][C][=C][Ring1][=Branch1][N][Ring1][O][=C][N][=C][Ring2][Ring2][Branch1][Ring2][Ring1][P],6.107,1,train
[O][=C][C][=C][NH1][C][=Branch1][C][=O][NH1][Ring1][#Branch1],9.7209,1,train
[C][C][=C][C][Branch1][=Branch2][C][Branch1][C][F][Branch1][C][F][F][=N][C][=C][Ring1][#Branch2][C][=C][C][=N][C][Branch1][N][C][=C][C][=C][Branch1][C][Cl][C][=C][Ring1][#Branch1][=C][N][Ring1][N][Ring1][S],7.6274,1,train
[N][C][=C][C][=C][C][=C][Ring1][=Branch1][C][=Branch1][C][=O][O],8.2828,1,train
[C][=C][C][=C][Branch2][Ring1][Branch2][C][N][=C][Branch1][=Branch2][C][=C][C][=C][C][=C][Ring1][=Branch1][N][C][=C][C][=C][C][=Ring1][#C][Ring1][=Branch1][C][=C][Ring2][Ring1][Branch1],6.9053,1,train
[C][S][C][S][C][Branch1][=Branch1][C][Branch1][C][N][=O][=C][N][=N][N][Branch1][C][C][C][=Branch1][C][=O][C][=Ring1][=C][Ring1][Branch2],7.8954,1,train
[C][O][C][=C][C][=C][C][=C][Ring1][=Branch1][C][=C][Branch1][#Branch2][C][=C][C][=C][C][=C][Ring1][=Branch1][O][N][=C][Branch2][Ring1][Ring1][C][=C][C][=C][Branch1][=Branch2][C][Branch1][C][F][Branch1][C][F][F][C][=C][Ring1][#Branch2][N][Ring2][Ring1][=Branch1][C][=C][C][=C][Branch1][C][C][C][=C][Ring1][#Branch1],6.9304,1,train
[C][=C][C][=C][Branch2][Ring2][S][N][Branch1][=C][C][C][=C][N][C][=C][C][=C][C][=Ring1][=Branch2][Ring1][=Branch1][N][C][=C][C][=C][C][=C][Ring1][=Branch1][O][C][=C][C][Branch1][=Branch2][C][=C][N][=C][C][=N][Ring1][=Branch1][=C][C][=C][Ring1][N][Ring2][Ring1][Ring2][C][=C][Ring2][Ring2][Ring2],6.0345,1,train
[C][=C][N][Branch2][Ring2][#C][C][=C][C][=C][NH1][C][=C][C][=C][Branch2][Ring1][=Branch1][C][=N][C][=C][C][=C][C][=C][Ring1][=Branch1][N][=C][Ring1][#Branch2][C][=C][C][=C][S][Ring1][Branch1][C][=C][Ring2][Ring1][Branch1][C][Ring2][Ring1][Branch2][=C][Ring2][Ring1][N][C][=C][C][=C][C][=C][Ring1][=Branch1][O][Ring2][Ring2][=Branch1],5.8955,1,train
[F][C][Branch1][C][F][Branch1][C][F][C][Branch1][C][F][Branch1][C][F][C][Branch1][C][F][Branch1][C][F][C][Branch1][C][F][Branch1][C][F][C][Branch1][C][F][Branch1][C][F][C][Branch1][C][F][Branch1][C][F][C][C][O][C][=N][N][=C][Branch1][C][Cl][N][=N][Ring1][#Branch1],9.2088,1,train
[C][=C][C][=C][C][=C][C][Branch2][Ring1][#C][C][C][=C][C][=C][C][=C][N][Ring1][=Branch1][C][=Ring1][=Branch2][C][=C][C][Branch1][=Branch2][C][=C][N][=C][C][=N][Ring1][=Branch1][=C][NH1][Ring1][O][=C][C][=C][C][=C][C][Ring1][=Branch1][=C][C][Ring2][Ring1][=C][=C][C][Ring2][Ring2][C][=C][Ring2][Ring2][=Branch1],6.1288,1,train
[C][C][=C][N][Branch1][=Branch2][C][Branch1][C][F][Branch1][C][F][F][C][=Branch1][C][=O][NH1][C][Ring1][O][=O],9.8381,1,train
[N][#C][C][=C][Branch1][Ring1][C][#N][C][Branch1][Ring1][C][#N][=C][Branch2][Ring2][Branch1][C][=N][C][=N][C][Branch1][=Branch2][C][Branch1][C][F][Branch1][C][F][F][=N][C][=N][C][Branch1][Ring1][C][=O][=N][C][=Branch1][Branch1][=N][Ring2][Ring1][C][N][Ring1][=Branch2][Ring1][P][C][Branch1][Ring1][C][#N][=C][Ring2][Ring1][#C][C][#N],9.4712,1,train
[C][C][=C][N][Branch1][=Branch2][C][Branch1][C][F][Branch1][C][F][F][C][=Branch1][C][=O][NH1][C][Ring1][O][=O],9.8381,1,train
[C][N][Branch1][C][C][C][=N][C][Branch1][C][N][=C][N][=C][Branch1][Ring1][C][#N][N][Branch1][#Branch2][C][C][=C][C][=C][C][=C][Ring1][=Branch1][C][Ring1][=C][=N][Ring2][Ring1][Ring1],7.3737,1,train
[C][N][Branch1][C][C][C][=C][C][=C][Branch2][Ring2][Ring2][C][#C][C][=C][C][=C][Branch2][Ring1][=Branch1][C][=C][C][Branch1][=Branch1][N][Branch1][C][C][C][=C][C][=C][C][=C][C][Ring1][=Branch1][=C][Ring1][=N][C][=C][Ring2][Ring1][Ring1][C][=C][Ring2][Ring1][O],6.0408,1,train
[C][#C][C][=C][C][=C][S][C][=C][Branch2][Ring2][N][C][=C][C][=C][Ring1][=Branch1][C][=C][C][Branch2][Ring1][Branch1][N][C][=C][C][=C][C][=C][Ring1][=Branch1][N][C][=C][C][=C][C][=C][Ring1][=Branch1][Ring1][=C][=C][C][=C][Ring2][Ring1][Ring2][N][Ring2][Ring1][#Branch1][Br][C][Ring2][Ring1][#C][=C][Ring2][Ring2][Ring1],5.9841,1,train
[N][#C][C][=C][C][=C][Branch1][C][N][C][=N][O][N][=C][Ring1][#Branch2][Ring1][Branch1],8.8095,1,train
[C][C][=C][C][Branch1][=Branch2][C][=C][C][=C][C][=C][Ring1][=Branch1][=N][C][=C][Ring1][N][C][=C][C][=N][C][Branch1][=Branch2][C][=C][C][=C][C][=C][Ring1][=Branch1][=C][N][Ring1][O][Ring1][#C],7.1057,1,train
[N][C][=C][C][=C][C][Branch1][=Branch2][C][Branch1][C][F][Branch1][C][F][F][=C][C][=Branch1][C][=O][O][C][Ring1][O][=C][Ring1][#C],8.8053,1,train
[C][=C][C][=C][Branch1][S][N][C][=C][C][=C][C][=C][C][=C][C][Ring1][=Branch1][=N][Ring1][#Branch2][C][=C][Ring1][P],7.2585,1,train
[C][C][=C][N][Branch1][=Branch2][C][Branch1][C][F][Branch1][C][F][F][C][=Branch1][C][=O][NH1][C][Ring1][O][=O],9.8381,1,train
[C][O][C][=C][C][=C][N][=C][C][=C][C][Ring1][=Branch1][=C][Ring1][#Branch2],7.8941,1,train
[C][C][Branch1][C][C][Branch1][C][C][C][=C][C][=C][C][=C][C][=C][Branch1][=Branch2][C][Branch1][C][C][Branch1][C][C][C][C][=C][C][=C][C][=C][Ring2][Ring1][C][C][Ring1][S][=C][Ring1][=Branch1][Ring1][=C],6.699,1,train
[N][C][=C][C][=C][C][=C][Ring1][=Branch1][C][=Branch1][C][=O][N][C][Ring1][=Branch1][=O],8.6527,1,train
[C][N][Branch1][C][C][C][=C][C][=C][C][=Branch1][Ring2][=C][Ring1][=Branch1][C][=Branch1][C][=O][N][C][Ring1][#Branch1][=O],7.9068,1,train
[Cl][C][=N][C][Branch1][#Branch2][N][C][=C][C][=C][C][=C][Ring1][=Branch1][=N][C][Branch2][Ring1][=Branch1][N][C][=C][C][=C][C][=C][C][=C][C][=C][C][Ring1][=Branch1][=C][C][Ring1][#Branch2][=C][Ring1][=C][=N][Ring2][Ring1][N],6.7804,1,train
[Cl][C][=C][C][=C][Branch2][Ring1][Ring1][C][=C][C][=C][C][C][=C][O][C][=Ring1][Branch1][C][=C][Ring1][=Branch2][NH1][Ring1][N][C][=C][C][Branch1][P][C][=C][C][=C][C][=Branch1][Ring2][=C][Ring1][=Branch1][O][C][=C][N][Ring1][#Branch1][=C][C][=C][Ring2][Ring1][S][Ring1][S],6.1131,1,train
[F][C][Branch1][C][F][Branch1][C][F][C][Branch1][C][F][Branch1][C][F][C][Branch1][C][F][Branch1][C][F][C][Branch1][C][F][Branch1][C][F][C][Branch1][C][F][Branch1][C][F][C][Branch1][C][F][Branch1][C][F][C][C][O][C][=N][N][=C][Branch1][C][Cl][N][=N][Ring1][#Branch1],9.2088,1,train
[C][=C][C][=C][C][=C][Ring1][=Branch1],9.3262,1,train
[C][O][C][=C][C][NH1][C][=C][Branch1][#C][C][=Ring1][Branch1][C][=C][Ring1][=Branch2][O][C][C][=Branch1][C][=O][O][C][C][C][C][Ring1][=C][=O],7.5137,1,train
[C][C][N][C][=C][C][=C][C][Branch1][=Branch2][C][Branch1][C][F][Branch1][C][F][F][=C][C][=Branch1][C][=O][O][C][Ring1][O][=C][Ring1][#C],8.3808,1,train
[N][#C][C][=C][C][=C][C][C][=C][NH1][C][Ring1][=Branch2][=Ring1][Branch1],8.2757,1,train
[O][=C][C][=C][NH1][C][=Branch1][C][=O][NH1][Ring1][#Branch1],9.7209,1,train
[C][O][C][=C][C][=C][C][=Branch1][C][=O][C][=C][Branch1][Branch2][NH1][C][Ring1][#Branch1][=C][Ring1][O][C][=C][C][Branch1][C][Cl][=C][C][=C][Ring1][#Branch1][N][C][Ring1][=C][Branch1][C][C][C],6.9377,1,train
[N][C][=C][C][=C][C][=C][C][=C][C][=C][C][=C][C][Branch1][=C][C][=C][C][=C][C][Ring2][Ring1][C][=C][Ring1][=Branch1][Ring1][S][=C][Ring1][N][Ring1][S],6.5376,1,train
[C][O][C][=Branch1][C][=O][C][=C][C][=Branch1][C][=O][N][Branch1][C][C][C][C][=C][Branch2][Ring1][=Branch1][C][=C][C][=C][Branch1][N][N][C][C][N][Branch1][C][C][C][C][Ring1][#Branch1][C][=C][Ring1][=N][S][C][Ring2][Ring1][Branch2][=Ring2][Ring1][C],6.637,1,train
[C][C][Branch1][C][C][=C][C][N][C][=Branch1][C][=O][C][=C][C][=C][C][=C][Ring1][=Branch1][C][=Branch1][=C][=C][C][O][C][Branch1][C][C][=N][C][=Ring1][=Branch1][Ring1][#Branch2][C][Ring2][Ring1][C][=O],7.6225,1,train
[C][C][C][C][N][C][=C][C][=C][C][=C][Ring1][=Branch1][C][=C][C][=C][C][=C][C][Branch1][#C][C][=C][C][=C][C][=C][C][=C][C][Ring1][=Branch1][=C][Ring1][#Branch2][=C][C][=C][Ring1][S][N][Branch1][Branch1][C][C][C][C][C][Ring2][Ring1][#Branch1][=C][Ring2][Ring1][O][Ring2][Ring2][C],6.0544,1,train
[O][=C][C][=C][NH1][C][=Branch1][C][=O][NH1][Ring1][#Branch1],9.7209,1,train
[C][C][=C][C][Branch1][C][C][=C][Branch1][C][C][C][Branch2][Ring1][Branch1][C][=C][C][=C][C][=C][Branch1][C][C][C][=Branch1][C][=O][O][C][Ring1][Branch2][=C][Ring1][N][=C][Ring2][Ring1][Ring2][C],7.4731,1,train
[C][C][=C][N][Branch1][=Branch2][C][Branch1][C][F][Branch1][C][F][F][C][=Branch1][C][=O][NH1][C][Ring1][O][=O],9.8381,1,train
[C][C][=C][S][C][=Ring1][Branch1],9.0193,1,train
[C][O][C][=C][C][=C][Branch1][#C][C][#C][C][=C][C][=C][Branch1][Ring1][C][#N][C][=C][Ring1][Branch2][C][=C][Ring1][S][O][C],7.4095,1,train
[N][#C][C][=C][C][=C][Branch1][C][N][C][=C][Ring1][#Branch1][C][#N],8.8376,1,train
[O][=C][C][=C][Branch1][C][O][C][Branch1][=C][C][=N][C][=C][C][=C][C][=C][Ring1][=Branch1][S][Ring1][=Branch2][=C][C][=C][C][=C][C][=C][Ring2][Ring1][Ring2][Ring1][=Branch1],7.5825,1,train
[O][=C][O][C][=C][C][=C][C][=C][Ring1][=Branch1][C][=C][Ring1][#Branch2][C][=N][C][=C][C][=C][C][=C][Ring1][=Branch1][O][Ring1][=Branch2],8.0395,1,train
[C][#Branch1][=C][#C][C][=N][C][S][C][=N][C][=Ring1][Branch1][S][Ring1][Branch2][C][=N][C][=C][C][O][C][Branch2][Ring1][Branch1][C][=C][C][=C][C][=C][C][=C][C][=C][C][Ring1][=Branch1][=C][C][Ring1][#Branch2][=C][Ring1][=C][=N][C][=Ring2][Ring1][Ring1][C][=C][Ring2][Ring1][#Branch1][O][Ring2][Ring1][#Branch2],6.8744,1,train
[O][C][=C][Branch2][Ring1][#Branch2][C][=N][C][=C][C][=C][C][=C][C][Ring1][=Branch1][=C][C][=C][C][=C][C][Ring1][=Branch1][=C][Ring1][=C][NH1][Ring1][P][C][=C][C][=C][Ring2][Ring1][#Branch1][C][C][C][N][Ring1][=Branch1][C][C][C][Ring1][#Branch2],6.0446,1,train
[N][#C][C][=C][C][=C][C][=C][Branch1][C][O][C][=C][Ring1][#Branch1][O][C][Ring1][O][=O],9.0246,1,train
[C][O][C][=C][C][Branch1][=Branch1][C][=Branch1][C][=O][O][=C][C][=C][Ring1][=Branch2][O],8.2779,1,train
[N][#C][C][=C][C][=C][Branch1][C][N][C][=N][O][N][=C][Ring1][#Branch2][Ring1][Branch1],9.1886,1,train
[N][#C][C][N][=N][N][Branch2][Ring1][C][C][=C][C][=N][C][=C][C][Branch1][C][Cl][=C][C][=C][Ring1][O][Ring1][#Branch1][C][=Ring1][S][N],8.1325,1,train
[C][O][C][=C][C][=C][C][=C][Branch2][Ring1][Ring1][C][=C][C][=C][Branch1][=Branch2][C][Branch1][C][F][Branch1][C][F][F][C][=C][Ring1][#Branch2][O][C][=Branch1][C][=O][C][Ring1][P][=C][Ring2][Ring1][Branch1],8.0753,1,train
[N][#C][C][=C][C][=C][C][=C][C][=C][C][=C][Ring1][#Branch2][Ring1][=Branch1],8.3922,1,train
[N][C][=C][C][=C][C][=Branch1][Ring2][=C][Ring1][=Branch1][C][C][=C][C][=C][C][=C][Ring1][=Branch1][Ring1][#Branch2],7.0937,1,train
[O][=C][O][C][=C][C][=C][C][=C][Ring1][=Branch1][C][=C][Ring1][#Branch2][C][=C][C][=C][C][Branch1][S][C][=C][C][=C][C][=C][C][=C][Ring1][=Branch1][O][C][Ring1][#Branch2][=O][=C][Ring1][P],7.7029,1,train
[C][=C][C][=C][Branch2][Ring2][#Branch2][C][=C][C][=C][C][Branch1][=Branch2][C][=C][C][=N][C][=N][Ring1][=Branch1][=C][C][=C][Branch1][Branch2][C][C][=C][NH1][C][=Ring1][Branch1][C][=C][C][Ring1][O][=C][C][Ring2][Ring1][Branch1][=C][Ring2][Ring1][=Branch2][C][=C][Ring2][Ring1][#C],6.4979,1,train
[C][S][=Branch1][C][=O][=Branch1][C][=O][C][=C][C][=C][Branch2][Ring1][Branch1][C][=C][C][=C][C][=C][Branch1][C][N][C][=C][Ring1][#Branch1][C][=Branch1][C][=O][O][Ring1][N][C][=C][Ring2][Ring1][C],7.6039,1,train
[N][C][=C][C][=C][C][=C][Ring1][=Branch1][C][=Branch1][C][=O][N][C][Ring1][=Branch1][=O],8.6527,1,train
[C][N][C][C][=C][S][C][=Ring1][Branch1][C][S][C][Branch2][Ring2][=Branch1][N][C][=C][C][=C][C][=C][Ring1][=Branch1][N][Branch1][#C][C][=N][C][=C][N][Ring1][Branch1][C][C][=C][NH1][C][=Ring1][Branch1][C][=C][C][=C][C][=C][Ring1][=Branch1][Ring2][Ring1][Branch2][=C][C][=Ring2][Ring1][=N][Ring2][Ring2][Ring1],6.0798,1,train
[N][#C][C][=C][C][Branch2][Ring1][Branch1][C][#C][C][=C][Branch1][C][F][C][Branch1][C][F][=N][C][Branch1][C][F][=C][Ring1][=Branch2][F][=C][Branch2][Ring1][Branch1][C][#C][C][=C][Branch1][C][F][C][Branch1][C][F][=N][C][Branch1][C][F][=C][Ring1][=Branch2][F][C][=C][Ring2][Ring1][=C][C][#N],9.2038,1,train
[N][#C][C][=C][C][=C][Branch1][C][N][C][=N][O][N][=C][Ring1][#Branch2][Ring1][Branch1],8.8095,1,train
[N][#C][C][=C][NH1][C][=C][C][=C][C][=C][Ring1][=Branch2][Ring1][=Branch1],8.271,1,train
[N][#C][C][=C][C][Branch1][C][N][=C][C][Branch1][Ring1][C][#N][=C][Ring1][=Branch2],8.8732,1,train
[C][C][=C][Branch1][P][C][=C][C][=C][C][=Branch1][Ring2][=C][Ring1][=Branch1][S][C][=C][N][Ring1][#Branch1][C][=C][C][=C][Ring1][S][C][=C][C][=C][C][=C][C][=C][C][=C][C][=C][Ring1][=Branch1][C][Ring1][#Branch2][=C][Ring1][=C],6.0647,1,train
[C][C][=C][C][=C][N][=C][C][Ring1][=Branch1][=C][Branch1][C][C][C][=C][Ring1][O][NH1][C][=C][C][=C][C][=C][Ring1][=Branch1][Ring1][=Branch2],6.8963,1,train
[N][C][=C][C][=C][C][Branch1][=Branch2][C][Branch1][C][F][Branch1][C][F][F][=C][C][=Branch1][C][=O][O][C][Ring1][O][=C][Ring1][#C],8.8053,1,train
[C][O][C][=C][C][=C][Branch2][Ring2][=N][C][=C][C][=C][C][=Branch1][Ring2][=C][Ring1][=Branch1][C][C][C][=C][C][Branch1][=N][C][=C][C][=C][Branch1][Ring1][O][C][C][=C][Ring1][Branch2][=C][C][=Branch1][#Branch1][=C][Ring1][=C][Ring2][Ring1][Ring1][C][C][Ring2][Ring1][=Branch1][C][=C][Ring2][Ring1][=C],6.4477,1,train
[C][=C][C][=C][NH1][N][=C][C][Ring1][Branch1][=C][Ring1][=Branch2],8.4045,1,train
[C][C][O][C][=Branch1][C][=O][C][S][C][Branch1][Ring1][S][C][=C][C][=Branch1][C][=O][NH1][N][=N][C][=Ring1][N][Ring1][#Branch1],7.9602,1,train
[F][C][Branch1][C][F][Branch1][C][F][C][Branch1][C][F][Branch1][C][F][C][Branch1][C][F][Branch1][C][F][C][Branch1][C][F][Branch1][C][F][C][Branch1][C][F][Branch1][C][F][C][Branch1][C][F][Branch1][C][F][C][C][O][C][=N][N][=C][Branch1][C][Cl][N][=N][Ring1][#Branch1],9.1783,1,train
[C][C][Branch1][C][C][C][C][C][C][Branch1][C][C][Branch1][C][C][N][Ring1][=Branch2][C][Branch1][S][C][N][C][=C][S][C][=C][C][=C][C][=C][Ring1][=Branch1][Ring1][#Branch2][C][=C][C][=C][Branch1][N][C][=C][C][=N][S][N][=C][Ring1][Branch1][Ring1][=Branch2][C][=N][S][N][=C][Ring1][S][Ring1][Branch1],5.9339,1,train
[O][=C][C][=C][NH1][C][=Branch1][C][=O][NH1][Ring1][#Branch1],9.7209,1,train
[C][C][N][C][=C][Branch2][Ring1][Ring1][C][=N][C][=N][C][NH1][C][=N][C][=Ring1][Branch1][N][=C][Ring1][=Branch2][NH1][Ring1][N][C][=C][C][Branch2][Ring1][Ring1][C][=C][Branch1][C][F][C][Branch1][C][F][=C][C][Branch1][C][F][=C][Ring1][=Branch2][F][=C][C][=C][Ring1][S][Ring2][Ring1][#C],6.9945,1,train
[N][C][=C][C][=C][C][=N][C][=C][C][=C][Ring1][#Branch2][Ring1][=Branch1],7.7269,1,train
[C][C][C][Branch1][C][C][Branch1][C][C][C][=C][C][=C][Branch2][Ring1][#C][C][=C][C][=C][Branch2][Ring1][Ring2][C][=C][C][=C][Branch1][#Branch2][C][Branch1][C][C][Branch1][C][C][C][C][C][=C][Ring1][O][C][=C][Ring1][P][C][=C][Ring2][Ring1][#Branch1],7.01,1,train
[C][C][=C][N][Branch1][=Branch2][C][Branch1][C][F][Branch1][C][F][F][C][=Branch1][C][=O][NH1][C][Ring1][O][=O],9.8381,1,train
[N][C][C][Branch2][Ring1][#Branch2][C][=C][C][=C][C][=Branch1][Ring2][=C][Ring1][=Branch1][C][=C][C][=C][C][=C][Ring1][=Branch1][S][Ring1][#Branch2][=Branch1][C][=O][=O][=C][O][C][=Ring2][Ring1][Ring2][C][=C][N][=C][O][Ring1][Branch1],7.4352,1,train
[C][O][C][=C][C][Branch1][Ring1][O][C][=C][C][=Branch1][Ring2][=C][Ring1][Branch2][C][=Branch1][C][=O][C][=C][C][=C][Branch1][Ring1][O][C][C][=C][Ring1][Branch2][Ring1][=N],7.3839,1,train
[C][C][=C][N][Branch1][=Branch2][C][Branch1][C][F][Branch1][C][F][F][C][=Branch1][C][=O][NH1][C][Ring1][O][=O],9.8381,1,train
[C][O][C][=N][C][Branch1][C][Cl][=N][C][Branch2][Ring1][S][N][C][=C][C][=C][C][=C][Branch1][=Branch2][C][=C][C][=C][Ring1][#Branch2][Ring1][=Branch1][C][=Branch1][C][=O][C][=C][C][=C][C][=C][Ring1][=Branch1][Ring1][#C][=N][Ring2][Ring1][#Branch2],7.416,1,train
[N][#C][C][=C][C][=C][NH1][C][=C][C][Ring1][Branch1][=C][Ring1][=Branch2],8.262,1,train
[C][C][Branch1][C][C][C][=C][C][=C][C][=C][Ring1][=Branch1][N][Branch2][Ring1][P][C][=C][C][C][=C][C][=C][C][=C][Ring1][=Branch1][N][C][=C][C][=C][C][=C][Ring1][=Branch1][C][=Branch1][Branch1][=C][Ring2][Ring1][C][C][=Ring1][P][Ring1][#Branch2][C][=C][C][=C][C][=C][Ring1][=Branch1][Ring2][Ring2][C],6.3732,1,train
[C][C][C][C][C][=C][C][Branch1][Ring1][C][=O][=C][C][=C][C][=C][Branch1][Branch1][C][C][C][C][C][=C][Branch1][=Branch2][N][C][C][C][C][C][Ring1][=Branch1][C][=C][C][=C][Ring2][Ring1][#Branch2][C][Ring2][Ring1][=Branch1][=C][Ring2][Ring1][Ring2][Ring1][=Branch1],6.5126,1,train
[C][C][=C][N][Branch1][=Branch2][C][Branch1][C][F][Branch1][C][F][F][C][=Branch1][C][=O][NH1][C][Ring1][O][=O],9.8381,1,train
[C][O][C][=C][C][Branch2][Ring1][=Branch1][C][=C][C][=C][C][=Branch1][Ring2][=C][Ring1][=Branch1][C][C][C][N][Ring1][#Branch1][C][C][C][Ring1][O][=N][C][Branch2][Ring1][=Branch2][C][=C][C][=C][NH1][C][C][=C][C][=C][C][=C][Ring1][=Branch1][NH1][C][=Ring1][=Branch2][C][Ring1][N][=C][Ring1][S][=N][Ring2][Ring2][Ring1],5.995,1,train
[C][N][C][=Branch1][C][=O][N][=C][N][Branch1][C][C][C][=C][C][=C][C][=C][Ring1][=Branch1][N][=C][Ring1][O][C][Ring1][S][=O],8.1196,1,train
[O][=C][C][=C][NH1][C][=Branch1][C][=O][NH1][Ring1][#Branch1],9.7209,1,train
[C][C][=C][N][Branch1][=Branch2][C][Branch1][C][F][Branch1][C][F][F][C][=Branch1][C][=O][NH1][C][Ring1][O][=O],9.8381,1,train
[C][C][C][C][Branch1][Ring2][C][C][C][C][=C][C][=C][C][=C][Ring1][=Branch1][C][=C][C][=C][Branch1][=N][C][=C][C][=C][Branch1][Ring1][O][C][C][=C][Ring1][Branch2][C][=C][Ring1][=C][Ring2][Ring1][Branch2],6.9265,1,train
[O][=C][C][=C][NH1][C][=Branch1][C][=O][NH1][Ring1][#Branch1],9.7209,1,train
[C][C][=Branch1][C][=O][N][Branch1][#Branch2][C][C][=C][C][=C][C][=N][Ring1][=Branch1][C][=C][C][=C][C][=C][C][Ring1][=Branch1][=C][C][=C][Branch1][=Branch2][C][=C][C][=C][Ring1][=C][Ring1][=Branch1][C][=Branch1][C][=O][N][Branch1][#Branch2][C][C][=C][C][=C][C][=N][Ring1][=Branch1][C][Ring2][Ring1][C][=O],7.0287,1,train
[C][O][C][=C][C][=C][C][=C][Ring1][=Branch1][C][=C][C][=C][C][=C][Ring1][=Branch1][C][Ring1][=Branch2][=O],7.8657,1,train
[C][C][=C][C][=Branch1][C][=O][NH1][C][=Branch1][C][=O][NH1][Ring1][Branch2],9.3421,1,train
[C][O][O][C][C][=N][O][C][Branch1][=Branch2][C][=C][C][=C][C][=C][Ring1][=Branch1][=C][Ring1][O][Br],8.3415,1,train
[N][#C][C][=C][C][=C][Branch1][C][N][C][Branch1][Ring1][C][#N][=C][Ring1][=Branch2],8.8701,1,train
[N][#C][C][=C][C][=C][Branch1][C][N][C][=N][O][N][=C][Ring1][#Branch2][Ring1][Branch1],8.8095,1,train
[Cl][C][=C][C][=C][Branch2][Ring2][P][C][=C][C][Branch2][Ring2][Branch1][C][=C][C][=C][Branch2][Ring1][=Branch2][C][=C][N][=C][Branch1][=Branch2][C][=C][C][=C][C][=C][Ring1][=Branch1][C][=N][C][=C][N][=C][Ring1][S][Ring1][=Branch1][C][=C][Ring2][Ring1][=Branch1][=N][C][=N][Ring2][Ring1][N][C][=C][Ring2][Ring2][C],6.8675,1,train
[O][=C][C][=Branch2][Ring2][Ring2][=C][C][=Branch1][C][=O][C][=C][C][=C][C][=C][C][Ring1][=Branch1][=C][C][=C][C][=C][C][=C][C][=C][Ring1][=Branch1][C][Ring2][Ring1][Ring2][=C][Ring1][#Branch2][Ring2][Ring1][C][C][=Branch1][C][=O][C][=C][C][=C][C][=C][Ring1][=Branch1][Ring2][Ring1][#C],6.8747,1,train
[C][=C][C][=C][Branch2][Ring1][=C][C][N][=C][Branch1][=C][C][=C][NH1][C][=C][C][=C][C][=C][Ring1][=Branch2][Ring1][=Branch1][N][C][=C][C][=C][C][=Ring2][Ring1][C][Ring1][=Branch1][C][=C][Ring2][Ring1][Branch2],6.444,1,train
[N][#C][C][=C][O][C][=C][C][=C][C][=C][Ring1][=Branch1][C][Ring1][#Branch2][=O],8.9873,1,train
[N][#C][C][=C][C][Branch2][Ring1][Branch1][C][#C][C][=C][Branch1][C][F][C][Branch1][C][F][=N][C][Branch1][C][F][=C][Ring1][=Branch2][F][=C][Branch2][Ring1][Branch1][C][#C][C][=C][Branch1][C][F][C][Branch1][C][F][=N][C][Branch1][C][F][=C][Ring1][=Branch2][F][C][=C][Ring2][Ring1][=C][C][#N],9.2038,1,train
[C][O][C][=C][C][=C][Branch2][Ring2][#Branch1][C][C][C][Branch1][N][C][=C][C][=C][Branch1][C][O][C][=C][Ring1][#Branch1][=N][N][Ring1][N][C][=C][C][=C][Branch1][=Branch2][S][Branch1][C][N][=Branch1][C][=O][=O][C][=C][Ring1][#Branch2][C][=C][Ring2][Ring1][N],6.8067,1,train
[C][=C][S][C][Branch2][Branch1][Branch1][C][=C][C][=C][Branch1][Branch2][C][=C][N][=C][NH1][Ring1][Branch1][C][=C][C][=C][Branch2][Ring1][=Branch2][C][=C][C][=C][NH1][C][C][=C][C][=C][C][=C][Ring1][=Branch1][S][C][=Ring1][=Branch2][C][Ring1][N][=C][Ring1][S][N][=C][Ring2][Ring1][#C][Ring2][Ring1][=Branch1][=C][Ring2][Ring2][Ring2],6.4757,1,train
[O][=C][Branch2][Ring2][#Branch2][C][=C][NH1][C][Branch2][Ring1][#C][C][=C][C][=C][C][=C][Ring1][=Branch1][NH1][C][=C][Ring1][Branch1][C][=C][C][C][=C][C][=C][C][=C][Ring1][=Branch1][NH1][C][=Ring1][=Branch2][Ring1][=N][=C][Ring2][Ring1][=Branch2][N][C][=C][S][C][=C][C][=C][C][=C][Ring1][=Branch1][Ring1][#Branch2],6.0065,1,train
[C][C][C][C][C][C][N][Branch1][#Branch1][C][C][C][C][C][C][C][=C][C][=C][Branch2][Ring1][=N][C][#C][C][=C][C][=C][Branch1][S][N][Branch1][#Branch1][C][C][C][C][C][C][C][C][C][C][C][C][C][=C][Ring2][Ring1][Ring1][C][=C][Ring2][Ring1][O],5.9774,1,train
[N][#C][C][=C][C][=C][C][=C][Branch1][=Branch2][C][Branch1][C][F][Branch1][C][F][F][C][=C][Ring1][#Branch2][C][=C][Ring1][=C][C][=C][C][=C][C][=C][C][=C][Ring1][=Branch1][Ring1][#Branch2],8.0139,1,train
[C][=C][C][=C][C][=Branch1][#Branch2][=C][C][=C][C][Ring1][=Branch1][=C][Ring1][#Branch2][N][C][Branch2][Ring1][=Branch2][C][=C][C][=C][C][=C][C][=C][C][=C][C][=C][C][=C][Ring1][=C][C][Ring1][N][=C][Ring1][#Branch2][Ring1][=Branch1][N][Ring2][Ring1][O],6.4219,1,train
[O][=C][Branch1][C][O][C][=C][C][=C][Branch1][=N][C][=C][C][=C][C][=C][C][=C][Ring1][=Branch1][Ring1][#Branch2][O][C][Ring1][=C][=O],8.3944,1,train
[O][=C][C][=C][NH1][C][=Branch1][C][=O][NH1][Ring1][#Branch1],9.7209,1,train
[C][C][C][C][C][C][C][Branch1][#Branch1][C][C][C][C][C][C][N][C][=Branch1][C][=O][C][=C][C][=C][C][=C][Branch1][=Branch2][C][=C][C][=C][C][=C][Ring1][=Branch1][C][=C][C][=Branch1][=Branch1][=C][Ring1][S][Ring1][N][C][Ring2][Ring1][Ring2][=O],7.451,1,train
[C][N][Branch1][C][C][C][=C][C][=C][C][=C][Ring1][=Branch1][C][=C][C][=C][C][=C][Ring1][=Branch1][C][Ring1][=Branch2][=O],7.431,1,train
[C][C][=C][C][=Branch1][C][=O][NH1][C][=Branch1][C][=O][NH1][Ring1][Branch2],9.3421,1,train
[C][O][C][=C][C][=C][N][=C][C][=C][C][Ring1][=Branch1][=C][Ring1][#Branch2],7.8941,1,train
[N][#C][C][=C][C][Branch1][C][N][=C][C][Branch1][Ring1][C][#N][=C][Ring1][=Branch2],8.8732,1,train
[C][O][C][=C][C][=C][C][=C][C][=C][C][=C][Branch1][Ring1][O][C][C][=C][C][Branch1][#C][C][=C][C][=C][C][Ring2][Ring1][Ring2][=C][Ring1][=Branch1][Ring2][Ring1][C][=C][Ring1][=C][Ring2][Ring1][C],6.2461,1,train
[C][C][=C][C][=C][C][=C][Ring1][=Branch1],8.7357,1,train
[C][O][C][=Branch1][C][=O][C][=N][C][Branch1][C][Br][=C][Branch1][=Branch2][C][=C][C][=C][C][=C][Ring1][=Branch1][O][Ring1][N],8.6149,1,train
[C][O][C][=N][C][Branch2][Ring2][Ring1][N][C][=C][C][=C][C][=C][C][=C][C][=C][C][=C][C][Branch1][=C][C][=C][C][=C][C][Ring2][Ring1][C][=C][Ring1][=Branch1][Ring1][S][=C][Ring1][N][Ring1][S][=N][C][Branch1][Ring1][O][C][=N][Ring2][Ring1][=N],6.4488,1,train
[N][#C][C][=C][Branch1][Ring1][C][#N][C][Branch1][Ring1][C][#N][=C][Branch2][Ring2][Branch1][C][=N][C][=N][C][Branch1][=Branch2][C][Branch1][C][F][Branch1][C][F][F][=N][C][=N][C][Branch1][Ring1][C][=O][=N][C][=Branch1][Branch1][=N][Ring2][Ring1][C][N][Ring1][=Branch2][Ring1][P][C][Branch1][Ring1][C][#N][=C][Ring2][Ring1][#C][C][#N],9.4712,1,train
[C][N][C][Branch1][=C][C][=Branch1][C][=O][N][C][=C][C][=C][C][=N][Ring1][=Branch1][=C][Branch1][C][O][C][=C][C][=C][C][=C][Ring1][=Branch1][S][Ring2][Ring1][Ring2][=Branch1][C][=O][=O],7.4981,1,train
[C][C][=C][N][Branch1][=Branch2][C][Branch1][C][F][Branch1][C][F][F][C][=Branch1][C][=O][NH1][C][Ring1][O][=O],9.8381,1,train
[Br][C][=C][C][=C][C][C][=C][Branch2][Ring1][=Branch1][C][C][=C][NH1][C][=Ring1][Branch1][C][=C][C][=C][C][=C][C][=C][C][Ring1][=Branch1][=C][Ring1][#Branch2][O][C][=Ring2][Ring1][Ring2][C][=C][Ring2][Ring1][Branch2][NH1][Ring2][Ring1][O],6.6668,1,train
[C][O][C][=Branch1][C][=O][C][Branch2][Ring1][P][C][C][=C][C][=C][O][C][Branch1][S][C][=C][C][=C][Branch1][=Branch1][N][Branch1][C][C][C][C][=C][Ring1][=Branch2][=N][C][Ring1][=C][=C][Ring2][Ring1][C][N][C][=Branch1][C][=O][O][C][Branch1][C][C][Branch1][C][C][C],6.7649,1,train
[O][=C][O][C][=C][C][=C][C][=C][Ring1][=Branch1][C][=C][Ring1][#Branch2][C][=N][C][=C][C][=C][C][=C][Ring1][=Branch1][O][Ring1][=Branch2],8.0395,1,train
[C][=C][C][=C][Branch2][Branch1][Ring1][N][Branch2][Ring1][C][C][=C][C][=C][Branch1][Branch2][C][=C][N][=C][NH1][Ring1][Branch1][C][=C][Ring1][O][C][=N][C][=C][C][Branch1][=C][C][=C][C][=C][N][=C][NH1][C][Ring1][Branch1][=C][Ring1][=Branch2][=C][C][=C][Ring1][#C][S][Ring2][Ring1][C][C][=C][Ring2][Ring2][Ring2],6.5944,1,train
[C][C][C][C][N][C][=C][C][=C][C][=C][Ring1][=Branch1][C][=C][C][=C][C][=C][C][Branch1][#C][C][=C][C][=C][C][=C][C][=C][C][Ring1][=Branch1][=C][Ring1][#Branch2][=C][C][=C][Ring1][S][N][Branch1][Branch1][C][C][C][C][C][Ring2][Ring1][#Branch1][=C][Ring2][Ring1][O][Ring2][Ring2][C],6.0522,1,train
[C][O][C][=N][N][=C][Branch1][C][Cl][N][=N][Ring1][#Branch1],8.9753,1,train
[N][#C][C][=C][C][=C][Branch1][C][N][C][=N][O][N][=C][Ring1][#Branch2][Ring1][Branch1],9.1886,1,train
[O][=C][C][=C][NH1][C][=Branch1][C][=O][NH1][Ring1][#Branch1],9.7209,1,train
[N][C][=C][C][=C][C][Branch1][=Branch2][C][Branch1][C][F][Branch1][C][F][F][=C][C][=Branch1][C][=O][O][C][Ring1][O][=C][Ring1][#C],8.8053,1,train
[O][=C][O][C][=C][C][=C][C][=C][Ring1][=Branch1][C][=C][Ring1][#Branch2][C][=C][N][C][=C][C][=C][C][Ring1][=Branch1][=N][Ring1][=Branch2],7.6707,1,train
[C][C][Branch1][C][C][O][C][=C][Branch2][Ring1][#Branch2][C][=N][C][=C][C][=C][C][=C][Ring1][=Branch1][N][=C][Ring1][#Branch2][C][=C][C][=C][C][=C][Ring2][Ring1][C][Ring1][=Branch1][C][C][Ring2][Ring1][#Branch1][Br],6.9883,1,train
[C][C][=C][NH1][C][=Branch1][C][=O][NH1][C][Ring1][#Branch1][=O],9.129,1,train
[O][=C][C][=C][NH1][C][=Branch1][C][=O][NH1][Ring1][#Branch1],9.7209,1,train
[C][C][=C][N][Branch1][=Branch2][C][Branch1][C][F][Branch1][C][F][F][C][=Branch1][C][=O][NH1][C][Ring1][O][=O],9.8381,1,train
[N][#C][C][=C][C][=C][Branch2][Ring1][Ring1][C][=C][O][C][=C][C][=C][C][Branch1][C][O][=C][Ring1][#Branch1][C][Ring1][#Branch2][=O][C][=C][Ring2][Ring1][C],8.148,1,train
[C][C][Branch2][Ring1][=Branch2][C][=C][C][=C][Branch1][#C][N][C][=C][O][C][=C][C][=C][C][=C][Ring1][=Branch1][Ring1][#Branch2][C][=C][Ring1][S][C][=C][C][=C][NH1][C][=C][Branch2][Ring1][C][C][=C][C][C][=C][C][=C][C][=C][Ring1][=Branch1][NH1][C][=Ring1][=Branch2][Ring1][=N][C][Ring1][S][=C][Ring2][Ring1][Ring2],5.7349,1,train
[O][=C][Branch2][Ring1][O][C][=C][C][=C][C][=Branch1][Ring2][=C][Ring1][=Branch1][S][C][=C][Branch1][=Branch2][C][=C][C][=C][C][=N][Ring1][=Branch1][N][Ring1][=N][C][=C][C][=C][C][=C][C][Ring1][=Branch1][=C][C][=C][C][=C][C][=C][C][=C][Ring1][=Branch1][C][=C][Ring2][Ring1][C][Ring1][#Branch2],6.0441,1,train
[C][O][C][=Branch1][C][=O][C][=C][C][=Branch1][C][=O][N][Branch1][C][C][C][C][=C][Branch1][=N][C][=C][C][=C][Branch1][Ring1][O][C][C][=C][Ring1][Branch2][S][C][Ring2][Ring1][Ring1][=Ring1][=N],7.4195,1,train
[C][O][C][=C][C][NH1][C][=C][Branch1][#C][C][=Ring1][Branch1][C][=C][Ring1][=Branch2][O][C][C][=Branch1][C][=O][O][C][C][C][C][Ring1][=C][=O],7.3855,1,train
[C][C][=C][N][Branch1][=Branch2][C][Branch1][C][F][Branch1][C][F][F][C][=Branch1][C][=O][NH1][C][Ring1][O][=O],9.8381,1,train
[C][C][C][C][N][C][=C][C][=C][Branch1][=Branch1][N][C][C][C][C][C][=C][Ring1][O][C][=Branch1][C][=O][C][=C][C][=C][C][=C][Ring1][=Branch1][C][Ring1][O][=O],6.6904,1,train
[C][C][Branch1][C][C][Branch1][C][C][N][C][=Branch1][C][=O][C][=C][C][=C][C][=C][C][=C][C][=C][C][=C][C][=Branch1][=Branch2][=C][Ring1][=C][C][Ring2][Ring1][C][=O][C][Ring1][#C][=C][Ring1][=N][Ring1][=Branch2],7.4671,1,train
[C][C][N][Branch1][Ring1][C][C][C][=C][C][=C][C][=C][Branch1][=C][C][=N][C][=C][C][=C][C][=C][Ring1][=Branch1][S][Ring1][=Branch2][C][=Branch1][C][=O][O][C][Ring1][S][=C][Ring2][Ring1][Ring2],7.0169,1,train
[C][C][=C][Branch1][P][C][=C][C][=C][C][=Branch1][Ring2][=C][Ring1][=Branch1][S][C][=C][N][Ring1][#Branch1][C][=C][C][=C][Ring1][S][C][=C][C][=C][C][=C][C][=C][C][=C][C][=C][Ring1][=Branch1][C][Ring1][#Branch2][=C][Ring1][=C],6.0647,1,train
[F][C][Branch1][C][F][Branch1][C][F][C][Branch1][C][F][Branch1][C][F][C][Branch1][C][F][Branch1][C][F][C][Branch1][C][F][Branch1][C][F][C][Branch1][C][F][Branch1][C][F][C][Branch1][C][F][Branch1][C][F][C][C][O][C][=N][N][=C][Branch1][C][Cl][N][=N][Ring1][#Branch1],9.1783,1,train
[O][=C][Branch1][=Branch2][C][=C][N][=C][C][=N][Ring1][=Branch1][N][C][=C][C][=C][C][=C][Ring1][=Branch1][N][Branch2][Ring1][Ring1][C][=C][C][=C][C][S][C][=C][C][=Ring1][Branch1][C][=C][Ring1][=Branch2][S][Ring1][N][C][=C][C][=C][C][=C][Ring1][=Branch1][Ring2][Ring1][#Branch2],6.4108,1,train
[C][=C][C][=C][NH1][N][=C][C][Ring1][Branch1][=C][Ring1][=Branch2],8.4045,1,train
[O][=C][C][=C][NH1][C][=Branch1][C][=O][NH1][Ring1][#Branch1],9.7209,1,train
[C][=C][C][=C][C][=C][Ring1][=Branch1],9.3262,1,train
[N][C][=C][C][=C][C][Branch1][=Branch2][C][Branch1][C][F][Branch1][C][F][F][=C][C][=Branch1][C][=O][O][C][Ring1][O][=C][Ring1][#C],8.8053,1,train
[O][C][=C][C][=C][C][=C][C][=C][C][Ring1][=Branch1][=C][Ring1][#Branch2][C][=N][C][Branch1][=Branch2][C][=C][C][=C][C][=C][Ring1][=Branch1][=C][C][=C][C][=C][N][Ring1][#C][Ring1][=Branch1],6.7489,1,train
[C][C][=C][N][Branch1][=Branch2][C][Branch1][C][F][Branch1][C][F][F][C][=Branch1][C][=O][NH1][C][Ring1][O][=O],9.8381,1,train
[C][C][O][C][=C][C][=C][C][Branch2][Ring1][C][C][=N][C][Branch1][=Branch2][C][=C][C][=C][C][=C][Ring1][=Branch1][=N][O][Ring1][O][=C][C][=Branch1][C][=O][O][C][Ring2][Ring1][C][=C][Ring2][Ring1][=Branch1],8.0323,1,train
[C][=C][C][=C][C][Branch2][Ring2][#Branch2][C][=N][C][=C][Branch2][Ring1][#C][C][=C][C][=C][C][=C][C][Ring1][=Branch1][=C][C][=C][C][=C][Branch1][Branch2][C][C][=C][S][C][=Ring1][Branch1][C][=C][Ring2][Ring1][Ring1][Ring1][O][S][Ring2][Ring1][Branch2][=C][C][=C][C][Ring2][Ring1][=C][=C][Ring2][Ring2][C],6.6353,1,train
[C][=C][C][Branch1][#C][C][C][=C][O][C][=C][C][=C][C][=C][Ring1][=Branch2][Ring1][=Branch1][C][=C][C][=C][C][=C][Ring1][=Branch1][C][=Branch1][C][=O][N][C][Ring1][=Branch1][=O],7.6936,1,train
[C][C][O][C][=Branch1][C][=O][C][=C][C][=C][Branch1][C][N][C][=C][Ring1][#Branch1],8.0774,1,train
[F][C][=N][C][Branch1][C][F][=C][Branch1][C][F][C][Branch2][Ring1][#C][C][#C][C][=C][C][=C][C][=C][Ring1][=Branch1][C][#C][C][=C][Branch1][C][F][C][Branch1][C][F][=N][C][Branch1][C][F][=C][Ring1][=Branch2][F][=C][Ring2][Ring1][N][F],8.7945,1,train
[O][=C][Branch1][C][O][C][=C][C][=C][C][=C][Ring1][=Branch1],9.3416,1,train
[N][#C][C][=C][C][=C][Branch1][C][N][C][=N][O][N][=C][Ring1][#Branch2][Ring1][Branch1],9.1886,1,train
[O][=C][C][=C][NH1][C][=Branch1][C][=O][NH1][Ring1][#Branch1],9.7209,1,train
[C][N][Branch1][C][C][C][=C][C][=C][Branch1][O][C][#C][C][=C][C][=C][C][=C][Ring1][=Branch1][C][=C][Ring1][=C],6.7749,1,train
[C][O][C][=C][C][=C][Branch2][Ring2][=N][C][=C][C][=C][C][=Branch1][Ring2][=C][Ring1][=Branch1][C][C][C][=C][C][Branch1][=N][C][=C][C][=C][Branch1][Ring1][O][C][C][=C][Ring1][Branch2][=C][C][=Branch1][#Branch1][=C][Ring1][=C][Ring2][Ring1][Ring1][C][C][Ring2][Ring1][=Branch1][C][=C][Ring2][Ring1][=C],6.4479,1,train
[N][#C][C][=C][C][=C][C][=C][Ring1][=Branch1][N],8.5267,1,train
[C][=C][C][=C][C][=C][Ring1][=Branch1],9.3262,1,train
[N][C][=C][C][=C][C][=C][C][=C][C][=C][C][=C][C][=Branch1][Ring2][=C][Ring1][=C][C][Ring1][=N][=C][Ring1][O][Ring1][#Branch1],6.9769,1,train
[C][O][C][=C][C][=C][C][=C][Branch1][Ring1][C][#N][C][=Branch1][C][=N][O][C][Ring1][=Branch2][=C][Ring1][=N],8.2889,1,train
[C][C][C][C][N][C][=Branch1][C][=O][C][=C][C][=C][C][=C][Branch1][Ring1][O][C][C][=C][C][=Branch1][=Branch1][=C][Ring1][N][Ring1][Branch2][C][Ring1][S][=O],7.8374,1,train
[C][=C][C][=C][C][=C][Ring1][=Branch1],9.3262,1,train
[N][C][=C][C][=C][C][Branch1][=Branch2][C][Branch1][C][F][Branch1][C][F][F][=C][C][=Branch1][C][=O][O][C][Ring1][O][=C][Ring1][#C],8.8053,1,train
[C][C][=C][N][Branch1][=Branch2][C][Branch1][C][F][Branch1][C][F][F][C][=Branch1][C][=O][NH1][C][Ring1][O][=O],9.8381,1,train
[F][C][Branch1][C][F][Branch1][C][F][C][Branch1][C][F][Branch1][C][F][C][Branch1][C][F][Branch1][C][F][C][Branch1][C][F][Branch1][C][F][C][Branch1][C][F][Branch1][C][F][C][Branch1][C][F][Branch1][C][F][C][C][O][C][=N][N][=C][Branch1][C][Cl][N][=N][Ring1][#Branch1],9.1783,1,train
[F][C][Branch1][C][F][Branch1][C][F][C][Branch1][C][F][Branch1][C][F][C][Branch1][C][F][Branch1][C][F][C][Branch1][C][F][Branch1][C][F][C][Branch1][C][F][Branch1][C][F][C][Branch1][C][F][Branch1][C][F][C][C][O][C][=N][N][=C][Branch1][C][Cl][N][=N][Ring1][#Branch1],9.1783,1,train
[O][=C][N][C][=Branch1][C][=O][C][C][Ring1][=Branch1][=C][C][C][=C][C][=C][C][=Ring1][=Branch1][NH1][C][Ring1][=Branch2][=C][NH1][C][=C][C][=C][C][=C][Ring1][=Branch1][C][=Ring2][Ring1][Ring2][Ring1][=Branch2],7.1179,1,train
[C][=C][C][=C][C][=Branch1][Ring2][=C][Ring1][=Branch1][C][C][C][=C][Ring1][#Branch1][C][=N][C][=C][Ring1][=Branch1][C][=C][C][=C][C][=C][Ring1][=Branch1][C][C][Ring1][#Branch2],7.2484,1,train
[C][C][=C][C][=C][Branch2][Ring2][P][C][=C][C][Branch1][S][C][=C][C][=C][Branch1][=Branch1][N][Branch1][C][C][C][C][=C][Ring1][=Branch2][=C][C][Branch1][C][N][=N][C][Branch1][Branch2][N][C][C][C][C][Ring1][Branch1][=C][Branch1][Ring1][C][#N][C][Ring1][=C][=N][Ring2][Ring1][O][C][=C][Ring2][Ring1][P],6.405,1,train
[O][=C][C][=C][C][Branch1][=Branch2][N][C][C][C][C][C][Ring1][=Branch1][=C][C][=C][C][=C][Branch1][=Branch2][N][C][C][C][C][C][Ring1][=Branch1][C][=C][Branch1][=Branch2][N][C][C][C][C][C][Ring1][=Branch1][C][=C][C][=C][Ring2][Ring1][S][C][Ring2][Ring1][Branch2][=C][Ring1][=Branch1][Ring2][Ring1][=Branch1],6.0876,1,train
[C][C][Branch1][C][C][C][C][C][C][N][C][C][C][=C][Ring1][Branch1][C][=C][C][=C][C][=Branch1][Branch2][=C][C][=C][Ring1][#Branch2][Ring1][=Branch1][C][C][C][C][Ring1][=Branch2][=O],6.5419,1,train
[C][C][=C][C][=Branch1][C][=O][C][=C][C][=C][Branch1][C][N][C][=C][Ring1][#Branch1][O][Ring1][N],7.9292,1,train
[N][#C][C][=C][Branch1][P][C][=C][C][=C][Branch1][Branch2][C][=C][C][=C][S][Ring1][Branch1][S][Ring1][#Branch2][C][C][Ring1][=C],7.4516,1,train
[C][C][C][C][N][C][=C][C][=C][C][=C][Ring1][=Branch1][C][=C][C][=C][C][=C][C][Branch1][#C][C][=C][C][=C][C][=C][C][=C][C][Ring1][=Branch1][=C][Ring1][#Branch2][=C][C][=C][Ring1][S][N][Branch1][Branch1][C][C][C][C][C][Ring2][Ring1][#Branch1][=C][Ring2][Ring1][O][Ring2][Ring2][C],6.0544,1,train
[C][C][C][C][N][C][=Branch1][C][=O][C][=C][C][=C][C][=C][Branch1][Ring1][O][C][C][=C][C][=Branch1][=Branch1][=C][Ring1][N][Ring1][Branch2][C][Ring1][S][=O],7.8445,1,train
[O][=C][C][=C][C][=C][C][=C][C][=C][C][=C][C][=C][C][=C][Ring1][=C][C][Ring1][N][=C][Ring1][#Branch2][Ring1][=Branch1],7.5672,1,train
[O][=C][C][=C][C][Branch1][=Branch2][N][C][C][C][C][C][Ring1][=Branch1][=C][C][=C][C][=C][Branch1][=Branch2][N][C][C][C][C][C][Ring1][=Branch1][C][=C][Branch1][=Branch2][N][C][C][C][C][C][Ring1][=Branch1][C][=C][C][=C][Ring2][Ring1][S][C][Ring2][Ring1][Branch2][=C][Ring1][=Branch1][Ring2][Ring1][=Branch1],5.9322,1,train
[O][=C][C][=C][NH1][C][=Branch1][C][=O][NH1][Ring1][#Branch1],9.7209,1,train
[C][N][Branch1][C][C][C][=C][C][=C][C][=Branch1][Ring2][=C][Ring1][=Branch1][C][C][=C][C][=C][C][=C][Ring1][=Branch1][Ring1][#Branch2],6.6505,1,train
[N][#C][C][=C][C][=C][C][=C][C][=C][Ring1][=Branch1][NH1][Ring1][=Branch2],8.3055,1,train
[N][#C][C][=C][C][=C][Branch1][=N][C][#C][C][=C][C][=C][C][=C][Ring1][=Branch1][C][#N][C][=C][Ring1][S],8.2349,1,train
[C][C][=C][N][=C][Branch2][Ring1][=C][N][C][=Branch1][C][=O][C][=C][Branch1][C][O][C][=C][C][=C][C][=C][Ring1][=Branch1][S][=Branch1][C][=O][=Branch1][C][=O][N][Ring1][=N][C][S][Ring2][Ring1][=Branch1],7.7174,1,train
[O][=C][C][=C][C][Branch1][Ring1][C][=O][=C][C][=C][C][=C][Branch1][=Branch2][N][C][C][C][C][C][Ring1][=Branch1][C][=C][Branch1][=Branch2][N][C][C][C][C][C][Ring1][=Branch1][C][=C][C][=C][Ring2][Ring1][N][C][Ring2][Ring1][Branch2][=C][Ring1][=Branch1][Ring2][Ring1][=Branch1],6.467,1,train
[C][C][=C][C][=Branch1][C][=O][O][C][=C][Ring1][#Branch1][C][=C][Branch1][C][Br][C][O][C][=C][Branch1][C][C][C][=Ring1][=Branch1][Ring1][O],8.171,1,train
[C][C][=C][N][Branch1][=Branch2][C][Branch1][C][F][Branch1][C][F][F][C][=Branch1][C][=O][NH1][C][Ring1][O][=O],9.8381,1,train
[F][C][Branch1][C][F][Branch1][C][F][C][Branch1][C][F][Branch1][C][F][C][Branch1][C][F][Branch1][C][F][C][Branch1][C][F][Branch1][C][F][C][Branch1][C][F][Branch1][C][F][C][Branch1][C][F][Branch1][C][F][C][C][O][C][=N][N][=C][Branch1][C][Cl][N][=N][Ring1][#Branch1],9.2088,1,train
[F][C][Branch1][C][F][Branch1][C][F][C][Branch1][C][F][Branch1][C][F][C][Branch1][C][F][Branch1][C][F][C][Branch1][C][F][Branch1][C][F][C][Branch1][C][F][Branch1][C][F][C][Branch1][C][F][Branch1][C][F][C][C][O][C][=N][N][=C][Branch1][C][Cl][N][=N][Ring1][#Branch1],9.2088,1,train
[C][C][Branch1][C][C][N][C][=C][C][Branch1][C][Cl][=C][C][=C][Ring1][#Branch1][C][NH1][C][=C][C][=C][C][=C][Ring1][=Branch1][C][=Branch1][C][=O][C][=Ring1][O][Ring2][Ring1][Branch1],7.0706,1,train
[O][=C][Branch1][C][O][C][=C][C][=C][C][=C][Ring1][=Branch1],9.3416,1,train
[N][#C][C][=C][C][=C][C][C][=C][NH1][C][Ring1][=Branch2][=Ring1][Branch1],8.2757,1,train
[C][O][C][=C][C][=C][Branch2][Ring1][P][C][#C][C][=N][C][=C][C][=C][C][=C][Ring1][=Branch1][N][=C][Ring1][#Branch2][C][=C][N][Branch1][C][C][C][=C][C][=C][C][=C][Ring1][#Branch2][Ring1][=Branch1][C][=C][Ring2][Ring1][N],6.4932,1,train
[C][O][C][=C][C][=C][C][=C][Branch1][=Branch2][C][=C][C][=C][Ring1][#Branch2][Ring1][=Branch1][C][=Branch1][C][=O][C][=C][C][=C][C][=C][Ring1][=Branch1][Ring1][#C],7.379,1,train
[N][#C][C][=C][C][=C][Branch1][C][N][C][=N][O][N][=C][Ring1][#Branch2][Ring1][Branch1],9.1886,1,train
[F][C][Branch1][C][F][Branch1][C][F][C][Branch1][C][F][Branch1][C][F][C][Branch1][C][F][Branch1][C][F][C][Branch1][C][F][Branch1][C][F][C][Branch1][C][F][Branch1][C][F][C][Branch1][C][F][Branch1][C][F][C][C][O][C][=N][N][=C][Branch1][C][Cl][N][=N][Ring1][#Branch1],9.1783,1,train
[O][=C][C][=C][NH1][C][=Branch1][C][=O][NH1][Ring1][#Branch1],9.7209,1,train
[C][S][=Branch1][C][=O][=Branch1][C][=O][C][=C][C][=C][Branch2][Ring2][Branch1][C][=Branch1][C][=O][C][=C][C][=C][Branch2][Ring1][Branch1][N][C][=C][C][=C][O][C][=C][C][=C][C][=C][Ring1][=Branch1][C][Ring1][=Branch2][=C][Ring1][=N][C][=C][Ring2][Ring1][Ring2][C][=C][Ring2][Ring1][N],7.048,1,train
[C][N][Branch1][C][C][C][=C][C][=C][Branch2][Ring1][P][C][=N][C][Branch1][S][C][=C][C][=C][Branch1][=Branch1][N][Branch1][C][C][C][C][=C][Ring1][=Branch2][=C][C][=C][C][=C][C][Ring1][=Branch1][=N][Ring2][Ring1][Ring1][C][=C][Ring2][Ring1][=Branch2],6.08,1,train
[C][C][C][C][N][C][=C][C][=C][C][=C][Ring1][=Branch1][C][=C][Ring1][=Branch2][C][C][=C][C][=C][C][=C][Ring1][=Branch1][N][Branch1][Branch1][C][C][C][C][C][=Ring1][=N][C][C][=C][C][=C][C][=C][Ring1][=Branch1][N][Branch1][Branch1][C][C][C][C][C][Ring2][Ring1][N][=Ring1][=N],6.0511,1,train
[C][C][=C][C][=C][C][=C][C][C][=Branch1][C][=O][N][Branch1][C][C][C][=Branch1][C][=O][N][Branch1][C][C][C][=Ring1][#Branch2][N][=C][Ring2][Ring1][C][Ring1][=C],7.9413,1,train
[N][C][C][C][=C][NH1][C][=C][C][=C][Branch1][C][O][C][=C][Ring1][#Branch2][Ring1][#Branch1],7.1359,1,train
[C][=C][C][=C][Branch2][Ring2][P][C][=C][C][=C][Branch2][Ring1][S][C][=C][C][=C][Branch2][Ring1][Ring2][N][Branch1][=Branch2][C][=C][C][=C][C][=C][Ring1][=Branch1][C][=C][C][=C][C][=C][Ring1][=Branch1][C][=C][Ring2][Ring1][Ring1][C][=N][S][N][=C][Ring2][Ring1][N][Ring1][Branch1][C][=C][Ring2][Ring2][C],6.4383,1,train
[C][N][C][=C][C][=C][C][=C][Ring1][=Branch1][C][=Branch1][C][=O][C][=C][C][=C][C][=C][Ring1][=Branch1][Ring1][#C],7.5025,1,train
[C][O][C][=C][C][=C][C][=C][C][=C][C][=C][Branch1][Ring1][O][C][C][=C][C][Branch1][#C][C][=C][C][=C][C][Ring2][Ring1][Ring2][=C][Ring1][=Branch1][Ring2][Ring1][C][=C][Ring1][=C][Ring2][Ring1][C],6.2461,1,train
[C][N][C][C][N][Branch2][Ring1][#C][C][=C][C][=C][C][=C][Branch1][=Branch2][C][=C][C][=C][Ring1][#Branch2][Ring1][=Branch1][C][=Branch1][C][=O][C][=C][C][=C][C][=C][Ring1][=Branch1][Ring1][#C][C][C][Ring2][Ring1][Branch2],6.8069,1,train
[C][C][Branch1][C][C][Branch1][C][C][C][=C][C][=C][Branch2][Ring2][Ring2][C][=N][N][=C][Branch2][Ring1][=Branch2][C][=C][C][=C][C][=C][C][=C][C][=C][C][=C][C][=C][Ring1][=C][C][Ring1][N][=C][Ring1][#Branch2][Ring1][=Branch1][O][Ring2][Ring1][Branch1][C][=C][Ring2][Ring1][O],6.8942,1,train
[C][O][C][=Branch1][C][=O][C][=N][C][Branch1][C][Br][=C][Branch1][=Branch2][C][=C][C][=C][C][=C][Ring1][=Branch1][O][Ring1][N],8.6149,1,train
[C][C][=C][C][=C][Branch2][Ring1][#Branch2][O][C][C][=C][C][=Branch1][C][=O][O][C][=C][Ring1][#Branch1][C][=C][C][=C][C][=C][C][=C][Ring1][=Branch1][Ring1][#Branch2][C][=C][Ring2][Ring1][#Branch1],7.3514,1,train
[F][C][Branch1][C][F][Branch1][C][F][C][Branch1][C][F][Branch1][C][F][C][Branch1][C][F][Branch1][C][F][C][Branch1][C][F][Branch1][C][F][C][Branch1][C][F][Branch1][C][F][C][Branch1][C][F][Branch1][C][F][C][C][O][C][=N][N][=C][Branch1][C][Cl][N][=N][Ring1][#Branch1],9.1783,1,train
[C][C][=C][N][Branch1][=Branch2][C][Branch1][C][F][Branch1][C][F][F][C][=Branch1][C][=O][NH1][C][Ring1][O][=O],9.8381,1,train
[N][#C][C][=C][C][=C][Branch1][C][N][C][Branch1][Ring1][C][#N][=C][Ring1][=Branch2],8.8701,1,train
[C][C][=C][C][Branch2][Ring2][=Branch2][C][Branch2][Ring1][C][C][=C][C][Branch1][C][C][=C][Branch1][C][O][C][Branch1][C][Br][=C][Ring1][=Branch2][O][S][=Branch1][C][=O][=Branch1][C][=O][C][=C][C][=C][C][=C][Ring1][=Branch1][Ring2][Ring1][Ring2][=C][C][Branch1][C][Br][=C][Ring2][Ring1][O][O],7.8059,1,train
[N][#C][C][=C][C][=C][C][=C][C][=C][Ring1][=Branch1][NH1][Ring1][=Branch2],8.3055,1,train
[C][O][C][=C][C][=C][C][=C][C][Branch1][C][C][=C][C][=Branch1][C][=O][O][C][Ring1][Branch2][=C][C][Ring1][N][=C][Ring1][S],7.8259,1,train
[N][C][=C][C][=C][C][=C][C][=C][C][=C][C][=C][C][Branch1][=C][C][=C][C][=C][C][Ring2][Ring1][C][=C][Ring1][=Branch1][Ring1][S][=C][Ring1][N][Ring1][S],6.5376,1,train
[N][C][=C][C][=C][C][Branch1][=Branch2][C][Branch1][C][F][Branch1][C][F][F][=C][C][=Branch1][C][=O][O][C][Ring1][O][=C][Ring1][#C],8.8053,1,train
[C][S][=Branch1][C][=O][=Branch1][C][=O][N][Branch2][Ring1][O][C][=C][C][=C][Branch1][P][N][C][=C][C][=Branch1][C][=O][N][C][=C][Ring1][=Branch1][C][Ring1][=Branch2][=O][C][=C][Ring1][S][C][=C][C][=C][NH1][Ring1][Branch1],7.1422,1,train
[N][#C][C][=C][C][=C][C][C][=C][NH1][C][Ring1][=Branch2][=Ring1][Branch1],8.2757,1,train
[O][=C][Branch1][C][O][C][C][C][C][N][Ring1][Branch1][C][=Branch1][C][=O][C][=C][C][=C][Branch2][Ring1][S][C][C][C][Branch1][#C][C][=C][C][=C][C][=C][C][=C][C][=C][Ring1][#Branch2][Ring1][=Branch1][=N][N][Ring1][#C][C][=C][C][=C][C][=C][Ring1][=Branch1][C][=C][Ring2][Ring1][O],6.4715,1,train
[N][#C][C][=C][C][=C][NH1][C][=C][C][Ring1][Branch1][=C][Ring1][=Branch2],8.262,1,train
[C][N][Branch1][C][C][C][=C][C][=C][Branch2][Ring2][Ring1][C][#C][C][=C][C][=C][C][Branch1][=Branch1][N][Branch1][C][C][C][=C][C][Branch1][=Branch2][C][=C][C][=C][C][=C][Ring1][=Branch1][=C][C][Ring1][#C][=C][Ring2][Ring1][Ring1][C][=C][Ring2][Ring1][O],6.1128,1,train
[C][C][C][Branch1][Ring1][C][C][N][C][=C][C][=C][C][=C][Ring1][=Branch1][C][=C][C][=C][Branch1][#Branch1][C][=C][Ring1][=Branch1][Ring1][=N][C][=C][C][=C][C][=C][Ring1][=Branch1][N][Ring1][O][C][Branch1][Ring1][C][C][C][C],6.2611,1,train
[C][C][C][=C][C][Branch2][Ring2][#Branch1][C][=C][C][=C][C][=C][C][=C][C][=C][Ring1][=Branch1][C][=C][C][=C][Branch1][=Branch2][C][=C][C][=C][C][=C][Ring1][=Branch1][C][=C][Ring1][N][C][Ring2][Ring1][Ring2][=C][Ring2][Ring1][Branch2][=C][C][=C][C][=C][C][=C][Ring2][Ring2][C][Ring1][=Branch1],6.6641,1,train
[C][C][=Branch1][C][=O][C][=C][C][=Branch2][Ring1][Ring1][=C][C][=C][C][Branch1][=Branch1][N][Branch1][C][C][C][=C][C][=C][Ring1][=N][Ring1][=Branch2][C][C][C][Ring1][#C],6.8289,1,train
[N][C][=C][C][=C][C][Branch1][=Branch2][C][Branch1][C][F][Branch1][C][F][F][=C][C][=Branch1][C][=O][O][C][Ring1][O][=C][Ring1][#C],8.8053,1,train
[O][=C][C][=C][C][=C][C][C][=C][O][C][=Ring1][Branch1][C][=C][Ring1][=Branch2][O][Ring1][=N],8.5807,1,train
[C][C][N][Branch1][Ring1][C][C][C][=C][C][=C][Branch2][Ring2][Ring2][C][=N][C][=C][Branch1][P][C][=C][Ring1][=Branch1][C][=C][C][=C][C][=C][Ring1][=Branch1][C][C][Ring1][#Branch2][C][=C][C][=C][C][=C][Ring1][=Branch1][C][C][Ring2][Ring1][Ring2][C][=C][Ring2][Ring1][N],6.3498,1,train
[C][=C][C][=C][Branch2][Ring1][N][C][=N][C][Branch1][=Branch2][C][=C][C][=C][C][=C][Ring1][=Branch1][=C][Branch1][=Branch2][C][=C][C][=C][C][=C][Ring1][=Branch1][NH1][Ring1][P][C][=C][Ring2][Ring1][#Branch1],6.9991,1,train
[N][#C][C][=C][Branch1][C][N][N][C][=Branch1][C][=O][C][=C][C][=C][C][=C][Ring1][=Branch1][C][=Branch1][C][=O][N][Ring1][N][C][Ring1][S][C][=C][C][=C][S][Ring1][Branch1],7.7582,1,train
[O][=C][C][=C][NH1][C][=Branch1][C][=O][NH1][Ring1][#Branch1],9.7209,1,train
[C][O][C][=Branch1][C][=O][C][=N][C][=C][Branch1][C][N][N][=C][Branch1][=Branch1][N][Branch1][C][C][C][N][=C][Ring1][#Branch2][N][Ring1][=N][C][C][=C][C][=C][C][=C][Ring1][=Branch1],7.1986,1,train
[N][#C][C][=C][C][=C][C][Branch1][C][N][=C][Ring1][#Branch1],8.5025,1,train
[C][C][O][C][=Branch1][C][=O][C][S][C][Branch1][Ring1][S][C][=C][C][=Branch1][C][=O][NH1][N][=N][C][=Ring1][N][Ring1][#Branch1],7.9461,1,train
[C][#C][C][=C][C][=C][S][C][=C][Branch2][Ring2][N][C][=C][C][=C][Ring1][=Branch1][C][=C][C][Branch2][Ring1][Branch1][N][C][=C][C][=C][C][=C][Ring1][=Branch1][N][C][=C][C][=C][C][=C][Ring1][=Branch1][Ring1][=C][=C][C][=C][Ring2][Ring1][Ring2][N][Ring2][Ring1][#Branch1][Br][C][Ring2][Ring1][#C][=C][Ring2][Ring2][Ring1],5.9841,1,train
[N][#C][C][=C][C][S][C][=C][C][=Ring1][Branch1][C][=C][Ring1][=Branch2][C][=C][C][=C][C][=C][C][=C][Ring1][=Branch1][Ring1][#Branch2],7.6131,1,train
[O][=C][C][=C][Branch1][=Branch2][C][Branch1][C][F][Branch1][C][F][F][C][=C][C][=C][C][=Branch1][#Branch1][=C][Ring1][=Branch1][O][Ring1][=C][C][C][C][N][Ring1][Branch2][C][C][C][Ring1][N],7.751,1,train
[O][=S][=Branch1][C][=O][Branch1][C][O][C][=C][C][=C][C][=C][C][=C][C][Branch1][#Branch2][N][C][=C][C][=C][C][=C][Ring1][=Branch1][=C][Ring1][P][Ring1][=N],7.0604,1,train
[C][=C][Branch1][P][C][=C][C][=C][Branch1][Branch2][C][=C][C][=C][S][Ring1][Branch1][S][Ring1][#Branch2][C][C][C][C][Ring1][S],6.9809,1,train
[C][C][C][=C][C][=C][Branch2][Ring2][=N][N][C][=C][C][=C][C][=C][Ring1][=Branch1][C][=C][C][=C][Branch1][#Branch1][C][=C][Ring1][=Branch1][Ring1][=N][C][=C][C][=C][C][=C][Ring1][=Branch1][N][Ring1][O][C][=C][C][=C][Branch1][Ring1][C][C][C][=C][Ring1][Branch2][C][=C][Ring2][Ring2][C],6.187,1,train
[O][C][=C][C][=C][C][=C][Ring1][=Branch1],8.7483,1,train
[C][N][C][=C][C][=C][C][=Branch1][Ring2][=C][Ring1][=Branch1][C][=C][C][=C][C][=C][Ring1][=Branch1][C][Ring1][#Branch2][=O],7.5021,1,train
[C][O][C][=Branch1][C][=O][C][=N][C][=C][N][=C][Branch1][=Branch1][N][Branch1][C][C][C][N][=C][Ring1][=Branch2][N][Ring1][N][C][C][=C][C][=C][C][=C][Ring1][=Branch1],7.4213,1,train
[C][C][=C][N][Branch1][=Branch2][C][Branch1][C][F][Branch1][C][F][F][C][=Branch1][C][=O][NH1][C][Ring1][O][=O],9.8381,1,train
[C][O][C][=C][C][Branch1][=Branch1][C][=Branch1][C][=O][O][=C][C][=C][Ring1][=Branch2][O],8.4268,1,train
[C][C][=C][C][=C][Branch2][Ring2][#Branch1][C][C][C][Branch1][N][C][=C][C][=C][Branch1][C][O][C][=C][Ring1][#Branch1][=N][N][Ring1][N][C][=C][C][=C][Branch1][=Branch2][S][Branch1][C][N][=Branch1][C][=O][=O][C][=C][Ring1][#Branch2][C][=C][Ring2][Ring1][N],6.8518,1,train
[O][=C][C][=C][C][=C][C][=C][Ring1][=Branch1][S][C][=C][C][=C][C][=C][Ring1][=C][Ring1][=Branch1],7.8324,1,train
[N][#C][C][=C][C][=C][Branch1][C][N][C][=N][O][N][=C][Ring1][#Branch2][Ring1][Branch1],9.1886,1,train
[C][C][=C][N][Branch1][=Branch2][C][Branch1][C][F][Branch1][C][F][F][C][=Branch1][C][=O][NH1][C][Ring1][O][=O],9.8381,1,train
[C][O][C][=C][C][NH1][C][=C][Branch1][#C][C][=Ring1][Branch1][C][=C][Ring1][=Branch2][O][C][C][=Branch1][C][=O][O][C][C][C][C][Ring1][=C][=O],7.3855,1,train
[O][=C][C][=C][NH1][C][=Branch1][C][=O][NH1][Ring1][#Branch1],9.7209,1,train
[C][=C][N][=C][N][=C][Branch2][Ring2][#Branch1][N][C][=N][C][Branch2][Ring1][Branch1][C][=C][C][=C][C][=C][C][=C][C][=C][C][=C][Ring1][=Branch1][C][Ring1][#Branch2][=C][Ring1][=C][=C][Ring2][Ring1][Ring1][N][C][=C][C][=C][Ring1][Branch1][C][=C][C][Ring2][Ring1][=C][=C][Ring2][Ring2][C],6.5793,1,train
[C][=C][C][=C][C][=Branch1][Ring2][=C][Ring1][=Branch1][O][C][=C][C][Branch1][=C][C][C][=C][N][C][=C][C][=C][C][=Ring1][=Branch2][Ring1][=Branch1][=C][C][=C][Ring1][#C][N][Ring2][Ring1][Ring2][C][NH1][C][=N][C][=Ring1][Branch1][C][=C][C][=C][C][=C][C][=C][Ring1][=Branch1][O][Ring1][=Branch2],6.1185,1,train
[C][C][Branch1][C][C][Branch1][C][C][C][=C][C][=C][C][=C][C][=C][C][=C][C][=C][C][=C][C][Branch2][Ring1][S][C][=C][C][Branch1][=Branch2][C][Branch1][C][C][Branch1][C][C][C][=C][C][Branch1][=Branch2][C][Ring2][Ring1][=Branch1][=C][Ring2][Ring1][#Branch2][=C][Ring1][N][Ring2][Ring1][=Branch1][=C][Ring2][Ring1][C][Ring2][Ring1][=Branch1],6.3443,1,train
[O][=C][O][C][=C][C][=C][C][=C][C][=C][C][Ring1][=Branch1][=C][Ring1][#Branch2][N][=C][Ring1][=C][C][=C][C][=C][C][=C][Ring1][=Branch1],7.6457,1,train
[C][=C][C][=C][C][=Branch1][Ring2][=C][Ring1][=Branch1][O][C][=C][C][Branch1][=C][C][C][=C][N][C][=C][C][=C][C][=Ring1][=Branch2][Ring1][=Branch1][=C][C][=C][Ring1][#C][N][Ring2][Ring1][Ring2][C][NH1][C][=N][C][=Ring1][Branch1][C][=C][C][=C][C][=C][C][=C][Ring1][=Branch1][O][Ring1][=Branch2],6.1185,1,train
[C][C][=C][Branch1][P][C][=C][C][=C][C][=Branch1][Ring2][=C][Ring1][=Branch1][S][C][=C][N][Ring1][#Branch1][C][=C][C][=C][Ring1][S][C][=C][C][=C][C][=C][C][=C][C][=C][C][=C][Ring1][=Branch1][C][Ring1][#Branch2][=C][Ring1][=C],6.0647,1,train
[C][C][C][C][N][C][=C][C][=C][C][=C][Ring1][=Branch1][C][=C][C][Branch2][Ring1][O][C][#C][C][=C][C][=C][C][=C][C][=C][C][=C][C][=C][C][=C][Ring1][=C][C][Ring1][N][=C][Ring1][#Branch2][Ring1][=Branch1][=C][C][=C][Ring2][Ring1][Branch2][Ring2][Ring1][#C],6.304,1,train
[C][C][C][C][N][C][=C][C][=C][C][=C][Ring1][=Branch1][C][=C][C][=C][C][=C][C][Branch1][=N][C][=C][C][=C][Branch1][Ring1][O][C][C][=C][Ring1][Branch2][=C][C][=C][Ring1][=C][N][Branch1][Branch1][C][C][C][C][C][Ring2][Ring1][Branch1][=C][Ring2][Ring1][=Branch2][Ring2][Ring1][S],6.072,1,train
[O][=C][C][=C][C][Branch1][=Branch2][N][C][C][C][C][C][Ring1][=Branch1][=C][C][=C][C][=C][Branch1][=Branch2][N][C][C][C][C][C][Ring1][=Branch1][C][=C][Branch1][=Branch2][N][C][C][C][C][C][Ring1][=Branch1][C][=C][C][=C][Ring2][Ring1][S][C][Ring2][Ring1][Branch2][=C][Ring1][=Branch1][Ring2][Ring1][=Branch1],6.022,1,train
[O][=C][C][=C][C][Branch1][=Branch2][N][C][C][C][C][C][Ring1][=Branch1][=C][C][=C][C][=C][Branch1][=Branch2][N][C][C][C][C][C][Ring1][=Branch1][C][=C][Branch1][=Branch2][N][C][C][C][C][C][Ring1][=Branch1][C][=C][C][=C][Ring2][Ring1][S][C][Ring2][Ring1][Branch2][=C][Ring1][=Branch1][Ring2][Ring1][=Branch1],6.0005,1,train
[O][=C][C][=C][C][=C][C][=C][Ring1][=Branch1][C][=Branch1][C][=O][N][Ring1][#Branch2][C][=C][C][=C][Branch1][=Branch2][C][N][C][=N][C][=N][Ring1][Branch1][C][=C][Ring1][N],8.0295,1,train
[C][=C][C][=C][C][=C][Ring1][=Branch1],9.3262,1,train
[C][O][C][=C][C][=C][Branch2][Ring2][Ring2][C][=N][C][=C][Branch1][P][C][=C][Ring1][=Branch1][C][=C][C][=C][C][=C][Ring1][=Branch1][C][C][Ring1][#Branch2][C][=C][C][=C][C][=C][Ring1][=Branch1][C][C][Ring2][Ring1][Ring2][C][=C][Ring2][Ring1][N],6.8007,1,train
[C][=C][C][=C][Branch2][Ring2][Ring2][C][=N][C][=C][Branch1][P][C][=C][Ring1][=Branch1][C][=C][C][=C][C][=C][Ring1][=Branch1][C][C][Ring1][#Branch2][C][=C][C][=C][C][=C][Ring1][=Branch1][C][C][Ring2][Ring1][Ring2][C][=C][Ring2][Ring1][N],6.9711,1,train
[C][C][=C][C][=Branch1][C][=O][NH1][C][=Branch1][C][=O][NH1][Ring1][Branch2],9.3421,1,train
[C][=C][C][=C][Branch2][Ring2][P][C][=C][C][=C][Branch2][Ring1][S][C][=C][C][=C][Branch2][Ring1][Ring2][N][Branch1][=Branch2][C][=C][C][=C][C][=C][Ring1][=Branch1][C][=C][C][=C][C][=C][Ring1][=Branch1][C][=C][Ring2][Ring1][Ring1][C][=N][S][N][=C][Ring2][Ring1][N][Ring1][Branch1][C][=C][Ring2][Ring2][C],6.4456,1,train
[F][C][Branch1][C][F][Branch1][C][F][C][Branch1][C][F][Branch1][C][F][C][Branch1][C][F][Branch1][C][F][C][Branch1][C][F][Branch1][C][F][C][Branch1][C][F][Branch1][C][F][C][Branch1][C][F][Branch1][C][F][C][C][O][C][=N][N][=C][Branch1][C][Cl][N][=N][Ring1][#Branch1],9.1783,1,train
[C][C][N][C][=C][C][Branch1][P][C][=C][C][=C][Branch1][Branch2][C][=C][C][=C][S][Ring1][Branch1][S][Ring1][#Branch2][=C][C][=C][Ring1][S][C][=C][C][=C][Branch1][P][C][=C][C][=C][Branch1][Branch2][C][=C][C][=C][S][Ring1][Branch1][S][Ring1][#Branch2][C][=C][Ring1][S][Ring2][Ring1][P],6.3166,1,train
[C][N][C][=Branch1][C][=O][N][=C][N][Branch1][C][C][C][=C][C][=C][C][=C][Ring1][=Branch1][N][=C][Ring1][O][C][Ring1][S][=O],8.1196,1,train
[C][O][C][=C][C][=C][Branch2][Ring1][S][C][N][=C][Branch1][O][C][=C][C][=C][C][=C][Ring1][=Branch1][O][C][NH1][C][=Ring1][=N][C][=C][C][=C][Branch1][Ring1][O][C][C][=C][Ring1][Branch2][C][=C][Ring2][Ring1][O],6.4158,1,train
[O][=C][C][=C][C][Branch1][=Branch2][N][C][C][C][C][C][Ring1][=Branch1][=C][C][=C][C][=C][Branch1][=Branch2][N][C][C][C][C][C][Ring1][=Branch1][C][=C][Branch1][=Branch2][N][C][C][C][C][C][Ring1][=Branch1][C][=C][C][=C][Ring2][Ring1][S][C][Ring2][Ring1][Branch2][=C][Ring1][=Branch1][Ring2][Ring1][=Branch1],6.0253,1,train
[C][C][=C][N][Branch1][=Branch2][C][Branch1][C][F][Branch1][C][F][F][C][=Branch1][C][=O][NH1][C][Ring1][O][=O],9.8381,1,train
[N][#C][C][=C][C][=C][Branch1][Ring1][C][#N][C][Branch1][C][N][=C][Ring1][=Branch2],8.8908,1,train
[C][S][C][S][C][Branch1][=Branch1][C][Branch1][C][N][=O][=C][N][=N][N][Branch1][C][C][C][=Branch1][C][=O][C][=Ring1][=C][Ring1][Branch2],7.8954,1,train
[N][#C][C][=C][O][C][=C][C][=C][C][=C][Ring1][=Branch1][C][Ring1][#Branch2][=O],8.9873,1,train
[O][=C][O][C][=C][C][=C][C][=C][Ring1][=Branch1][C][=C][Ring1][#Branch2][C][=N][C][=C][C][=C][C][=C][Ring1][=Branch1][O][Ring1][=Branch2],8.0395,1,train
[C][N][Branch1][C][C][C][=C][C][=C][C][=Branch1][Ring2][=C][Ring1][=Branch1][C][O][C][=C][Ring1][#Branch1][O][C][=C][C][=C][C][=C][Ring1][=Branch1][C][Ring1][#Branch2][=O],6.8622,1,train
[C][C][=C][C][Branch1][C][C][=N][C][Branch1][C][N][=N][Ring1][Branch2],7.99,1,train
[N][C][=C][C][=C][C][Branch1][=Branch2][C][Branch1][C][F][Branch1][C][F][F][=C][C][=Branch1][C][=O][O][C][Ring1][O][=C][Ring1][#C],8.8053,1,train
[C][C][=C][NH1][C][=Branch1][C][=O][NH1][C][Ring1][#Branch1][=O],9.129,1,train
[N][C][=C][C][=C][C][=C][Ring1][=Branch1],8.0669,1,train
[O][=C][C][=C][Branch1][=Branch2][C][Branch1][C][F][Branch1][C][F][F][C][=C][C][=C][C][=Branch1][#Branch1][=C][Ring1][=Branch1][O][Ring1][=C][C][C][C][N][Ring1][Branch2][C][C][C][Ring1][N],7.751,1,train
[C][C][N][Branch1][Ring1][C][C][C][=C][C][=C][C][Branch1][C][C][=C][C][=Branch1][C][=O][O][C][Ring1][Branch2][=C][Ring1][N],7.348,1,train
[F][C][Branch1][C][F][Branch1][C][F][C][Branch1][C][F][Branch1][C][F][C][Branch1][C][F][Branch1][C][F][C][Branch1][C][F][Branch1][C][F][C][Branch1][C][F][Branch1][C][F][C][Branch1][C][F][Branch1][C][F][C][C][O][C][=N][N][=C][Branch1][C][Cl][N][=N][Ring1][#Branch1],9.1783,1,train
[C][C][C][C][C][C][C][C][C][C][C][C][C][C][C][C][O][C][=Branch1][C][=O][C][=C][C][=C][Branch2][Ring1][Ring2][N][Branch1][=Branch2][C][=C][C][=C][C][=C][Ring1][=Branch1][C][=C][C][=C][C][=C][Ring1][=Branch1][C][=C][Ring2][Ring1][Ring1],6.8427,1,train
[C][=C][C][=C][Branch2][Ring2][P][N][Branch1][=Branch2][C][=C][C][=C][C][=C][Ring1][=Branch1][C][=C][C][=C][Branch2][Ring1][#Branch2][C][=N][C][=C][C][=C][C][=C][C][Ring1][=Branch1][=C][C][=C][C][=C][C][Ring1][=Branch1][=C][Ring1][=C][NH1][Ring1][P][C][=C][Ring2][Ring1][#Branch1][C][=C][Ring2][Ring2][Ring2],6.2699,1,train
[O][=C][C][=C][NH1][C][=Branch1][C][=O][NH1][Ring1][#Branch1],9.7209,1,train
[N][C][=C][C][=C][Branch1][N][C][=C][C][=C][Branch1][C][N][C][=C][Ring1][#Branch1][C][=C][Ring1][=N],6.7621,1,train
[N][#C][C][=C][C][Branch2][Ring1][Branch1][C][#C][C][=C][Branch1][C][F][C][Branch1][C][F][=N][C][Branch1][C][F][=C][Ring1][=Branch2][F][=C][Branch2][Ring1][Branch1][C][#C][C][=C][Branch1][C][F][C][Branch1][C][F][=N][C][Branch1][C][F][=C][Ring1][=Branch2][F][C][=C][Ring2][Ring1][=C][C][#N],9.2038,1,train
[O][=S][=Branch1][C][=O][Branch1][C][O][C][=C][C][=C][C][=C][C][=C][C][Branch1][#Branch2][N][C][=C][C][=C][C][=C][Ring1][=Branch1][=C][Ring1][P][Ring1][=N],7.5142,1,train
[N][#C][C][=C][C][Branch2][Ring1][Branch1][C][#C][C][=C][Branch1][C][F][C][Branch1][C][F][=N][C][Branch1][C][F][=C][Ring1][=Branch2][F][=C][Branch2][Ring1][Branch1][C][#C][C][=C][Branch1][C][F][C][Branch1][C][F][=N][C][Branch1][C][F][=C][Ring1][=Branch2][F][C][=C][Ring2][Ring1][=C][C][#N],9.2038,1,train
[C][O][C][=C][C][=C][C][Branch2][Ring1][Ring1][C][=N][C][Branch1][#Branch2][C][=C][C][=C][C][=C][Ring1][=Branch1][Cl][=N][O][Ring1][N][=C][C][=Branch1][C][=O][O][C][Ring2][Ring1][Ring1][=C][Ring2][Ring1][#Branch1],8.0378,1,train
[N][S][=Branch1][C][=O][=Branch1][C][=O][C][=C][C][=C][Branch2][Ring1][S][N][N][=C][Branch1][N][C][=C][C][=C][Branch1][C][O][C][=C][Ring1][#Branch1][C][C][Ring1][N][C][=C][C][=C][Branch1][C][Br][C][=C][Ring1][#Branch1][C][=C][Ring2][Ring1][=Branch2],7.0326,1,train
[Cl][C][=C][C][=C][C][=Branch1][Ring2][=C][Ring1][=Branch1][C][=C][N][=C][C][=C][Ring1][=Branch1][N][Ring1][#Branch2][N][C][=C][C][=C][C][=C][Ring1][=Branch1][O][C][=C][C][Branch1][=C][C][=C][C][=C][C][=N][S][N][=C][Ring1][=Branch2][Ring1][Branch1][=C][C][=C][Ring1][#C][Ring2][Ring1][#Branch1],6.7056,1,train
[N][#C][C][=C][C][=C][Branch2][Ring1][C][C][=C][C][=C][Branch1][=Branch2][C][=C][C][C][C][C][Ring1][=Branch1][S][Ring1][O][S][Ring1][S],7.2482,2,train
[C][=C][Branch1][P][C][=C][C][=C][Branch1][Branch2][C][=C][C][=C][S][Ring1][Branch1][S][Ring1][#Branch2][C][C][C][Ring1][#C],6.9471,2,train
[C][O][C][=C][C][=C][C][Branch2][Ring1][C][C][=N][C][Branch1][=Branch2][C][=C][C][=C][C][=C][Ring1][=Branch1][=N][O][Ring1][O][=C][C][=Branch1][C][=O][O][C][Ring2][Ring1][C][=C][Ring2][Ring1][=Branch1],7.9956,2,train
[N][#C][C][=C][C][=C][Branch2][Ring1][=N][C][=C][C][=C][Branch2][Ring1][Ring1][C][=C][C][C][Branch1][=Branch2][C][=C][C][=C][C][=C][Ring1][=Branch1][C][C][Ring1][N][S][Ring1][P][S][Ring2][Ring1][=Branch1],7.1211,2,train
[Cl][C][=N][C][Branch1][C][Cl][=N][C][Branch2][Ring1][=Branch1][N][C][=C][C][=C][C][=C][C][=C][C][=C][C][Ring1][=Branch1][=C][C][Ring1][#Branch2][=C][Ring1][=C][=N][Ring2][Ring1][=Branch1],7.3171,2,train
[N][#C][C][=C][C][=C][C][C][=C][NH1][C][Ring1][=Branch2][=Ring1][Branch1],8.3479,2,train
[C][O][C][=C][C][=C][C][=C][C][Ring1][=Branch1][=C][Branch1][Ring1][O][C][C][=C][Ring1][N][C][=C][C][=C][C][Branch1][Ring1][O][C][=C][Ring1][Branch2][N][Ring1][O][C],6.5357,2,train
[F][C][Branch1][C][F][Branch1][C][F][C][Branch1][C][F][Branch1][C][F][C][Branch1][C][F][Branch1][C][F][C][Branch1][C][F][Branch1][C][F][C][Branch1][C][F][Branch1][C][F][C][Branch1][C][F][Branch1][C][F][C][C][O][C][=N][N][=C][Branch1][C][Cl][N][=N][Ring1][#Branch1],8.9392,2,train
[C][C][=Branch1][C][=O][C][=C][C][=C][C][=C][C][=C][C][=C][C][=C][C][=C][Ring1][=C][C][Ring1][N][=C][Ring1][#Branch2][Ring1][=Branch1],7.4153,2,train
[O][=C][C][=C][C][=C][C][=C][C][=C][Ring1][=Branch1][O][Ring1][#Branch2],9.0194,2,train
[N][#C][C][=C][C][=C][C][=C][Branch1][C][O][C][=C][Ring1][#Branch1][O][C][Ring1][O][=O],8.9191,2,train
[O][=C][C][=C][Branch1][P][C][=C][C][=C][Branch1][Branch2][C][=C][C][=C][S][Ring1][Branch1][S][Ring1][#Branch2][C][C][Ring1][=C],7.4537,2,train
[C][C][=Branch1][C][=O][C][=C][C][=C][C][=C][C][=C][C][=C][C][=C][C][=C][Ring1][=C][C][Ring1][N][=C][Ring1][#Branch2][Ring1][=Branch1],7.476,2,train
[O][=C][Branch2][Ring2][=Branch1][C][=C][C][=C][C][=C][Branch1][Branch2][S][C][Ring1][Branch1][=C][Ring1][=Branch2][C][=C][C][=C][C][=C][Ring1][=Branch1][P][Ring1][N][=Branch1][C][=O][C][=C][C][=C][C][=C][Ring1][=Branch1][C][=C][Branch1][C][F][C][Branch1][C][F][=C][Branch1][C][F][C][Branch1][C][F][=C][Ring1][#Branch2][F],7.9997,2,train
[O][=C][C][=C][C][Branch1][C][Cl][=C][C][=C][Ring1][#Branch1][S][=Branch1][C][=O][=Branch1][C][=O][C][=C][C][=C][Branch2][Ring1][Branch2][C][=C][C][=C][Branch1][=C][C][=C][C][=C][C][=C][C][=C][Ring1][=Branch1][O][Ring1][=Branch2][C][=C][Ring1][#C][C][=C][Ring2][Ring1][Branch1][Ring2][Ring1][S],7.3785,2,train
[O][=C][Branch1][C][O][C][=C][C][Branch1][C][O][=C][Branch1][C][O][C][Branch1][C][O][=C][Ring1][=Branch2],8.543,2,train
[O][=C][C][=C][C][=C][C][=C][C][=C][Ring1][=Branch1][O][Ring1][#Branch2],9.0194,2,train
[F][C][Branch1][C][F][Branch1][C][F][C][Branch1][C][F][Branch1][C][F][C][Branch1][C][F][Branch1][C][F][C][Branch1][C][F][Branch1][C][F][C][Branch1][C][F][Branch1][C][F][C][Branch1][C][F][Branch1][C][F][C][C][O][C][=N][N][=C][Branch1][C][Cl][N][=N][Ring1][#Branch1],8.8864,2,train
[N][C][=C][C][=N][C][=C][Ring1][=Branch1],8.2782,2,train
[C][N][Branch1][C][C][C][=C][C][=C][Branch2][Ring1][Branch2][C][=N][C][Branch1][=Branch2][C][=C][C][=C][C][=C][Ring1][=Branch1][=C][C][=C][C][=C][N][Ring1][#C][Ring1][=Branch1][C][=C][Ring2][Ring1][Branch1],6.1211,2,train
[O][=C][C][=C][C][=C][C][=C][C][=C][Ring1][=Branch1][O][Ring1][#Branch2],9.0194,2,train
[N][#C][C][=C][C][=C][C][=C][NH1][C][Ring1][Branch1][=C][Ring1][=Branch2],8.3125,2,train
[C][C][N][Branch1][Ring1][C][C][C][=C][C][=C][Branch2][Ring2][Ring2][C][=N][C][=C][Branch1][P][C][=C][Ring1][=Branch1][C][=C][C][=C][C][=C][Ring1][=Branch1][C][C][Ring1][#Branch2][C][=C][C][=C][C][=C][Ring1][=Branch1][C][C][Ring2][Ring1][Ring2][C][=C][Ring2][Ring1][N],6.1057,2,train
[O][=C][C][=C][C][=C][C][=C][Ring1][=Branch1][S][C][=C][C][=C][C][=C][Ring1][=C][Ring1][=Branch1],7.852,2,train
[C][#C][C][=N][C][=C][C][=C][C][=C][Ring1][=Branch1][N][Ring1][=Branch2][C][=C][C][=C][Branch1][Branch1][C][=N][Ring1][=Branch1][NH1][C][=C][C][=C][Branch2][Ring1][Ring1][N][C][Branch1][C][C][Branch1][C][C][C][C][C][C][Ring1][Branch2][Branch1][C][C][C][C][=C][Ring1][S][Ring2][Ring1][Branch1],6.4882,2,train
[C][N][Branch1][C][C][C][=C][C][=C][Branch2][Ring2][Ring2][C][=N][C][=C][Branch1][P][C][=C][Ring1][=Branch1][C][=C][C][=C][C][=C][Ring1][=Branch1][C][C][Ring1][#Branch2][C][=C][C][=C][C][=C][Ring1][=Branch1][C][C][Ring2][Ring1][Ring2][C][=C][Ring2][Ring1][N],6.2166,2,train
[N][#C][C][=C][C][=C][C][=C][C][=C][Ring1][=Branch1][NH1][Ring1][=Branch2],8.3794,2,train
[N][C][=C][C][=C][N][=C][Ring1][=Branch1],8.1529,2,train
[C][C][C][C][C][=C][C][Branch1][Branch2][C][=Branch1][C][=O][C][C][C][=C][C][=C][C][=C][Branch1][Branch1][C][C][C][C][C][=C][Branch1][=Branch2][N][C][C][C][C][C][Ring1][=Branch1][C][=C][C][=C][Ring2][Ring1][=N][C][Ring2][Ring1][=Branch1][=C][Ring2][Ring1][Ring2][Ring1][=Branch1],6.3423,2,train
[O][=C][O][C][=C][Branch1][=N][C][=C][C][=C][C][=C][C][=C][Ring1][=Branch1][Ring1][#Branch2][N][=C][Ring1][=C][C][=C][C][=C][C][=C][Ring1][=Branch1],7.6433,2,train
[N][#C][C][=C][C][=C][C][C][=C][NH1][C][Ring1][=Branch2][=Ring1][Branch1],8.3481,2,train
[N][#C][C][=C][C][=C][NH1][C][=C][C][Ring1][Branch1][=C][Ring1][=Branch2],8.3409,2,train
[F][C][Branch1][C][F][Branch1][C][F][C][Branch1][C][F][Branch1][C][F][C][Branch1][C][F][Branch1][C][F][C][Branch1][C][F][Branch1][C][F][C][Branch1][C][F][Branch1][C][F][C][Branch1][C][F][Branch1][C][F][C][C][O][C][=N][N][=C][Branch1][C][Cl][N][=N][Ring1][#Branch1],8.9392,2,train
[C][O][C][=C][C][=C][C][=C][Branch1][=Branch2][C][=C][C][=C][Ring1][#Branch2][Ring1][=Branch1][C][=Branch1][C][=O][C][=C][C][=C][C][=C][Ring1][=Branch1][Ring1][#C],7.4025,2,train
[C][C][N][=C][Branch1][=N][C][=C][C][Branch1][C][N][=C][C][=C][Ring1][#Branch1][O][N][C][=Ring1][=N][C][C][C][C][Ring1][=Branch1],6.6454,2,train
[O][=C][C][=C][C][=C][C][=C][C][=C][Ring1][=Branch1][O][Ring1][#Branch2],9.0194,2,train
[O][C][=C][C][=C][C][=C][C][=C][C][Ring1][=Branch1][=C][Ring1][#Branch2][C][=N][C][Branch1][=Branch2][C][=C][C][=C][C][=C][Ring1][=Branch1][=C][C][=C][C][=C][N][Ring1][#C][Ring1][=Branch1],6.6502,2,train
[O][=C][C][=C][Branch1][=Branch2][C][Branch1][C][F][Branch1][C][F][F][C][=C][C][=C][C][=Branch1][#Branch1][=C][Ring1][=Branch1][O][Ring1][=C][C][C][C][N][Ring1][Branch2][C][C][C][Ring1][N],7.6,2,train
[N][#C][C][=C][C][=C][C][=C][C][=C][Ring1][=Branch1][NH1][Ring1][=Branch2],8.3794,2,train
[O][=C][C][=C][C][=C][C][=C][Ring1][=Branch1][S][C][=C][C][=C][C][=C][Ring1][=C][Ring1][=Branch1],7.852,2,train
[C][=C][N][=C][Branch2][Ring1][#Branch2][N][C][=C][C][=C][Branch1][#C][C][=C][N][=C][C][=N][N][=C][C][Ring1][=Branch1][=C][Ring1][#Branch2][C][=C][Ring1][S][C][Branch1][#C][C][=C][C][=C][N][=C][N][=C][C][Ring1][=Branch1][=C][Ring1][#Branch2][=C][Ring2][Ring1][P],6.6994,2,train
[C][=C][C][=C][Branch2][Ring2][P][C][N][=C][Branch2][Ring1][S][C][=C][C][=C][Branch2][Ring1][Ring2][N][Branch1][=Branch2][C][=C][C][=C][C][=C][Ring1][=Branch1][C][=C][C][=C][C][=C][Ring1][=Branch1][C][=C][Ring2][Ring1][Ring1][N][C][=C][C][=C][C][=Ring2][Ring1][N][Ring1][=Branch1][C][=C][Ring2][Ring2][C],6.1279,2,train
[C][O][C][=Branch1][C][=O][C][=C][Branch1][#Branch2][N][C][Branch1][C][C][Branch1][C][C][C][O][C][Branch2][Ring1][Ring1][C][=C][C][=C][Branch1][=Branch2][C][=C][C][=C][C][=C][Ring1][=Branch1][C][=C][Ring1][N][=C][Ring2][Ring1][=Branch1][C][=Branch1][C][=O][O][C],6.7962,2,train
[C][N][Branch1][C][C][C][=C][C][=C][Branch2][Ring1][Branch2][C][=N][C][Branch1][=Branch2][C][=C][C][=C][C][=C][Ring1][=Branch1][=C][C][=C][C][=C][N][Ring1][#C][Ring1][=Branch1][C][=C][Ring2][Ring1][Branch1],6.1211,2,train
[C][C][N][Branch1][Ring1][C][C][C][=C][C][=C][Branch2][Ring2][=N][C][=N][C][=C][Branch2][Ring1][Branch1][C][=C][Ring1][=Branch1][C][=C][C][=C][Branch1][Ring1][C][#N][C][=C][Ring1][Branch2][C][C][Ring1][N][C][=C][C][=C][Branch1][Ring1][C][#N][C][=C][Ring1][Branch2][C][C][Ring2][Ring1][Branch2][C][=C][Ring2][Ring1][S],6.6708,2,train
[C][N][Branch1][C][C][C][=C][C][=C][C][=C][C][=Branch1][Branch2][=C][C][Ring1][=Branch1][=C][Ring1][#Branch2][O][C][C][N][=C][Ring1][#Branch2],6.6716,2,train
[O][=C][C][=C][C][=C][C][=C][C][=C][Ring1][=Branch1][O][Ring1][#Branch2],9.0194,2,train
[C][O][C][=C][C][=C][C][=C][C][Ring1][=Branch1][=C][Branch1][Ring1][O][C][C][=C][Ring1][N][C][=C][Branch1][C][C][C][=C][C][Branch1][Ring1][O][C][=C][Ring1][=Branch2][N][Ring1][N][C],6.4273,2,train
[C][C][C][C][C][=C][C][Branch1][Branch2][C][=Branch1][C][=O][C][C][C][=C][C][=C][C][=C][Branch1][Branch1][C][C][C][C][C][=C][Branch1][=Branch2][N][C][C][C][C][C][Ring1][=Branch1][C][=C][C][=C][Ring2][Ring1][=N][C][Ring2][Ring1][=Branch1][=C][Ring2][Ring1][Ring2][Ring1][=Branch1],6.3495,2,train
[C][O][C][=C][C][=C][C][=C][C][Ring1][=Branch1][=C][Branch1][Ring1][O][C][C][=C][Ring1][N][C][=C][Branch1][C][F][C][=C][C][=C][Ring1][#Branch1][N][Ring1][#Branch2][C],6.9246,2,train
[C][O][C][=C][C][=C][C][=C][C][Branch1][C][C][=C][C][=Branch1][C][=O][O][C][Ring1][Branch2][=C][C][Ring1][N][=C][Ring1][S],7.8159,2,train
[C][=C][Branch1][P][C][=C][C][=C][Branch1][Branch2][C][=C][C][=C][S][Ring1][Branch1][S][Ring1][#Branch2][C][C][C][Branch1][=Branch2][C][=C][C][=C][C][=C][Ring1][=Branch1][C][Ring2][Ring1][=Branch1],6.8339,2,train
[O][=C][Branch1][C][O][C][=C][C][=C][C][=C][Ring1][=Branch1][O],8.9105,2,train
[C][O][C][=C][C][=C][C][Branch2][Ring1][Ring1][C][=N][C][Branch1][#Branch2][C][=C][C][=C][C][=C][Ring1][=Branch1][F][=N][O][Ring1][N][=C][C][=Branch1][C][=O][O][C][Ring2][Ring1][Ring1][=C][Ring2][Ring1][#Branch1],8.0757,2,train
[O][=C][C][=C][C][=C][C][=C][C][=C][Ring1][=Branch1][O][Ring1][#Branch2],9.0194,2,train
[C][C][O][C][=C][C][=C][C][Branch2][Ring1][Ring1][C][=N][C][Branch1][#Branch2][C][=C][C][=C][C][=C][Ring1][=Branch1][Cl][=N][O][Ring1][N][=C][C][=Branch1][C][=O][O][C][Ring2][Ring1][Ring1][=C][Ring2][Ring1][#Branch1],7.8746,2,train
[O][=S][=Branch1][C][=O][C][=C][C][=C][C][=C][Ring1][=Branch1][C][=C][Ring1][#Branch2][C][=C][C][=C][C][=C][Ring1][=Branch1][P][Ring1][=Branch2][C][=C][C][=C][C][=C][Ring1][=Branch1],7.7436,2,train
[C][N][Branch1][C][C][C][=C][C][=C][Branch2][Ring2][Ring2][C][=N][C][=C][Branch1][P][C][=C][Ring1][=Branch1][C][=C][C][=C][C][=C][Ring1][=Branch1][C][C][Ring1][#Branch2][C][=C][C][=C][C][=C][Ring1][=Branch1][C][C][Ring2][Ring1][Ring2][C][=C][Ring2][Ring1][N],6.2166,2,train
[F][C][Branch1][C][F][Branch1][C][F][C][Branch1][C][F][Branch1][C][F][C][Branch1][C][F][Branch1][C][F][C][Branch1][C][F][Branch1][C][F][C][Branch1][C][F][Branch1][C][F][C][Branch1][C][F][Branch1][C][F][C][C][O][C][=N][N][=C][Branch1][C][Cl][N][=N][Ring1][#Branch1],8.9392,2,train
[Cl][C][=C][C][Branch1][C][Cl][=C][Branch2][Ring1][Ring2][C][=C][N][=C][S][C][=N][C][=C][C][=C][Ring1][=Branch1][C][Ring1][=Branch2][=C][Ring1][=N][C][Branch1][C][Cl][=C][Ring2][Ring1][Branch1][C][=C][C][=C][Branch1][P][C][=C][C][=C][C][=Branch1][Ring2][=C][Ring1][=Branch1][O][C][=C][N][Ring1][#Branch1][N][=C][Ring1][S],6.3811,2,train
[O][=C][N][C][=C][C][=Branch1][C][=O][N][Branch2][Ring1][#Branch2][N][Branch1][=Branch2][C][=C][C][=N][C][=N][Ring1][=Branch1][C][=C][C][=C][C][=C][C][=C][N][=C][Ring1][#Branch2][Ring1][=Branch1][C][=C][Ring2][Ring1][#Branch2][Ring2][Ring1][#Branch1],7.2379,2,train
[O][=C][C][=C][C][=C][C][=C][C][=C][Ring1][=Branch1][O][Ring1][#Branch2],8.944567111051114,3,train
[C][C][N][Branch1][Ring1][C][C][C][=C][C][=C][Branch2][Ring2][=N][C][=N][C][=C][Branch2][Ring1][Branch1][C][=C][Ring1][=Branch1][C][=C][C][=C][Branch1][Ring1][C][#N][C][=C][Ring1][Branch2][C][C][Ring1][N][C][=C][C][=C][Branch1][Ring1][C][#N][C][=C][Ring1][Branch2][C][C][Ring2][Ring1][Branch2][C][=C][Ring2][Ring1][S],6.232725318758926,3,train
[O][=C][C][=C][C][=C][C][=C][C][=C][Ring1][=Branch1][O][Ring1][#Branch2],8.944567111051114,3,train
[C][=C][C][=C][C][Branch2][Ring1][O][C][=C][C][Branch1][Branch2][C][=N][C][=C][S][Ring1][Branch1][=N][C][Branch1][Branch2][C][=N][C][=C][S][Ring1][Branch1][=C][Ring1][S][=C][C][=C][C][Ring2][Ring1][=Branch1][=C][Ring2][Ring1][#Branch2],7.244638229546616,3,train
[N][#C][C][=C][C][=C][C][=C][C][Ring1][=Branch1][=C][C][=C][C][=C][C][=C][Ring1][=C][Ring1][=Branch1],7.675797054382278,3,train
[N][#C][C][=C][C][=C][C][=C][Branch1][C][O][C][=C][Ring1][#Branch1][O][C][Ring1][O][=O],8.820320707075407,3,train
[Cl][C][=C][C][=C][Branch1][S][N][C][=C][C][=C][C][=C][C][=C][C][Ring1][=Branch1][=N][Ring1][#Branch2][C][=C][Ring1][P],7.121852867216359,3,train
[N][#C][C][=C][C][=C][C][NH1][C][=C][C][Ring1][=Branch2][=Ring1][Branch1],8.194762140230424,3,train
[C][C][O][C][=Branch1][C][=O][C][=C][Branch1][#Branch2][N][C][Branch1][C][C][Branch1][C][C][C][O][C][Branch2][Ring1][Ring1][C][=C][C][=C][Branch1][=Branch2][C][=C][C][=C][C][=C][Ring1][=Branch1][C][=C][Ring1][N][=C][Ring2][Ring1][=Branch1][C][=Branch1][C][=O][O][C][C],6.607938106593804,3,train
[Cl][C][=N][C][Branch1][#Branch2][N][C][=C][C][=C][C][=C][Ring1][=Branch1][=N][C][Branch2][Ring2][Ring1][N][C][=C][C][=C][C][=C][C][=C][C][=C][C][=C][C][Branch1][=C][C][=C][C][=C][C][Ring2][Ring1][C][=C][Ring1][=Branch1][Ring1][S][=C][Ring1][N][Ring1][S][=N][Ring2][Ring2][C],6.543931693831333,3,train
[C][O][C][=C][C][=C][C][=C][C][Ring1][=Branch1][=C][Branch1][Ring1][O][C][C][=C][Ring1][N][C][=C][C][=C][Branch1][C][F][C][=C][Ring1][#Branch1][N][Ring1][#Branch2][C],6.637627836849668,3,train
[N][#C][C][=C][C][=C][NH1][C][=C][C][Ring1][Branch1][=C][Ring1][=Branch2],8.255340805045158,3,train
[O][=C][Branch1][C][O][C][=C][C][=C][C][=C][C][=C][C][=C][C][=C][C][=C][Ring1][=C][C][Ring1][N][=C][Ring1][#Branch2][Ring1][=Branch1],7.505384994903619,3,train
[N][C][=C][C][=C][Branch2][Ring1][O][C][=C][C][=C][C][=Branch1][Ring2][=C][Ring1][=Branch1][C][=Branch1][C][=O][C][=C][C][=C][C][=C][Ring1][=Branch1][C][Ring1][N][=O][C][=C][Ring2][Ring1][=Branch1],7.080660935215208,3,train
[C][C][C][C][C][C][N][Branch1][#Branch1][C][C][C][C][C][C][C][=C][C][=C][Branch2][Ring1][=N][C][#C][C][=C][C][=C][Branch1][S][N][Branch1][#Branch1][C][C][C][C][C][C][C][C][C][C][C][C][C][=C][Ring2][Ring1][Ring1][C][=C][Ring2][Ring1][O],5.9774,1,test
[C][N][Branch1][C][C][C][=C][C][=C][Branch2][Ring1][P][C][=N][C][Branch1][S][C][=C][C][=C][Branch1][=Branch1][N][Branch1][C][C][C][C][=C][Ring1][=Branch2][=C][C][=C][C][=C][C][Ring1][=Branch1][=N][Ring2][Ring1][Ring1][C][=C][Ring2][Ring1][=Branch2],6.08,1,test
[C][N][Branch1][C][C][C][=C][C][=C][Branch2][Ring1][P][C][=N][C][Branch1][S][C][=C][C][=C][Branch1][=Branch1][N][Branch1][C][C][C][C][=C][Ring1][=Branch2][=C][C][=C][C][=C][C][Ring1][=Branch1][=N][Ring2][Ring1][Ring1][C][=C][Ring2][Ring1][=Branch2],6.08,1,test
[O][=C][C][=C][C][Branch1][=Branch2][N][C][C][C][C][C][Ring1][=Branch1][=C][C][=C][C][=C][Branch1][=Branch2][N][C][C][C][C][C][Ring1][=Branch1][C][=C][Branch1][=Branch2][N][C][C][C][C][C][Ring1][=Branch1][C][=C][C][=C][Ring2][Ring1][S][C][Ring2][Ring1][Branch2][=C][Ring1][=Branch1][Ring2][Ring1][=Branch1],5.9322,1,test
[O][=C][Branch2][Ring2][#Branch2][C][=C][NH1][C][Branch2][Ring1][#C][C][=C][C][=C][C][=C][Ring1][=Branch1][NH1][C][=C][Ring1][Branch1][C][=C][C][C][=C][C][=C][C][=C][Ring1][=Branch1][NH1][C][=Ring1][=Branch2][Ring1][=N][=C][Ring2][Ring1][=Branch2][N][C][=C][S][C][=C][C][=C][C][=C][Ring1][=Branch1][Ring1][#Branch2],6.0065,1,test
[O][=C][C][=C][C][Branch1][=Branch2][N][C][C][C][C][C][Ring1][=Branch1][=C][C][=C][C][=C][Branch1][=Branch2][N][C][C][C][C][C][Ring1][=Branch1][C][=C][Branch1][=Branch2][N][C][C][C][C][C][Ring1][=Branch1][C][=C][C][=C][Ring2][Ring1][S][C][Ring2][Ring1][Branch2][=C][Ring1][=Branch1][Ring2][Ring1][=Branch1],5.9322,1,test
[C][C][Branch1][C][C][C][C][=C][Branch1][N][C][=C][C][=C][Branch1][C][N][C][=C][Ring1][#Branch1][S][C][=Ring1][N][C][S][C][Branch2][Ring1][Branch1][C][NH1][C][=N][C][=Ring1][Branch1][C][=C][C][=C][C][=N][S][N][=C][Ring1][=Branch2][Ring1][Branch1][=C][C][=Ring2][Ring1][Ring1][Ring2][Ring1][P],6.2424,1,test
[C][O][C][C][=C][S][C][=Ring1][Branch1][C][=C][C][=C][Branch2][Ring1][Ring1][C][=C][C][=C][Branch1][#Branch2][C][S][C][=C][C][=Ring1][Branch1][O][C][S][Ring1][N][S][Ring1][P],6.3824,1,test
[C][O][C][=C][C][=C][C][=C][C][=C][C][=C][Branch1][Ring1][O][C][C][=C][C][Branch1][#C][C][=C][C][=C][C][Ring2][Ring1][Ring2][=C][Ring1][=Branch1][Ring2][Ring1][C][=C][Ring1][=C][Ring2][Ring1][C],6.2461,1,test
[F][C][=C][C][Branch1][C][F][=C][Branch2][Ring2][=C][C][=C][C][=C][C][=Branch1][Ring2][=C][Ring1][=Branch1][C][=C][N][=C][C][=C][Ring1][=Branch1][N][Ring1][#Branch2][C][=C][C][=C][C][=C][C][=Branch1][Ring2][=C][Ring1][=Branch1][S][C][=C][C][=C][C][=C][Ring1][=Branch1][N][Ring1][O][C][Branch1][C][F][=C][Ring2][Ring2][Branch1],6.3152,1,test
[C][#Branch1][#Branch2][#C][C][=C][C][=C][C][=C][Ring1][=Branch1][C][Branch1][O][C][#C][C][=C][C][=C][C][=C][Ring1][=Branch1][=C][C][=C][C][=C][Branch2][Ring1][=Branch2][C][=C][Branch1][O][C][#C][C][=C][C][=C][C][=C][Ring1][=Branch1][C][#C][C][=C][C][=C][C][=C][Ring1][=Branch1][S][Ring2][Ring1][#Branch1],6.421,1,test
[C][C][C][C][N][C][=C][C][=C][C][=C][Ring1][=Branch1][C][=C][C][Branch2][Ring1][O][C][#C][C][=C][C][=C][C][=C][C][=C][C][=C][C][=C][C][=C][Ring1][=C][C][Ring1][N][=C][Ring1][#Branch2][Ring1][=Branch1][=C][C][=C][Ring2][Ring1][Branch2][Ring2][Ring1][#C],6.2999,1,test
[C][C][=C][C][=C][Branch2][Ring2][Branch2][N][C][=C][C][=C][Branch1][=N][N][C][=C][C][=C][Branch1][C][C][C][=C][Ring1][#Branch1][C][=C][Ring1][=C][C][=Branch1][C][=O][C][=C][C][=C][C][=C][Ring1][=Branch1][C][Ring1][O][=O][C][=C][Ring2][Ring1][#C],6.3747,1,test
[C][C][C][C][C][=C][C][Branch1][Branch2][C][=Branch1][C][=O][C][C][C][=C][C][=C][C][=C][Branch1][Branch1][C][C][C][C][C][=C][Branch1][=Branch2][N][C][C][C][C][C][Ring1][=Branch1][C][=C][C][=C][Ring2][Ring1][=N][C][Ring2][Ring1][=Branch1][=C][Ring2][Ring1][Ring2][Ring1][=Branch1],6.3814,1,test
[C][N][Branch1][C][C][C][=C][C][=C][Branch2][Ring2][O][C][#C][C][=C][C][=C][Branch2][Ring1][O][C][#C][C][=C][C][=C][Branch1][=N][C][#C][C][=C][C][=C][C][=C][Ring1][=Branch1][C][#N][C][=C][Ring1][S][C][#N][C][=C][Ring2][Ring1][#Branch2][C][#N][C][=C][Ring2][Ring2][Ring2],6.475,1,test
[O][=C][C][=N][C][Branch2][Ring2][=Branch1][N][C][=C][C][=C][C][=C][Ring1][=Branch1][N][Branch1][#C][N][C][=C][O][C][=C][C][=C][C][=C][Ring1][=Branch1][Ring1][#Branch2][C][=C][C][=C][C][=C][Ring1][=Branch1][Ring2][Ring1][Branch2][=C][N][N][=C][N][=C][Ring2][Ring1][P][Ring1][Branch1],6.3099,1,test
[C][C][O][C][=Branch1][C][=O][C][=C][Branch1][C][C][N][C][=C][Branch1][#C][C][=Branch1][C][=O][C][=C][C][=C][C][=C][Ring1][=Branch1][Ring1][#Branch2][C][Ring1][#C][C][=C][C][=C][Branch1][=Branch1][N][Branch1][C][C][C][C][=C][Ring1][=Branch2],6.355,1,test
[C][C][=C][C][=C][Branch2][Ring2][Ring2][C][=C][C][=C][C][=C][C][=C][C][Branch1][=Branch2][C][Branch1][C][C][Branch1][C][C][C][=C][C][=C][C][=C][Ring2][Ring1][C][C][Ring1][S][=C][Ring1][=C][Ring1][=Branch1][C][=C][Ring2][Ring1][#Branch2],6.7542,1,test
[C][O][C][=Branch1][C][=O][C][=C][Branch1][#Branch2][N][C][Branch1][C][C][Branch1][C][C][C][O][C][Branch2][Ring1][Ring1][C][=C][C][=C][Branch1][=Branch2][C][=C][C][=C][C][=C][Ring1][=Branch1][C][=C][Ring1][N][=C][Ring2][Ring1][=Branch1][C][=Branch1][C][=O][O][C],6.9236,1,test
[C][O][C][C][C][Branch1][Branch1][C][C][O][C][C][=C][C][Branch1][=N][C][=C][C][=C][Branch1][Ring1][O][C][C][=C][Ring1][Branch2][=C][C][=C][Ring1][=C][C][=C][C][=C][Branch1][=N][C][=C][C][=C][Branch1][Ring1][O][C][C][=C][Ring1][Branch2][C][=C][Ring1][=C][Ring2][Ring1][P],6.6103,1,test
[C][N][Branch1][C][C][C][=C][C][=C][Branch2][Ring1][Branch1][C][=C][C][=C][C][=Branch1][C][=O][C][Branch1][C][O][=C][O][C][Ring1][Branch2][=C][Ring1][N][C][=C][Ring2][Ring1][C],6.9441,1,test
[C][=C][C][=C][Branch2][Ring2][P][C][=C][C][=C][Branch2][Ring1][S][C][=C][C][=C][Branch2][Ring1][Ring2][N][C][=C][C][=C][C][=C][Ring1][=Branch1][C][=C][C][=C][C][=C][Ring1][=Branch1][Ring1][=N][C][=C][Ring2][Ring1][Ring1][C][=N][S][N][=C][Ring2][Ring1][N][Ring1][Branch1][C][=C][Ring2][Ring2][C],6.6246,1,test
[C][N][Branch1][C][C][C][=C][C][=C][C][=C][C][Ring1][=Branch1][=C][C][=C][C][=C][C][=C][Ring1][=C][Ring1][=Branch1],6.76,1,test
[C][=C][C][=C][C][=C][Branch2][Ring1][Ring2][N][C][=C][C][=C][C][=C][Ring1][=Branch1][C][=C][C][=C][C][=C][Ring1][=Branch1][Ring1][=N][C][=C][C][Ring2][Ring1][Ring1][=C][Ring2][Ring1][#Branch1],6.877,1,test
[C][=C][C][=C][C][=C][C][=C][C][=C][C][=C][C][=C][C][=C][C][=Branch1][Branch1][=C][Ring2][Ring1][C][C][Ring1][P][=C][Ring1][#C][C][Ring1][#Branch1][=C][Ring1][O][Ring1][#C],6.6032,1,test
[C][C][C][C][C][C][N][Branch1][#Branch1][C][C][C][C][C][C][C][=C][C][=C][Branch1][#C][C][#C][C][=C][C][=C][Branch1][Ring1][C][#N][C][=C][Ring1][Branch2][C][=C][Ring1][S],7.125,1,test
[O][=C][C][C][C][C][=C][Ring1][=Branch1][C][C][=C][Branch1][Branch2][C][C][C][C][Ring1][=Branch1][=O][N][Ring1][O][N][C][=Branch1][C][=O][C][=C][C][=C][Branch1][C][O][C][=C][Ring1][#Branch1],7.1607,1,test
[C][=C][C][=C][C][=C][C][=C][C][=C][C][=C][C][=Branch1][Ring2][=C][Ring1][=C][C][Ring1][=N][=C][Ring1][O][Ring1][#Branch1],7.2066,1,test
[N][C][=C][C][=C][C][=C][C][=C][C][Branch1][C][N][=C][Ring1][O][Ring1][#Branch1],7.316,1,test
[C][N][C][=Branch1][C][=O][C][=C][C][=C][C][=C][Branch2][Ring1][Ring2][N][C][=C][C][=C][C][=C][Ring1][=Branch1][C][=C][C][=C][C][=C][Ring1][=Branch1][Ring1][=N][C][=C][C][=Branch1][Branch2][=C][Ring2][Ring1][#Branch1][Ring2][Ring1][Ring1][C][Ring2][Ring1][O][=O],7.2978,1,test
[C][N][C][=C][C][=C][C][=Branch1][Ring2][=C][Ring1][=Branch1][C][=C][C][=C][C][=C][Ring1][=Branch1][C][Ring1][#Branch2][=O],7.5021,1,test
[C][N][Branch1][C][C][C][=C][C][=C][Branch1][P][C][=N][C][Branch1][Ring1][C][#N][=C][Branch1][Ring1][C][#N][N][Ring1][=Branch2][C][C][=C][Ring1][S],7.4485,1,test
[C][=N][C][Branch2][Ring1][=C][C][=C][C][=C][C][Branch1][=C][C][=N][C][=C][N][N][=C][N][=C][Ring1][=Branch2][Ring1][Branch1][=C][C][=C][Ring1][#C][S][Ring2][Ring1][C][=N][C][Branch1][=N][C][=N][C][S][C][=N][C][=Ring1][Branch1][S][Ring1][Branch2][=N][Ring2][Ring1][S],7.4629,1,test
[C][O][C][=Branch1][C][=O][C][N][=C][Branch1][#C][C][=C][C][=C][C][=C][C][=C][C][=C][Ring1][#Branch2][Ring1][=Branch1][O][C][=Ring1][#C][C],7.5666,1,test
[C][C][C][C][C][C][N][C][=Branch1][C][=O][C][=C][C][=C][C][=C][Branch1][O][C][=C][C][=C][Branch1][C][Cl][S][Ring1][=Branch1][C][=C][C][=Branch1][=Branch1][=C][Ring1][S][Ring1][N][C][Ring2][Ring1][Ring2][=O],7.6425,1,test
[C][O][C][=C][C][=C][C][=Branch1][Ring2][=C][Ring1][=Branch1][C][=Branch1][C][=O][C][=C][C][=C][C][=C][Ring1][=Branch1][Ring1][O],7.782,1,test
[N][#C][C][=C][C][=C][C][=C][NH1][C][Ring1][Branch1][=C][Ring1][=Branch2],8.251,1,test
[C][C][=C][C][Branch1][C][C][=N][C][Branch1][C][N][=N][Ring1][Branch2],7.99,1,test
[C][C][O][C][=Branch1][C][=O][C][N][C][=Branch1][C][=O][C][=C][Branch1][=N][C][=C][C][=C][Branch1][Ring1][C][#N][C][=C][Ring1][Branch2][N][Branch1][=Branch2][C][C][=Branch1][C][=O][O][C][C][C][=Branch1][C][=O][C][Ring2][Ring1][Ring2][=C][Ring2][Ring1][Branch2][C][=C][C][=C][Branch1][Ring1][C][#N][C][=C][Ring1][Branch2],7.8671,1,test
[C][N][C][C][C][C][=C][C][C][Branch1][=Branch2][C][Branch1][C][F][Branch1][C][F][F][=C][C][=Branch1][C][=O][O][C][=Ring1][O][C][=C][Ring1][#C][Ring2][Ring1][Ring1],7.8996,1,test
[N][C][=C][C][=C][C][=N][Ring1][=Branch1],8.4499,1,test
[N][#C][C][=C][C][=C][C][C][=C][NH1][C][Ring1][=Branch2][=Ring1][Branch1],8.2757,1,test
[O][=C][C][=C][C][=C][C][=C][Branch1][Branch2][C][=C][Ring1][=Branch1][O][Ring1][#Branch2][O][C][C][Ring1][Branch2],8.3085,1,test
[F][C][=N][C][Branch1][C][F][=C][Branch1][C][F][C][Branch2][Ring1][#C][C][#C][C][=N][C][=C][N][=C][Ring1][=Branch1][C][#C][C][=C][Branch1][C][F][C][Branch1][C][F][=N][C][Branch1][C][F][=C][Ring1][=Branch2][F][=C][Ring2][Ring1][N][F],8.6537,1,test
[N][#C][C][=C][C][=C][Branch1][C][N][C][=C][Ring1][#Branch1],8.4747,1,test
[N][#C][C][=C][C][=C][C][=C][C][=C][Ring1][=Branch1][NH1][Ring1][=Branch2],8.3055,1,test
[N][#C][C][=C][C][=C][C][Branch1][C][N][=C][Ring1][#Branch1],8.5025,1,test
[N][C][=C][C][=C][C][=Branch1][Ring2][=C][Ring1][=Branch1][C][=Branch1][C][=O][N][C][Ring1][#Branch1][=O],8.6236,1,test
[N][#C][C][=C][C][=C][C][C][=C][NH1][C][Ring1][=Branch2][=Ring1][Branch1],8.2757,1,test
[N][C][=C][C][=C][C][Branch1][=Branch2][C][Branch1][C][F][Branch1][C][F][F][=C][C][=Branch1][C][=O][O][C][Ring1][O][=C][Ring1][#C],8.8053,1,test
[N][C][=C][C][=C][C][Branch1][=Branch2][C][Branch1][C][F][Branch1][C][F][F][=C][C][=Branch1][C][=O][O][C][Ring1][O][=C][Ring1][#C],8.8053,1,test
[N][#C][C][=C][Branch1][Ring1][C][#N][C][=C][C][Branch1][C][F][=C][C][=C][Ring1][#Branch1][C][=C][C][=C][Branch1][C][F][C][=C][Ring2][Ring1][C][Ring1][#Branch1],8.7897,1,test
[N][#C][C][=C][O][C][=C][C][=C][C][=C][Ring1][=Branch1][C][Ring1][#Branch2][=O],8.9873,1,test
[N][#C][C][=C][C][=C][Branch1][C][N][C][=N][O][N][=C][Ring1][#Branch2][Ring1][Branch1],8.8095,1,test
[C][N][C][=C][C][Branch1][Branch2][N][C][=N][C][=N][Ring1][Branch1][=N][C][Ring1][O][=O],8.7658,1,test
[N][#C][C][=C][O][C][=C][C][=C][C][=C][Ring1][=Branch1][C][Ring1][#Branch2][=O],8.9873,1,test
[N][#C][C][=C][Branch1][Ring1][C][#N][C][Branch1][Ring1][C][#N][=C][Branch2][Ring2][Branch1][C][=N][C][=N][C][Branch1][=Branch2][C][Branch1][C][F][Branch1][C][F][F][=N][C][=N][C][Branch1][Ring1][C][=O][=N][C][=Branch1][Branch1][=N][Ring2][Ring1][C][N][Ring1][=Branch2][Ring1][P][C][Branch1][Ring1][C][#N][=C][Ring2][Ring1][#C][C][#N],9.4712,1,test
[F][C][Branch1][C][F][Branch1][C][F][C][Branch1][C][F][Branch1][C][F][C][Branch1][C][F][Branch1][C][F][C][Branch1][C][F][Branch1][C][F][C][Branch1][C][F][Branch1][C][F][C][Branch1][C][F][Branch1][C][F][C][C][O][C][=N][N][=C][Branch1][C][Cl][N][=N][Ring1][#Branch1],9.1783,1,test
[N][#C][C][=C][C][=C][Branch1][C][N][C][=N][O][N][=C][Ring1][#Branch2][Ring1][Branch1],9.1886,1,test
[N][#C][C][=C][C][=C][Branch1][C][N][C][=N][O][N][=C][Ring1][#Branch2][Ring1][Branch1],9.1886,1,test
[F][C][Branch1][C][F][Branch1][C][F][C][Branch1][C][F][Branch1][C][F][C][Branch1][C][F][Branch1][C][F][C][Branch1][C][F][Branch1][C][F][C][Branch1][C][F][Branch1][C][F][C][Branch1][C][F][Branch1][C][F][C][C][O][C][=N][N][=C][Branch1][C][Cl][N][=N][Ring1][#Branch1],9.2088,1,test
[C][C][=C][C][=Branch1][C][=O][NH1][C][=Branch1][C][=O][NH1][Ring1][Branch2],9.3421,1,test
[C][C][=C][N][Branch1][=Branch2][C][Branch1][C][F][Branch1][C][F][F][C][=Branch1][C][=O][NH1][C][Ring1][O][=O],9.8381,1,test
[O][=C][C][=C][NH1][C][=Branch1][C][=O][NH1][Ring1][#Branch1],9.7209,1,test
[C][C][=C][N][Branch1][=Branch2][C][Branch1][C][F][Branch1][C][F][F][C][=Branch1][C][=O][NH1][C][Ring1][O][=O],9.8381,1,test
[C][C][=C][N][Branch1][=Branch2][C][Branch1][C][F][Branch1][C][F][F][C][=Branch1][C][=O][NH1][C][Ring1][O][=O],9.8381,1,test
[O][=C][C][=C][NH1][C][=Branch1][C][=O][NH1][Ring1][#Branch1],9.7209,1,test
[C][C][=C][N][Branch1][=Branch2][C][Branch1][C][F][Branch1][C][F][F][C][=Branch1][C][=O][NH1][C][Ring1][O][=O],9.8381,1,test
[O][=C][C][=C][NH1][C][=Branch1][C][=O][NH1][Ring1][#Branch1],9.7209,1,test
[C][C][=C][N][Branch1][=Branch2][C][Branch1][C][F][Branch1][C][F][F][C][=Branch1][C][=O][NH1][C][Ring1][O][=O],9.8381,1,test
[C][C][C][C][C][=C][C][Branch1][Ring1][C][=O][=C][C][=C][C][=C][Branch1][Branch1][C][C][C][C][C][=C][Branch1][=Branch2][N][C][C][C][C][C][Ring1][=Branch1][C][=C][C][=C][Ring2][Ring1][#Branch2][C][Ring2][Ring1][=Branch1][=C][Ring2][Ring1][Ring2][Ring1][=Branch1],6.5375,2,test
[N][#C][C][=C][C][=C][Branch2][Ring1][C][C][=C][C][=C][Branch1][=Branch2][C][=C][C][C][C][C][Ring1][=Branch1][S][Ring1][O][S][Ring1][S],7.2482,2,test
[C][O][C][=N][C][Branch2][Ring1][N][N][C][=C][C][=C][C][=C][C][=C][C][=C][C][=C][C][=Branch1][Ring2][=C][Ring1][=C][C][Ring1][=N][=C][Ring1][O][Ring1][#Branch1][=N][C][Branch1][Ring1][O][C][=N][Ring2][Ring1][=Branch2],7.001,2,test
[C][O][C][=C][C][=C][C][=C][C][Branch1][C][C][=C][C][=Branch1][C][=O][O][C][Ring1][Branch2][=C][C][Ring1][N][=C][Ring1][S],7.8159,2,test
[C][=C][C][O][C][=N][N][=C][Branch2][Ring2][#C][O][C][C][C][Branch1][C][F][Branch1][C][F][C][Branch1][C][F][Branch1][C][F][C][Branch1][C][F][Branch1][C][F][C][Branch1][C][F][Branch1][C][F][C][Branch1][C][F][Branch1][C][F][C][Branch1][C][F][Branch1][C][F][F][N][=N][Ring2][Ring1][N],8.2453,2,test
[C][O][C][=C][C][=C][C][Branch2][Ring1][C][C][=N][C][Branch1][=Branch2][C][=C][C][=C][C][=C][Ring1][=Branch1][=N][O][Ring1][O][=C][C][=Branch1][C][=O][O][C][Ring2][Ring1][C][=C][Ring2][Ring1][=Branch1],8.031,2,test
[O][=C][C][=C][C][=C][C][=C][C][=C][Ring1][=Branch1][O][Ring1][#Branch2],9.0194,2,test
[C][C][N][C][=C][C][O][C][=Branch1][C][=O][C][=C][Branch1][=Branch2][C][Branch1][C][F][Branch1][C][F][F][C][=Ring1][O][C][=C][Ring1][#C][C],7.909449367424535,3,test
[N][#C][C][=C][C][=C][C][=C][C][=C][Ring1][=Branch1][NH1][Ring1][=Branch2],8.27627495207981,3,test
