selfies,y,fidelity,source_split
[C][C][N][Branch1][Ring1][C][C][C][=C][C][=C][C][=C][Branch2][Ring1][Ring1][C][=C][C][=C][Branch1][=Branch2][C][Branch1][C][F][Branch1][C][F][F][C][=C][Ring1][#Branch2][O][C][=Branch1][C][=O][C][Ring1][P][=C][Ring2][Ring1][Branch1],0.8782,1,train
[N][C][=C][C][=C][C][=N][Ring1][=Branch1],-1.3309,1,train
[N][#C][C][Branch1][Ring1][C][#N][=C][C][=C][C][=C][Branch1][=Branch2][C][=C][C][=C][C][=C][Ring1][=Branch1][O][C][Branch1][=Branch2][C][=C][C][=C][C][=C][Ring1][=Branch1][=C][Ring1][P][C][=C][Branch1][=Branch2][C][=C][Branch1][Ring1][C][#N][C][#N][C][Ring2][Ring1][N],2.2396,1,train
[C][C][=C][Branch2][Ring1][#Branch1][C][=C][Branch1][Ring1][C][#N][C][Branch1][Ring1][C][#N][=C][C][Branch1][Ring1][C][#N][=C][Ring1][N][C][#N][C][=C][N][Ring2][Ring1][Ring1][C][=C][N][=C][S][C][=N][C][=C][C][=C][Ring1][=Branch1][C][Ring1][=Branch2][=C][Ring1][=N],2.5275,1,train
[C][O][C][=C][C][=C][C][=C][C][Ring1][=Branch1][=C][Branch1][Ring1][O][C][C][=C][Ring1][N][C][=C][C][=C][C][=C][Ring1][=Branch1][N][Ring1][=Branch2][C],0.3458,1,train
[C][=C][C][=C][C][=C][Ring1][=Branch1],-1.9413,1,train
[C][O][C][=C][C][=C][Branch2][Ring1][#Branch2][N][C][=Branch1][C][=O][C][=C][C][=C][C][=C][Ring1][=Branch1][N][C][Ring1][O][C][Branch1][C][C][Branch1][C][C][C][C][=C][Ring2][Ring1][Branch1],-0.1357,1,train
[N][#C][C][=C][Branch1][C][F][C][Branch1][C][F][=C][Branch1][Ring1][C][#N][C][O][C][=C][C][O][C][=C][Branch1][Ring1][C][#N][C][Branch1][C][F][=C][Branch1][C][F][C][Branch1][Ring1][C][#N][=C][Ring1][N][O][C][=Ring1][S][C][=C][Ring2][Ring1][Ring2][O][C][Ring2][Ring1][S][=Ring2][Ring1][Branch2],2.9261,1,train
[C][C][N][=C][Branch1][=N][C][=C][C][Branch1][C][N][=C][C][=C][Ring1][#Branch1][O][N][C][=Ring1][=N][C][C][C][C][Ring1][=Branch1],-1.1895,1,train
[O][=C][C][=C][C][=C][Branch2][Ring2][Branch2][C][=C][C][=C][C][=Branch1][Ring2][=C][Ring1][=Branch1][C][=Branch1][C][=O][C][=C][C][Branch1][=N][C][=C][C][=C][Branch1][Ring1][C][=O][C][=C][Ring1][Branch2][=C][C][=C][Ring1][=C][Ring2][Ring1][Ring1][C][=C][Ring2][Ring1][N],2.1491,1,train
[C][O][C][=C][C][=C][C][=C][Ring1][=Branch1],-1.9335,1,train
[N][#C][C][=C][Branch1][C][F][C][Branch1][C][F][=C][Branch1][Ring1][C][#N][C][O][C][=C][C][O][C][=C][Branch1][Ring1][C][#N][C][Branch1][C][F][=C][Branch1][C][F][C][Branch1][Ring1][C][#N][=C][Ring1][N][O][C][=Ring1][S][C][=C][Ring2][Ring1][Ring2][O][C][Ring2][Ring1][S][=Ring2][Ring1][Branch2],2.9261,1,train
[C][C][=C][C][=C][C][Branch1][C][C][=C][C][=C][C][=C][C][=C][Ring1][=Branch1][NH1][C][Ring1][=Branch2][=C][Ring1][=C][O][Ring1][P],-0.5912,1,train
[C][C][Branch1][C][C][Branch1][C][C][C][=C][C][=C][Branch2][Ring2][Ring2][C][=C][C][=C][Branch2][Ring1][Ring1][C][=C][C][=C][Branch1][=Branch2][C][Branch1][C][C][Branch1][C][C][C][C][=C][Ring1][#Branch2][C][=N][S][N][=C][Ring2][Ring1][Ring1][Ring1][Branch1][C][=C][Ring2][Ring1][=Branch2],1.2316,1,train
[O][=C][O][C][=C][C][=C][C][=C][Ring1][=Branch1][C][=C][Ring1][#Branch2][C][=N][C][=C][C][=C][C][=C][Ring1][=Branch1][O][Ring1][=Branch2],1.5125,1,train
[O][=C][NH1][C][=C][C][=C][C][=C][Ring1][=Branch1][NH1][Ring1][=Branch2],-1.1818,1,train
[C][=C][C][Branch1][Branch2][N][C][C][C][C][Ring1][Branch1][=C][C][=N][Ring1][O],-1.909,1,train
[C][C][Branch1][C][C][Branch1][C][C][C][=C][C][=C][Branch2][Ring2][Ring2][C][=N][N][=C][Branch2][Ring1][=Branch2][C][=C][C][=C][C][=C][C][=C][C][=C][C][=C][C][=C][Ring1][=C][C][Ring1][N][=C][Ring1][#Branch2][Ring1][=Branch1][O][Ring2][Ring1][Branch1][C][=C][Ring2][Ring1][O],1.3809,1,train
[Br][C][=N][C][=N][C][=N][C][=N][C][Branch2][Ring2][Ring1][C][=C][C][=C][C][=C][C][=C][C][Ring1][=Branch1][=C][Ring1][#Branch2][C][=C][C][=N][C][=C][Ring1][=Branch1][C][=C][C][=C][C][=C][N][=C][Ring1][=Branch1][Ring1][#Branch2][=N][C][=Branch1][Branch1][=N][Ring2][Ring2][Ring2][N][Ring2][Ring2][Ring1][Ring2][Ring1][#C],2.3568,1,train
[O][=C][O][C][=C][C][=C][C][=C][C][=C][C][Ring1][=Branch1][=C][Ring1][#Branch2][N][=C][Ring1][=C][C][=C][C][=C][C][=C][Ring1][=Branch1],1.4379,1,train
[N][#C][C][=C][Branch1][C][F][C][Branch1][C][F][=C][Branch1][Ring1][C][#N][C][O][C][=C][C][O][C][=C][Branch1][Ring1][C][#N][C][Branch1][C][F][=C][Branch1][C][F][C][Branch1][Ring1][C][#N][=C][Ring1][N][O][C][=Ring1][S][C][=C][Ring2][Ring1][Ring2][O][C][Ring2][Ring1][S][=Ring2][Ring1][Branch2],2.9261,1,train
[C][C][N][C][=C][C][=C][C][Branch1][=Branch2][C][Branch1][C][F][Branch1][C][F][F][=C][C][=Branch1][C][=O][O][C][Ring1][O][=C][Ring1][#C],1.0596,1,train
[N][#C][C][=C][C][=C][Branch1][C][N][C][=N][O][N][=C][Ring1][#Branch2][Ring1][Branch1],1.5918,1,train
[C][N][Branch1][C][C][C][=C][C][=C][Branch1][#C][C][#C][C][=C][C][=C][Branch1][Ring1][C][#N][C][=C][Ring1][Branch2][C][=C][Ring1][S],0.2113,1,train
[N][#C][C][=C][Branch1][C][F][C][Branch1][C][F][=C][Branch1][Ring1][C][#N][C][O][C][=C][C][O][C][=C][Branch1][Ring1][C][#N][C][Branch1][C][F][=C][Branch1][C][F][C][Branch1][Ring1][C][#N][=C][Ring1][N][O][C][=Ring1][S][C][=C][Ring2][Ring1][Ring2][O][C][Ring2][Ring1][S][=Ring2][Ring1][Branch2],2.9261,1,train
[C][C][C][=Branch1][C][=O][C][=C][C][=C][C][=C][Branch1][=Branch1][N][Branch1][C][C][C][C][=C][C][Ring1][=Branch2][=C][Ring1][=N],0.3058,1,train
[C][O][C][=Branch1][C][=O][C][Branch2][Ring1][=Branch2][C][C][=C][C][=C][O][C][Branch1][=Branch2][C][=C][C][=N][C][=C][Ring1][=Branch1][=N][C][Ring1][O][=C][Ring1][#C][N][C][=Branch1][C][=O][O][C][Branch1][C][C][Branch1][C][C][C],1.1273,1,train
[C][C][=C][C][=C][C][Branch1][C][C][=C][Ring1][#Branch1],-1.9837,1,train
[C][C][Branch1][C][C][C][C][C][C][N][C][C][C][=C][Ring1][Branch1][C][=C][C][=C][C][=Branch1][Branch2][=C][C][=C][Ring1][#Branch2][Ring1][=Branch1][C][C][C][C][Ring1][=Branch2][=O],0.4612,1,train
[C][=C][S][C][Branch2][Ring1][#Branch1][C][=C][N][=C][Branch1][Branch2][C][=C][C][=C][S][Ring1][Branch1][C][=N][O][N][=C][Ring1][=C][Ring1][Branch1][=C][Ring2][Ring1][Ring1],2.0225,1,train
[N][#C][C][=C][C][Branch1][Ring1][C][#N][=C][Branch1][Ring1][C][#N][C][Branch2][Ring2][Branch2][C][=C][C][=C][C][=Branch1][Ring2][=C][Ring1][=Branch1][S][C][=C][C][Branch1][=Branch2][C][=C][C][=C][C][=N][Ring1][=Branch1][=C][C][=C][Ring1][N][N][Ring1][P][N][C][=C][C][=C][Ring1][Branch1][=C][Ring2][Ring2][Ring1][C][#N],2.4358,1,train
[Cl][C][=N][C][Branch1][#Branch2][N][C][=C][C][=C][C][=C][Ring1][=Branch1][=N][C][Branch2][Ring2][Ring1][N][C][=C][C][=C][C][=C][C][=C][C][=C][C][=C][C][Branch1][=C][C][=C][C][=C][C][Ring2][Ring1][C][=C][Ring1][=Branch1][Ring1][S][=C][Ring1][N][Ring1][S][=N][Ring2][Ring2][C],1.5033,1,train
[O][=S][=Branch1][C][=O][C][=C][C][=C][C][=C][Ring1][=Branch1][S][=Branch1][C][=O][=Branch1][C][=O][C][=C][C][Branch2][Ring1][N][C][=C][C][=C][C][=C][C][=C][Branch1][N][C][=C][C][=C][C][Branch1][C][Br][=N][Ring1][#Branch1][C][Ring1][=N][=C][Ring1][P][=C][C][=C][Ring2][Ring1][#Branch1][Ring2][Ring2][C],1.7275,1,train
[C][C][=Branch1][C][=O][C][=C][C][=Branch2][Ring1][Ring1][=C][C][=C][C][Branch1][=Branch1][N][Branch1][C][C][C][=C][C][=C][Ring1][=N][Ring1][=Branch2][C][C][C][Ring1][#C],0.0163,1,train
[C][O][C][=C][C][=C][Branch1][=N][C][=C][Ring1][=Branch1][C][=C][Branch1][Ring1][C][#N][C][#N][C][=C][C][=C][C][=C][Ring1][=Branch1][N][Ring1][P][C],0.8688,1,train
[N][C][=C][C][=C][C][C][=N][NH1][C][Ring1][=Branch2][=Ring1][Branch1],-0.7414,1,train
[C][N][Branch1][C][C][C][=C][C][=C][Branch1][#C][C][#C][C][=C][C][=C][Branch1][Ring1][C][=O][C][=C][Ring1][Branch2][C][=C][Ring1][S],0.5185,1,train
[C][=N][C][=N][C][Branch2][Ring1][Branch2][C][=C][C][=C][C][Branch1][=C][C][=C][O][C][=C][C][=C][C][=C][Ring1][=Branch2][Ring1][=Branch1][=C][Ring1][#C][=N][C][=N][C][Branch1][=Branch2][C][=N][C][=N][C][=N][Ring1][=Branch1][=N][C][=Branch1][Branch1][=N][Ring2][Ring1][P][N][Ring2][Ring1][S][Ring1][=N],2.4806,1,train
[N][C][C][C][=C][NH1][C][=C][C][=C][Branch1][C][O][C][=C][Ring1][#Branch2][Ring1][#Branch1],-1.2262,1,train
[O][=C][C][Branch2][Ring2][#Branch1][N][Branch1][S][C][=C][Branch1][C][F][C][=C][Branch1][C][F][C][=C][Ring1][Branch2][F][C][=C][C][=Branch1][O][=C][C][=N][S][N][=C][Ring1][=Branch2][Ring1][Branch1][N][=S][=N][Ring1][O][=C][C][=C][C][=C][C][=C][Ring1][=Branch1][Ring2][Ring1][#C],2.8181,1,train
[C][O][C][=C][C][=C][Branch2][Ring1][S][C][=Branch1][C][=O][N][N][C][=C][Branch1][=N][C][C][=C][Ring1][=Branch1][C][C][C][C][Ring1][=Branch1][=O][C][=Branch1][C][=O][C][C][C][Ring1][#C][C][=C][Ring2][Ring1][=Branch2],0.9132,1,train
[C][C][=C][C][=C][Branch1][C][C][C][=C][Ring1][#Branch1],-1.9808,1,train
[N][#C][C][=C][Branch1][C][F][C][Branch1][C][F][=C][Branch1][Ring1][C][#N][C][O][C][=C][C][O][C][=C][Branch1][Ring1][C][#N][C][Branch1][C][F][=C][Branch1][C][F][C][Branch1][Ring1][C][#N][=C][Ring1][N][O][C][=Ring1][S][C][=C][Ring2][Ring1][Ring2][O][C][Ring2][Ring1][S][=Ring2][Ring1][Branch2],2.9261,1,train
[C][C][O][C][=Branch1][C][=O][C][=C][N][Branch1][=Branch2][C][=C][C][=C][C][=C][Ring1][=Branch1][C][=C][C][Ring1][N][C][=C][C][=C][C][=C][Ring1][=Branch1],0.0257,1,train
[C][C][C][=C][C][=C][C][=C][C][=C][Branch2][Ring1][C][C][=C][C][S][C][C][=C][S][C][=Ring1][Branch1][C][=Ring1][Branch2][S][Ring1][O][C][=C][Ring1][P][C][=C][C][=C][Branch1][Branch2][C][C][=C][S][C][=Ring1][Branch1][C][=C][Ring1][O][C][Ring2][Ring1][=C][=C][Ring2][Ring2][C],1.1823,1,train
[C][C][=C][C][=C][Branch2][Ring1][=N][C][=C][C][Branch1][N][C][=C][C][=C][Branch1][C][C][C][=C][Ring1][#Branch1][=C][Branch1][Ring1][C][#N][C][=Branch1][C][=O][NH1][Ring1][S][C][=C][Ring2][Ring1][=Branch1],0.7791,1,train
[C][C][N][Branch1][Ring1][C][C][C][=C][C][=C][Branch1][N][N][C][Branch1][C][C][=C][C][=C][Ring1][=Branch1][C][C][=C][Ring1][=N],-1.4394,1,train
[C][C][=C][C][=C][Branch1][C][C][C][=C][Ring1][#Branch1],-1.9808,1,train
[C][C][N][Branch1][Ring1][C][C][C][=C][C][=C][Branch1][N][N][C][Branch1][C][C][=C][C][=C][Ring1][=Branch1][C][C][=C][Ring1][=N],-1.4379,1,train
[C][C][=C][C][=C][Branch1][Ring2][O][Ring1][Branch1][C][Branch1][C][C][=C][C][C][=C][C][=Branch1][C][=O][O][C][=Ring1][#Branch1][Ring1][=N],0.3766,1,train
[C][C][O][C][=Branch1][C][=O][C][=C][N][Branch1][=Branch2][C][=C][C][=C][C][=C][Ring1][=Branch1][C][=C][C][Ring1][N][C][=C][C][=C][C][=C][Ring1][=Branch1],0.0226,1,train
[C][C][C][C][=C][C][=N][C][Ring1][Branch1][=C][C][=C][NH1][C][Branch1][Branch2][C][=C][Ring1][Branch1][C][C][C][=C][N][=C][Branch2][Ring1][Ring1][C][Branch1][C][O][=C][C][NH1][C][Ring2][Ring1][=Branch1][=C][C][=Ring1][Branch1][C][C][C][C][Branch1][Ring2][C][C][C][=C][Ring2][Ring1][Ring1],2.1782,1,train
[C][=C][C][=C][C][=C][C][Branch1][Ring1][O][C][=C][Ring1][Branch2],-0.971,1,train
[C][=C][C][Branch1][Branch2][N][C][C][C][C][Ring1][Branch1][=C][C][=N][Ring1][O],-1.909,1,train
[O][=C][N][C][=Branch1][C][=O][C][=C][C][Branch2][Ring1][C][C][C][Branch1][Branch2][C][=C][N][=C][NH1][Ring1][Branch1][=C][S][C][=Ring1][#Branch2][Cl][=C][C][=C][Branch1][=N][C][=C][C][Ring2][Ring1][Branch2][=C][Ring2][Ring1][Branch1][Ring1][=Branch1][C][=Branch1][C][=O][N][C][Ring1][O][=O],2.884,1,train
[C][C][=C][Branch2][Ring1][#Branch1][C][=C][Branch1][Ring1][C][#N][C][Branch1][Ring1][C][#N][=C][C][Branch1][Ring1][C][#N][=C][Ring1][N][C][#N][C][=C][N][Ring2][Ring1][Ring1][C][=C][N][=C][S][C][=N][C][=C][C][=C][Ring1][=Branch1][C][Ring1][=Branch2][=C][Ring1][=N],2.5275,1,train
[O][=C][O][C][C][=C][Ring1][Branch1][C][Branch1][=Branch2][C][=C][C][=C][C][=C][Ring1][=Branch1][C][=C][C][=C][Branch1][O][C][=C][Ring1][=Branch1][N][Ring1][S][C][C][O][C][C][C][Ring1][O],0.0658,1,train
[C][O][C][=C][C][=C][C][Branch1][Branch2][C][C][=Branch1][C][=O][N][N][=C][O][C][Ring1][#Branch2][=C][Ring1][=C],-0.5017,1,train
[N][#C][C][=C][C][Branch1][Ring1][C][#N][=C][Branch1][Ring1][C][#N][C][Branch2][Ring2][=Branch2][N][C][=C][C][=C][Ring1][Branch1][C][=N][C][=C][C][=C][C][=C][Ring1][=Branch1][N][=C][Ring1][#Branch2][C][=C][N][=C][O][C][=N][C][=C][C][=C][Ring1][=Branch1][C][Ring1][=Branch2][=C][Ring1][=N][=C][Ring2][Ring2][=Branch1][C][#N],2.8411,1,train
[C][C][N][Branch1][Ring1][C][C][C][=C][C][=C][Branch2][Ring1][=Branch1][C][=C][C][=N][C][=N][C][=C][C][=C][C][=C][Ring1][=Branch1][N][=C][Ring1][#Branch2][S][Ring1][=N][C][Branch1][Ring1][O][C][=C][Ring2][Ring1][#Branch1],1.4506,1,train
[N][#C][C][=C][Branch1][Ring1][C][#N][C][Branch1][Ring1][C][#N][=C][Branch2][Ring1][P][C][C][=C][Branch1][P][C][C][C][=C][C][=C][C][=C][C][=C][Ring1][=Branch1][C][Ring1][=Branch2][=O][C][=N][S][N][=C][Ring1][Branch1][C][=Ring2][Ring1][Branch1][C][Branch1][Ring1][C][#N][=C][Ring2][Ring1][P][C][#N],2.9483,1,train
[N][#C][C][=C][C][Branch1][Ring1][C][#N][=C][Branch2][Ring2][Ring2][C][Branch1][=C][C][=C][C][=C][S][C][=N][C][Ring1][Branch1][=C][Ring1][=Branch2][C][=C][C][=C][NH1][C][=C][C][=N][C][=C][Ring1][=Branch1][C][Ring1][=Branch2][=C][Ring1][=N][C][Branch1][Ring1][C][#N][=C][Ring2][Ring1][P],1.7081,1,train
[O][=C][N][C][=Branch1][C][=O][C][=C][C][=C][Branch1][=C][N][N][=C][C][=C][C][=C][C][Ring1][=Branch1][=N][Ring1][=Branch2][C][=C][Branch2][Ring1][Ring1][C][=C][C][=C][Branch1][=Branch2][C][=C][C][=C][N][=C][Ring1][=Branch1][C][=C][Ring1][N][C][=C][C][Ring2][Ring2][C][=C][Ring2][Ring1][#C][Ring2][Ring1][C],2.318,1,train
[C][O][C][=C][C][=C][C][=C][C][Branch1][C][C][=C][C][=C][C][=C][C][=C][Ring1][=Branch1][N][Branch1][C][C][C][Ring1][#Branch2][=C][Ring2][Ring1][Ring1][Ring1][#C],-0.0323,1,train
[C][C][=C][C][=C][Branch1][C][O][C][=C][Ring1][#Branch1],-1.9375,1,train
[O][=C][C][=Branch2][Ring2][=Branch1][=C][C][=C][N][=C][Branch2][Ring1][=Branch2][C][=C][N][=C][Branch1][#C][C][=C][C][=C][C][=C][C][=C][C][Ring1][=Branch1][=N][Ring1][#Branch2][C][=N][Ring1][S][C][=N][Ring2][Ring1][=Branch1][C][=Branch1][C][=O][C][=C][C][=C][C][=C][Ring1][=Branch1][Ring2][Ring1][P],2.4061,1,train
[N][#C][C][=C][Branch1][C][F][C][Branch1][C][F][=C][Branch1][Ring1][C][#N][C][O][C][=C][C][O][C][=C][Branch1][Ring1][C][#N][C][Branch1][C][F][=C][Branch1][C][F][C][Branch1][Ring1][C][#N][=C][Ring1][N][O][C][=Ring1][S][C][=C][Ring2][Ring1][Ring2][O][C][Ring2][Ring1][S][=Ring2][Ring1][Branch2],2.9261,1,train
[O][=C][C][=C][C][=C][C][=Branch1][Ring2][=C][Ring1][=Branch1][C][=C][C][=N][C][=C][Ring1][=Branch1][N][Ring1][#Branch2][C][=N][C][=C][C][=C][C][=C][Ring1][=Branch1][N][=C][Ring1][#Branch2][C][=C][C][=C][C][=C][C][=C][Ring1][=Branch1][C][=C][C][=C][C][=C][Ring1][=C][Ring1][=Branch1],1.8486,1,train
[N][#C][C][=C][C][Branch1][Ring1][C][#N][=C][Branch2][Ring2][=Branch2][C][=C][Branch2][Ring1][Branch1][O][C][=Branch1][C][=O][C][=C][C][=C][Branch1][=Branch1][C][=Branch1][C][=O][O][C][=C][Ring1][=Branch2][C][=Branch1][C][=O][C][=C][C][=C][C][=C][Ring1][=Branch1][Ring2][Ring1][=Branch1][C][Branch1][Ring1][C][#N][=C][Ring2][Ring1][S][Br],2.8405,1,train
[O][=C][C][=C][C][Branch1][C][Cl][=C][C][=C][Ring1][#Branch1][S][=Branch1][C][=O][=Branch1][C][=O][C][=C][C][=C][Branch2][Ring1][=N][C][=C][O][C][Branch2][Ring1][Ring1][C][=N][C][=C][C][N][=C][O][C][=Ring1][Branch1][C][=C][Ring1][=Branch2][O][Ring1][N][=C][Ring1][P][C][=C][Ring2][Ring1][#Branch1][Ring2][Ring2][C],2.3254,1,train
[C][=C][N][=C][C][Branch2][Ring2][#Branch1][C][=C][C][Branch2][Ring1][N][N][C][=C][C][=C][C][O][C][Branch1][Branch2][C][C][=C][O][C][=Ring1][Branch1][=C][C][=Ring1][#Branch2][C][=C][Ring1][=C][Ring1][P][=C][NH1][Ring2][Ring1][=Branch1][=C][N][=C][C][Ring2][Ring1][N][=N][Ring2][Ring1][S],1.6985,1,train
[C][C][C][C][N][C][=C][C][=C][C][=C][Ring1][=Branch1][C][=C][C][=C][C][=C][C][Branch1][=N][C][=C][C][=C][Branch1][Ring1][O][C][C][=C][Ring1][Branch2][=C][C][=C][Ring1][=C][N][Branch1][Branch1][C][C][C][C][C][Ring2][Ring1][Branch1][=C][Ring2][Ring1][=Branch2][Ring2][Ring1][S],-0.0191,1,train
[N][#C][C][=C][Branch1][Ring1][C][#N][C][Branch1][Ring1][C][#N][=C][Branch2][Ring1][=Branch2][C][=C][C][=C][Branch1][#C][C][=C][C][=C][C][=N][C][=C][N][=C][Ring1][#Branch2][Ring1][=Branch1][N][Ring1][#C][F][C][Branch1][Ring1][C][#N][=C][Ring2][Ring1][N][C][#N],2.9643,1,train
[C][=C][C][=C][C][=C][C][=C][C][=C][C][Ring1][=Branch1][=C][C][Ring1][#Branch2][=C][Ring1][=C],0.5852,1,train
[C][=C][C][=C][C][=C][C][Branch1][Ring1][O][C][=C][Ring1][Branch2],-0.9585,1,train
[C][C][Branch1][C][C][Branch1][C][C][C][=C][C][=C][Branch2][Ring2][Ring2][C][=N][N][=C][Branch2][Ring1][=Branch2][C][=C][C][=C][C][=C][C][=C][C][=C][C][=C][C][=C][Ring1][=C][C][Ring1][N][=C][Ring1][#Branch2][Ring1][=Branch1][O][Ring2][Ring1][Branch1][C][=C][Ring2][Ring1][O],1.3914,1,train
[O][=S][=Branch1][C][=O][C][=C][Branch1][O][C][=C][C][=C][C][=C][Ring1][=Branch1][Ring1][#Branch2][C][Branch1][O][C][=C][C][=C][C][=C][Ring1][=Branch1][Ring1][#C][C][=C][C][=C][C][=C][Ring1][=Branch1][C][S][C][=C][C][=C][C][=C][Ring1][=Branch1][C][=Ring1][=Branch2][Ring2][Ring1][=Branch1],1.3971,1,train
[C][N][Branch1][C][C][C][=C][C][=C][Branch1][O][C][#C][C][=C][C][=C][C][=C][Ring1][=Branch1][C][=C][Ring1][=C],-0.7723,1,train
[N][#C][C][=C][Branch1][Ring1][C][#N][C][Branch1][Ring1][C][#N][=C][Branch2][Ring1][P][C][=C][Branch2][Ring1][Ring2][C][=C][C][=C][Branch1][#Branch2][N][C][=C][C][=C][C][=C][Ring1][=Branch1][C][=C][Ring1][=N][C][=N][C][=N][C][=N][Ring1][=Branch1][C][Branch1][Ring1][C][#N][=C][Ring2][Ring1][P][C][#N],2.8811,1,train
[C][=N][C][=C][C][=C][C][=C][C][=C][C][=Branch1][=Branch1][=C][Ring1][#Branch2][Ring1][=Branch1][N][Ring1][=N],-0.5159,1,train
[C][=C][Branch2][Ring1][#C][C][=N][C][=C][C][=C][Branch1][#C][C][=C][N][=C][C][=N][N][=C][C][Ring1][=Branch1][=C][Ring1][#Branch2][C][=C][Ring1][S][NH1][Ring2][Ring1][Ring1][C][=C][Branch1][Ring1][C][#N][C][Branch1][Ring1][C][#N][=C][C][Branch1][Ring1][C][#N][=C][Ring1][N][C][#N],2.8614,1,train
[N][C][=C][C][=C][C][=C][C][=C][C][=C][Ring1][#Branch2][Ring1][=Branch1],-0.5719,1,train
[C][C][C][C][C][C][N][C][=Branch1][C][=O][C][=C][C][=C][C][=C][Branch1][O][C][=C][C][=C][Branch1][C][C][S][Ring1][=Branch1][C][=C][C][=Branch1][=Branch1][=C][Ring1][S][Ring1][N][C][Ring2][Ring1][Ring2][=O],1.5547,1,train
[O][=C][Branch1][=Branch2][O][C][C][=C][O][C][=Ring1][Branch1][C][=C][C][=C][Branch2][Ring2][Branch1][C][=Branch1][C][=O][O][C][=C][C][=C][C][=C][C][Branch1][#C][C][=C][N][=C][C][=C][C][=C][C][Ring1][=Branch1][=N][Ring1][#Branch2][=N][C][Ring1][S][=N][Ring2][Ring1][Ring2][C][=C][Ring2][Ring1][=N],2.3008,1,train
[C][=C][C][Branch1][Branch2][N][C][C][C][C][Ring1][Branch1][=C][C][=N][Ring1][O],-1.909,1,train
[C][C][=C][C][=C][C][Branch1][Branch2][C][C][=Branch1][C][=O][N][N][=C][O][C][Ring1][#Branch2][=C][Ring1][=C],-0.4553,1,train
[C][=C][C][Branch1][Branch2][N][C][C][C][C][Ring1][Branch1][=C][C][=N][Ring1][O],-1.909,1,train
[N][#C][C][=C][Branch1][C][F][C][Branch1][C][F][=C][Branch1][Ring1][C][#N][C][O][C][=C][C][O][C][=C][Branch1][Ring1][C][#N][C][Branch1][C][F][=C][Branch1][C][F][C][Branch1][Ring1][C][#N][=C][Ring1][N][O][C][=Ring1][S][C][=C][Ring2][Ring1][Ring2][O][C][Ring2][Ring1][S][=Ring2][Ring1][Branch2],2.9261,1,train
[C][C][Branch1][C][C][C][C][C][C][N][C][C][C][=C][Ring1][Branch1][C][=C][C][=C][C][=Branch1][Branch2][=C][C][=C][Ring1][#Branch2][Ring1][=Branch1][C][C][C][C][Ring1][=Branch2][=O],0.482,1,train
[C][C][Branch1][C][C][Branch1][C][C][C][N][C][=C][C][=C][C][=C][Ring1][=Branch1][C][=Branch1][C][=O][N][Ring1][O][C][=C][C][=C][C][=C][Ring1][=Branch1],-0.0808,1,train
[C][=C][N][=C][C][Branch2][Branch1][Ring1][C][=N][C][=N][C][NH1][C][=N][C][=Ring1][Branch1][N][=C][Ring1][=Branch2][N][Ring1][N][C][=C][C][O][C][C][=C][Branch1][=N][C][=N][C][S][C][=N][C][=Ring1][Branch1][S][Ring1][Branch2][S][C][=Ring1][=N][C][=Ring1][S][S][Ring2][Ring1][Ring1][=C][Ring2][Ring2][Branch1],2.2564,1,train
[C][=C][C][C][C][=C][C][=C][C][Branch2][Ring1][Branch1][C][=C][C][=Branch1][O][=C][C][=N][S][N][=C][Ring1][=Branch2][Ring1][Branch1][N][=S][=N][Ring1][O][=C][C][=C][C][Ring2][Ring1][C][=N][Ring2][Ring1][=Branch1],2.4952,1,train
[C][N][Branch1][C][C][C][=C][C][=C][C][=C][Ring1][=Branch1],-2.2302,1,train
[C][=C][C][Branch1][Branch2][N][C][C][C][C][Ring1][Branch1][=C][C][=N][Ring1][O],-1.909,1,train
[C][=C][C][Branch1][Branch2][N][C][C][C][C][Ring1][Branch1][=C][C][=N][Ring1][O],-1.909,1,train
[C][N][Branch1][C][C][C][=C][C][=C][C][=C][Branch1][=Branch2][C][=C][C][Ring1][=Branch1][=C][Ring1][#Branch2][C][=Branch1][C][=O][C][C][C][Ring1][O],0.269,1,train
[C][=C][C][=C][O][C][Branch2][Ring2][O][C][=N][C][=C][C][=C][Branch2][Ring1][=Branch2][C][=C][C][=C][C][=C][Branch1][=Branch2][C][=C][N][=C][C][=N][Ring1][=Branch1][C][=C][C][=C][Ring1][S][Ring1][N][C][=C][Ring2][Ring1][=Branch1][NH1][Ring2][Ring1][=Branch2][=N][C][Ring2][Ring1][=C][=C][Ring2][Ring2][C],1.5909,1,train
[C][O][C][=C][C][=C][Branch2][Ring1][C][C][=C][S][C][Branch1][=Branch2][C][=C][C][=N][C][=C][Ring1][=Branch1][=N][Ring1][O][C][=C][Ring1][P],0.7866,1,train
[C][C][Branch1][C][C][C][=C][C][=C][C][=C][Ring1][=Branch1][N][Branch2][Ring2][C][C][=C][Branch1][C][F][C][=C][Branch2][Ring1][C][C][=N][N][=C][Branch1][=Branch2][C][=C][C][=C][C][=C][Ring1][=Branch1][O][Ring1][O][C][=C][Ring2][Ring1][C][F][C][=C][C][=C][C][=C][Ring1][=Branch1][Ring2][Ring2][C],1.4251,1,train
[O][=C][C][=C][C][=C][C][=C][Ring1][=Branch1][S][=Branch1][C][=O][=Branch1][C][=O][C][=C][C][=C][Branch2][Ring1][P][C][=C][N][C][=N][C][Branch2][Ring1][Ring2][C][=C][C][=C][O][C][=C][C][=C][C][=C][Ring1][=Branch1][C][Ring1][=Branch2][=C][Ring1][=N][=C][Ring2][Ring1][C][C][=C][Ring2][Ring1][#Branch2][Ring2][Ring2][Ring2],1.9614,1,train
[C][C][N][Branch1][Ring1][C][C][C][=C][C][=C][Branch2][Ring1][=Branch1][C][=C][C][=N][C][=N][C][=C][C][=C][C][=C][Ring1][=Branch1][N][=C][Ring1][#Branch2][S][Ring1][=N][C][=C][Ring2][Ring1][Branch1],1.5756,1,train
[C][C][O][C][=Branch1][C][=O][C][=C][C][=C][Branch1][C][N][C][=C][Ring1][#Branch1],-0.5747,1,train
[C][=C][C][=C][Branch2][Ring1][=C][N][Branch1][=Branch2][C][=C][C][=C][C][=C][Ring1][=Branch1][C][=C][C][=C][Branch1][=Branch2][C][=C][C][=N][C][=N][Ring1][=Branch1][C][=C][Ring1][N][C][=C][Ring2][Ring1][=Branch2],0.58,1,train
[N][C][C][=C][NH1][C][=Branch1][C][=S][N][=Ring1][#Branch1],-0.1949,1,train
[C][=C][C][=C][C][=Branch1][Ring2][=C][Ring1][=Branch1][C][=C][N][Ring1][=Branch1][C][=C][C][Branch2][Ring2][=Branch1][C][=C][S][C][=C][C][=C][Branch2][Ring1][Ring2][N][C][=C][C][=C][C][=C][Ring1][=Branch1][C][=N][C][=C][C][=C][Ring1][=Branch1][Ring1][=N][C][=C][Ring2][Ring1][=Branch1][Ring2][Ring1][Ring1][=C][NH1][Ring2][Ring1][O],0.725,1,train
[N][#C][C][=C][Branch1][Ring1][C][#N][C][Branch1][Ring1][C][#N][=C][Branch2][Ring1][P][C][C][=C][Branch1][P][C][C][C][=C][C][=C][C][=C][C][=C][Ring1][=Branch1][C][Ring1][=Branch2][=O][C][=N][S][N][=C][Ring1][Branch1][C][=Ring2][Ring1][Branch1][C][Branch1][Ring1][C][#N][=C][Ring2][Ring1][P][C][#N],2.9483,1,train
[N][#C][C][=C][Branch1][C][F][C][Branch1][C][F][=C][Branch1][Ring1][C][#N][C][O][C][=C][C][O][C][=C][Branch1][Ring1][C][#N][C][Branch1][C][F][=C][Branch1][C][F][C][Branch1][Ring1][C][#N][=C][Ring1][N][O][C][=Ring1][S][C][=C][Ring2][Ring1][Ring2][O][C][Ring2][Ring1][S][=Ring2][Ring1][Branch2],2.9261,1,train
[C][N][Branch1][C][C][C][=C][C][=C][Branch1][=C][C][=N][C][=C][N][=C][C][=C][Ring1][=Branch1][NH1][Ring1][=Branch2][C][=C][Ring1][#C],0.0204,1,train
[N][#C][C][=N][C][=C][C][O][C][Branch2][Ring1][P][C][=N][C][=N][C][=N][C][=N][C][Branch1][=Branch2][C][=C][N][=C][C][=N][Ring1][=Branch1][=N][C][=Branch1][Branch1][=N][Ring2][Ring1][C][N][Ring1][P][Ring1][=N][=N][C][=Ring2][Ring1][Branch2][C][=C][Ring2][Ring1][N][O][Ring2][Ring1][#C],3.1446,1,train
[C][C][C][C][C][C][C][C][C][C][C][C][O][C][=C][C][=C][C][Branch1][=Branch1][N][Branch1][C][C][C][=C][C][=C][Ring1][=Branch2][C][=C][Ring1][=N][C][#N],0.1943,1,train
[C][O][C][=C][C][=C][C][=C][Ring1][=Branch1],-1.9335,1,train
[N][#C][C][Branch1][Ring1][C][#N][=C][C][=C][C][=C][C][=Branch1][Ring2][=C][Ring1][=Branch1][C][=C][C][Branch1][=Branch2][C][=C][Branch1][Ring1][C][#N][C][#N][=C][C][=C][Ring1][N][N][Ring1][S][C][=C][C][=C][C][=C][C][=C][C][=C][Ring1][#Branch2][Ring1][=Branch1],2.0791,1,train
[N][C][=C][C][=C][C][=C][Ring1][=Branch1][C][=Branch1][C][=O][O],-0.3595,1,train
[C][C][=C][C][=C][Branch1][C][C][C][Branch1][C][C][=C][Ring1][Branch2],-1.9996,1,train
[C][=C][C][Branch1][Branch2][N][C][C][C][C][Ring1][Branch1][=C][C][=N][Ring1][O],-1.909,1,train
[C][C][C][C][C][=C][C][=C][C][=C][C][=C][C][=C][C][=C][C][=C][Ring1][=C][C][Ring1][N][=C][Ring1][#Branch2][Ring1][=Branch1],0.5325,1,train
[C][#C][C][=C][C][=C][C][=Branch1][Ring2][=C][Ring1][=Branch1][S][C][=C][C][Branch2][Ring1][=N][C][=C][Branch1][Ring1][C][#N][C][=C][Branch1][Ring1][C][#N][C][Branch1][=Branch2][C][=C][C][=C][C][=N][Ring1][=Branch1][=C][Ring1][S][C][#N][=C][C][=C][Ring2][Ring1][Branch2][N][Ring2][Ring1][=N],1.551,1,train
[C][=C][C][Branch1][Branch2][N][C][C][C][C][Ring1][Branch1][=C][C][=N][Ring1][O],-1.909,1,train
[O][=C][C][Branch2][Ring2][#Branch1][N][Branch1][S][C][=C][Branch1][C][F][C][=C][Branch1][C][F][C][=C][Ring1][Branch2][F][C][=C][C][=Branch1][O][=C][C][=N][S][N][=C][Ring1][=Branch2][Ring1][Branch1][N][=S][=N][Ring1][O][=C][C][=C][C][=C][C][=C][Ring1][=Branch1][Ring2][Ring1][#C],2.8181,1,train
[C][C][=Branch1][C][=O][N][Branch1][#Branch2][C][C][=C][C][=C][C][=N][Ring1][=Branch1][C][=C][C][=C][C][=C][C][Ring1][=Branch1][=C][C][=C][Branch1][=Branch2][C][=C][C][=C][Ring1][=C][Ring1][=Branch1][C][=Branch1][C][=O][N][Branch1][#Branch2][C][C][=C][C][=C][C][=N][Ring1][=Branch1][C][Ring2][Ring1][C][=O],1.9471,1,train
[N][#C][C][=C][C][Branch1][Ring1][C][#N][=C][Branch1][=N][C][=N][C][S][C][=N][C][=Ring1][Branch1][S][Ring1][Branch2][C][Branch1][Ring1][C][#N][=C][Ring2][Ring1][C][C][=C][C][=C][C][Branch2][Ring1][Ring2][C][=C][N][Ring1][Branch1][C][=C][C][=C][C][=N][C][=N][C][Ring1][=Branch1][=C][Ring1][#Branch2][=C][Ring2][Ring1][Ring1],2.3086,1,train
[N][#C][C][=C][C][=C][C][Branch1][C][N][=C][Ring1][#Branch1],-0.5111,1,train
[C][N][C][=C][C][=C][C][=C][Ring1][=Branch1][C][=Branch1][C][=O][C][=C][C][=C][C][=C][Ring1][=Branch1][C][Ring1][O][=O],1.5664,1,train
[C][C][N][Branch1][Ring1][C][C][C][=C][C][=C][Branch1][Branch2][N][C][=C][C][=C][Ring1][Branch1][C][=C][Ring1][O],-1.2775,1,train
[C][=C][C][Branch1][Branch2][N][C][C][C][C][Ring1][Branch1][=C][C][=N][Ring1][O],-1.909,1,train
[C][N][Branch1][C][C][C][C][C][N][C][=C][C][=C][C][=C][Ring1][=Branch1][S][C][=C][C][=C][C][=C][Ring1][=Branch1][Ring1][=C],-0.5243,1,train
[C][N][C][C][N][Branch2][Ring2][Ring1][C][C][C][N][C][=C][C][=C][C][=C][Ring1][=Branch1][S][C][=C][C][=C][Branch1][=Branch2][C][Branch1][C][F][Branch1][C][F][F][C][=C][Ring1][#Branch2][Ring2][Ring1][C][C][C][Ring2][Ring1][O],0.2076,1,train
[O][=C][C][=C][C][=C][C][=C][Ring1][=Branch1][N][C][=C][C][=C][C][=C][Ring1][=Branch1][C][=Branch1][C][=O][C][=C][C][Branch1][=Branch2][C][=C][C][=C][C][=C][Ring1][=Branch1][=C][C][Ring2][Ring1][O][=C][Ring1][N][Ring2][Ring1][Branch1],1.4504,1,train
[C][#Branch1][#Branch2][#C][C][=C][C][=C][C][=C][Ring1][=Branch1][C][=C][C][=C][C][=C][Ring1][=Branch1],-0.4963,1,train
[N][C][=C][C][=C][NH1][N][=C][C][Ring1][Branch1][=C][Ring1][=Branch2],-0.846,1,train
[C][O][C][=C][C][Branch1][=Branch1][C][=Branch1][C][=O][O][=C][C][=C][Ring1][=Branch2][O],-0.2483,1,train
[C][=C][C][=C][C][=Branch1][Ring2][=C][Ring1][=Branch1][C][C][C][=C][Ring1][#Branch1][C][=N][C][=C][Ring1][=Branch1][C][=C][C][=C][C][=C][Ring1][=Branch1][C][C][Ring1][#Branch2],0.1385,1,train
[O][C][=C][C][=C][C][=C][C][=C][C][=C][C][=C][C][=C][Ring1][=C][C][Ring1][N][=C][Ring1][#Branch2][Ring1][=Branch1],0.4573,1,train
[C][C][=C][C][=C][Branch1][C][C][N][Ring1][=Branch1][C][=C][C][=C][Branch1][=Branch1][N][Branch1][C][C][C][C][=C][Ring1][=Branch2],-1.4001,1,train
[C][C][=C][C][=C][C][=C][Ring1][=Branch1][C],-1.9817,1,train
[C][C][C][=Branch1][C][=O][C][=C][C][=C][C][=C][Branch1][=Branch1][N][Branch1][C][C][C][C][=C][C][Ring1][=Branch2][=C][Ring1][=N],0.2283,1,train
[C][=C][C][Branch1][Branch2][N][C][C][C][C][Ring1][Branch1][=C][C][=N][Ring1][O],-1.909,1,train
[C][C][C][C][=Branch1][C][=O][C][=C][C][=Branch2][Ring2][Ring2][=C][Branch1][Branch2][C][=Branch1][C][=O][C][C][C][C][=C][Ring1][O][O][C][Branch1][Branch2][C][C][=Branch1][C][=O][O][C][Branch1][=Branch1][C][=Branch1][C][=O][O][O][Ring1][=N][O][C][O][Ring2][Ring1][Branch2],1.2233,1,train
[O][=C][Branch1][C][O][C][=C][C][=C][Branch2][Ring2][=N][C][=Branch1][C][=O][O][C][=C][N][=C][Branch2][Ring1][=N][C][=Branch1][C][=O][C][=C][C][=C][C][=Branch1][Ring2][=C][Ring1][=Branch1][C][=Branch1][C][=O][C][=C][C][=C][C][=C][Ring1][=Branch1][Ring1][O][S][Ring2][Ring1][Branch1][C][=C][Ring2][Ring1][=C],2.5406,1,train
[C][=C][C][=C][C][=Branch1][Ring2][=C][Ring1][=Branch1][NH1][C][=C][C][=C][C][=C][Ring1][=Branch1][Ring1][#Branch2],-0.6111,1,train
[N][#C][C][=C][Branch1][C][F][C][Branch1][C][F][=C][Branch1][Ring1][C][#N][C][O][C][=C][C][O][C][=C][Branch1][Ring1][C][#N][C][Branch1][C][F][=C][Branch1][C][F][C][Branch1][Ring1][C][#N][=C][Ring1][N][O][C][=Ring1][S][C][=C][Ring2][Ring1][Ring2][O][C][Ring2][Ring1][S][=Ring2][Ring1][Branch2],2.9261,1,train
[C][C][N][Branch1][Ring1][C][C][C][=C][C][=C][C][=C][Ring1][=Branch1][C][=C][C][C][=Branch1][C][=O][O][C][Branch2][Ring1][Ring1][C][=C][C][=C][Branch1][=Branch2][C][Branch1][C][F][Branch1][C][F][F][C][=C][Ring1][#Branch2][=C][C][=Ring1][P][Ring2][Ring1][Branch1],1.5021,1,train
[N][C][=C][C][=C][N][=C][Ring1][=Branch1],-1.471,1,train
[C][C][C][C][C][C][C][Branch1][#Branch1][C][C][C][C][C][C][N][C][=Branch1][C][=O][C][=C][C][=C][C][=C][Branch1][=N][C][=C][C][=C][Branch1][Ring1][C][#N][C][=C][Ring1][Branch2][C][=C][C][=Branch1][#Branch1][=C][Ring2][Ring1][C][Ring1][=C][C][Ring2][Ring1][=Branch1][=O],1.8006,1,train
[C][C][=C][C][=C][C][=C][Ring1][=Branch1],-1.9627,1,train
[Cl][C][=C][Branch1][C][Cl][C][Branch2][Ring1][Branch2][C][=C][C][=C][Branch1][#C][C][=C][C][=C][C][=C][C][=C][C][Ring1][=Branch1][=N][Ring1][#Branch2][NH1][Ring1][#C][=C][Branch1][C][Cl][C][Branch1][C][Cl][=C][Ring2][Ring1][Branch2][C][=C][N][=C][C][=N][Ring1][=Branch1],1.546,1,train
[C][C][C][C][C][C][C][Branch1][#Branch1][C][C][C][C][C][C][N][C][=Branch1][C][=O][C][=C][C][=C][C][=C][Branch1][=N][C][=C][C][=C][Branch1][Ring1][C][#N][C][=C][Ring1][Branch2][C][=C][C][=Branch1][#Branch1][=C][Ring2][Ring1][C][Ring1][=C][C][Ring2][Ring1][=Branch1][=O],1.8006,1,train
[C][=C][C][Branch1][Branch2][N][C][C][C][C][Ring1][Branch1][=C][C][=N][Ring1][O],-1.909,1,train
[C][C][=C][C][=Branch1][C][=O][O][C][=C][C][=C][C][=C][C][Branch1][C][O][=C][C][Ring1][#Branch1][=C][Ring1][S][Ring1][O],0.9232,1,train
[C][=C][C][=C][Branch2][Ring1][Branch2][C][N][=C][Branch1][=Branch2][C][=C][C][=C][C][=C][Ring1][=Branch1][N][C][=C][C][=C][C][=Ring1][#C][Ring1][=Branch1][C][=C][Ring2][Ring1][Branch1],0.0499,1,train
[C][C][=C][C][=C][C][=C][Ring1][=Branch1][C][=C][C][=C][C][=C][Ring1][=Branch1][C],-1.1142,1,train
[C][O][C][=C][C][Branch1][=Branch1][C][=Branch1][C][=O][O][=C][C][=C][Ring1][=Branch2][O],-0.2433,1,train
[F][C][Branch1][C][F][Branch1][C][F][C][=C][C][=C][N][=C][C][=C][Branch2][Ring1][Branch2][C][=N][C][=C][Branch1][#C][C][=C][N][=C][C][=C][C][=C][C][Ring1][=Branch1][=N][Ring1][#Branch2][O][Ring1][#C][C][=C][C][Ring2][Ring1][Branch1][=N][C][Ring2][Ring1][=Branch2][=C][Ring2][Ring1][=N],2.7283,1,train
[C][O][C][=Branch1][C][=O][C][N][=C][Branch1][=Branch2][C][=C][C][=C][C][=C][Ring1][=Branch1][O][C][=Ring1][O][C],0.2881,1,train
[N][C][=C][C][=C][C][=C][Ring1][=Branch1][C][=Branch1][C][=O][O],-0.3595,1,train
[N][C][=C][C][=C][N][=C][Ring1][=Branch1],-1.471,1,train
[C][C][O][C][=Branch1][C][=O][C][=C][N][Branch1][=Branch2][C][=C][C][=C][C][=C][Ring1][=Branch1][C][=C][C][Ring1][N][C][=C][C][=C][C][=C][Ring1][=Branch1],0.0226,1,train
[C][C][=Branch1][C][=O][N][C][=C][C][=C][Branch1][C][O][C][=C][Ring1][#Branch1],-1.0536,1,train
[O][=C][C][=C][Branch1][=C][N][C][=C][C][Branch1][C][F][=C][C][=C][Ring1][#Branch1][F][C][=Branch1][C][=O][C][=C][C][=C][C][=C][Ring1][=Branch1][Ring2][Ring1][Ring2],1.9913,1,train
[O][=C][C][=C][NH1][C][=Branch1][C][=O][NH1][Ring1][#Branch1],-0.5536,1,train
[N][#C][C][=C][C][Branch1][Ring1][C][#N][=C][Branch2][Ring2][Ring2][C][Branch1][=C][C][=C][C][=C][S][C][=N][C][Ring1][Branch1][=C][Ring1][=Branch2][C][=C][C][=C][NH1][C][=C][C][=N][C][=C][Ring1][=Branch1][C][Ring1][=Branch2][=C][Ring1][=N][C][Branch1][Ring1][C][#N][=C][Ring2][Ring1][P],1.7081,1,train
[O][=C][C][=C][C][=C][C][=C][C][=C][C][=C][C][=C][C][=C][Ring1][=C][C][Ring1][N][=C][Ring1][#Branch2][Ring1][=Branch1],1.4047,1,train
[N][#C][C][=C][C][=C][C][C][=C][NH1][C][Ring1][=Branch2][=Ring1][Branch1],-0.0971,1,train
[C][O][C][=C][C][=C][Branch2][Ring1][P][C][#C][C][=N][C][=C][C][=C][C][=C][Ring1][=Branch1][N][=C][Ring1][#Branch2][C][=C][N][Branch1][C][C][C][=C][C][=C][C][=C][Ring1][#Branch2][Ring1][=Branch1][C][=C][Ring2][Ring1][N],1.0246,1,train
[N][#C][C][=C][Branch1][Ring1][C][#N][C][Branch1][Ring1][C][#N][=C][Branch2][Ring1][P][C][=C][Branch2][Ring1][Ring2][C][=C][C][=C][Branch1][#Branch2][N][C][=C][C][=C][C][=C][Ring1][=Branch1][C][=C][Ring1][=N][C][=N][C][=N][C][=N][Ring1][=Branch1][C][Branch1][Ring1][C][#N][=C][Ring2][Ring1][P][C][#N],2.8811,1,train
[C][=C][C][=C][C][=Branch1][Ring2][=C][Ring1][=Branch1][NH1][C][=C][C][=C][N][=C][Ring1][=Branch1][Ring1][#Branch2],-0.2136,1,train
[C][=C][C][=C][C][=Branch1][Ring2][=C][Ring1][=Branch1][NH1][C][=C][C][=C][C][=C][Ring1][=Branch1][Ring1][#Branch2],-0.6111,1,train
[C][N][Branch1][C][C][C][C][C][N][C][=C][C][=C][C][=C][Ring1][=Branch1][S][C][=C][C][=C][Branch1][C][Cl][C][=C][Ring1][#Branch1][Ring1][#C],-0.2543,1,train
[C][C][=C][C][=C][C][=C][Ring1][=Branch1],-1.9627,1,train
[C][C][N][Branch1][Ring1][C][C][C][=C][C][=C][Branch2][Ring1][=Branch1][C][=C][C][=N][C][=N][C][=C][C][=C][C][=C][Ring1][=Branch1][N][=C][Ring1][#Branch2][S][Ring1][=N][C][=C][Ring2][Ring1][Branch1],1.6248,1,train
[C][=C][C][=C][Branch2][Ring2][P][C][=C][C][=C][Branch2][Ring1][S][C][=C][C][=C][Branch2][Ring1][Ring2][N][C][=C][C][=C][C][=C][Ring1][=Branch1][C][=C][C][=C][C][=C][Ring1][=Branch1][Ring1][=N][C][=C][Ring2][Ring1][Ring1][C][=N][S][N][=C][Ring2][Ring1][N][Ring1][Branch1][C][=C][Ring2][Ring2][C],1.5233,1,train
[C][C][C][C][N][C][=Branch1][C][=O][C][=C][C][=C][C][=C][C][=C][C][=Branch1][=Branch1][=C][Ring1][#Branch2][Ring1][=Branch1][C][Ring1][=C][=O],1.4209,1,train
[C][C][=Branch1][C][=O][N][C][=C][C][=C][Branch1][C][O][C][=C][Ring1][#Branch1],-1.0536,1,train
[O][=C][C][=C][C][=C][C][=C][C][=C][C][=C][C][=C][Ring1][=Branch1][C][=Branch1][=Branch1][=C][Ring1][=C][Ring1][#Branch2][C][=Branch1][C][=O][N][Ring2][Ring1][C][C][C][=C][C][=C][C][=N][Ring1][=Branch1],1.805,1,train
[C][O][C][=C][C][Branch1][=Branch1][C][=Branch1][C][=O][O][=C][C][=C][Ring1][=Branch2][O],-0.2483,1,train
[C][N][Branch1][C][C][C][=C][C][=C][Branch1][S][C][=C][C][C][=C][C][=C][C][=C][Ring1][=Branch1][C][Ring1][=Branch2][=O][C][=C][Ring1][P],0.4002,1,train
[O][=C][C][=C][C][Branch1][=Branch2][S][=Branch1][C][=O][=Branch1][C][=O][O][=C][C][=C][Ring1][#Branch2][NH1][C][=C][C][=C][Branch1][=Branch2][S][=Branch1][C][=O][=Branch1][C][=O][O][C][=C][Ring2][Ring1][=Branch1][Ring1][#Branch2],1.538,1,train
[N][#C][C][=C][Branch1][N][C][=C][C][=C][Branch1][C][Br][C][=C][Ring1][#Branch1][C][=C][Branch1][N][C][=C][C][=C][Branch1][C][Br][C][=C][Ring1][#Branch1][NH1][C][Ring2][Ring1][Ring2][=O],1.5374,1,train
[O][C][=C][C][=C][C][=C][Ring1][=Branch1],-1.9217,1,train
[C][N][Branch1][C][C][C][=C][C][=C][C][Branch1][Ring1][C][#N][=C][Ring1][Branch2],-0.6032,1,train
[C][O][C][=C][C][=C][C][Branch1][Branch2][C][C][=Branch1][C][=O][N][N][=C][O][C][Ring1][#Branch2][=C][Ring1][=C],-0.4542,1,train
[C][N][Branch1][C][C][C][=C][C][=C][Branch1][=N][C][=Branch1][C][=O][C][=C][C][=C][C][=C][Ring1][=Branch1][C][=C][Ring1][=C],0.1117,1,train
[N][#C][C][=N][C][Branch2][Ring1][Branch2][N][Branch1][O][C][C][=C][C][=C][C][=C][Ring1][=Branch1][F][C][C][=C][C][=C][C][=C][Ring1][=Branch1][F][=C][Branch1][Ring1][C][#N][N][=C][Ring2][Ring1][=Branch2][N][Branch1][O][C][C][=C][C][=C][C][=C][Ring1][=Branch1][F][C][C][=C][C][=C][C][=C][Ring1][=Branch1][F],1.6084,1,train
[N][#C][C][=C][Branch1][Ring1][C][#N][C][Branch1][Ring1][C][#N][=C][Branch2][Ring2][Ring1][C][=C][C][=C][C][Branch2][Ring1][#Branch1][C][S][C][Branch1][Branch2][C][=C][N][=C][NH1][Ring1][Branch1][=C][N][=C][C][=N][C][=Ring1][=C][Ring1][=Branch1][=C][Ring2][Ring1][Ring2][C][Branch1][Ring1][C][#N][=C][Ring2][Ring1][S][C][#N],3.1269,1,train
[C][=C][C][=C][C][=C][Branch1][Ring1][O][C][C][Branch1][Ring1][O][C][=C][Ring1][#Branch2],-1.0763,1,train
[C][O][C][=C][C][=C][Branch2][Ring1][=C][N][C][=Branch1][C][=O][C][=C][C][=C][C][=C][Ring1][=Branch1][C][Ring1][#Branch2][C][=Branch1][C][=O][O][C][Branch1][C][C][Branch1][C][C][C][C][=C][Ring2][Ring1][#Branch1][O][C],0.348,1,train
[N][C][=C][C][=C][Branch1][N][C][=C][C][=C][Branch1][C][N][C][=C][Ring1][#Branch1][C][=C][Ring1][=N],-1.2263,1,train
[N][C][=C][C][=C][Branch1][N][C][=C][C][=C][Branch1][C][N][C][=C][Ring1][#Branch1][C][=C][Ring1][=N],-1.2281,1,train
[C][C][C][C][C][C][N][C][=Branch1][C][=O][C][=C][C][=C][C][=C][Branch1][P][C][=C][C][=C][Branch1][Branch2][C][=C][C][=C][S][Ring1][Branch1][S][Ring1][#Branch2][C][=C][C][=Branch1][#Branch1][=C][Ring2][Ring1][Ring2][Ring1][S][C][Ring2][Ring1][Branch2][=O],1.7454,1,train
[C][=C][C][Branch1][Branch2][N][C][C][C][C][Ring1][Branch1][=C][C][=N][Ring1][O],-1.909,1,train
[O][=C][O][C][=C][C][=C][C][=C][Ring1][=Branch1][C][=C][Ring1][#Branch2][C][=N][C][=C][C][=C][C][=C][Ring1][=Branch1][O][Ring1][=Branch2],1.5107,1,train
[O][=C][Branch1][C][O][C][C][C][C][N][Ring1][Branch1][C][=Branch1][C][=O][C][=C][C][=C][Branch2][Ring1][S][C][C][C][Branch1][#C][C][=C][C][=C][C][=C][C][=C][C][=C][Ring1][#Branch2][Ring1][=Branch1][=N][N][Ring1][#C][C][=C][C][=C][C][=C][Ring1][=Branch1][C][=C][Ring2][Ring1][O],0.8361,1,train
[C][C][C][Branch2][Ring1][#Branch1][C][C][=C][C][=C][C][=Branch1][Ring2][=C][Ring1][=Branch1][C][C][C][N][Ring1][#Branch1][C][C][C][Ring1][O][C][=C][C][=C][NH1][C][=C][C][=C][Branch1][O][C][=C][Ring1][=Branch1][C][Ring1][=Branch2][=C][Ring1][=N][NH1][C][=C][C][=C][C][=C][Ring1][=Branch1][Ring1][=N],0.0431,1,train
[N][#C][C][=C][Branch1][Ring1][C][#N][C][Branch1][Ring1][C][#N][=C][Branch2][Ring1][=Branch2][C][=C][C][=C][Branch1][#C][C][=C][C][=C][C][=N][C][=C][N][=C][Ring1][#Branch2][Ring1][=Branch1][N][Ring1][#C][F][C][Branch1][Ring1][C][#N][=C][Ring2][Ring1][N][C][#N],2.9643,1,train
[O][=C][C][=C][C][=C][C][=C][Ring1][=Branch1][N][C][N][Ring1][#Branch2][C][C][=C][C][=C][C][=C][Ring1][=Branch1],-0.087,1,train
[C][S][=Branch1][C][=O][=Branch1][C][=O][C][=C][C][=C][C][=C][Ring1][=Branch1][C][=C][C][=C][NH1][C][Branch1][Branch2][C][C][=C][S][C][=Ring1][Branch1][=C][C][Ring1][#Branch2][=C][Ring1][=C],0.313,1,train
[C][C][Branch1][C][C][C][=C][C][=C][C][=C][Ring1][=Branch1][C][=C][C][=C][Branch2][Ring2][Ring2][C][=C][N][=C][C][Branch2][Ring1][C][C][=N][C][=N][C][Branch1][Branch2][C][C][=C][S][C][=Ring1][Branch1][=N][Ring1][O][=C][C][=C][C][Ring1][P][=N][Ring2][Ring1][Branch1][C][=C][Ring2][Ring1][O][Ring2][Ring2][Ring1],1.7096,1,train
[N][#C][C][=C][Branch1][Ring1][C][#N][C][Branch1][Ring1][C][#N][=C][Branch2][Ring1][P][C][C][=C][Branch1][P][C][C][C][=C][C][=C][C][=C][C][=C][Ring1][=Branch1][C][Ring1][=Branch2][=O][C][=N][S][N][=C][Ring1][Branch1][C][=Ring2][Ring1][Branch1][C][Branch1][Ring1][C][#N][=C][Ring2][Ring1][P][C][#N],2.9483,1,train
[C][=C][C][Branch1][Branch2][N][C][C][C][C][Ring1][Branch1][=C][C][=N][Ring1][O],-1.909,1,train
[C][O][C][=C][C][=C][C][=C][Ring1][=Branch1][C][=N][C][Branch1][=Branch2][C][=C][C][=C][C][=C][Ring1][=Branch1][=C][Branch1][=Branch2][C][=C][C][=C][C][=C][Ring1][=Branch1][NH1][Ring1][P],0.0373,1,train
[C][N][C][=C][C][=C][C][=Branch1][Ring2][=C][Ring1][=Branch1][C][=C][C][=C][C][=C][Ring1][=Branch1][C][Ring1][#Branch2][=O],0.7167,1,train
[C][N][Branch1][C][C][C][=C][C][=C][C][=C][Ring1][=Branch1],-2.2302,1,train
[C][C][=C][C][=C][C][=C][Ring1][=Branch1][C][=Branch1][C][=O][N][N][C][=C][Branch2][Ring1][Ring1][C][C][=C][Ring1][=Branch1][C][C][Branch1][C][C][Branch1][C][C][C][C][Ring1][Branch2][=O][C][=Branch1][C][=O][C][C][Branch1][C][C][Branch1][C][C][C][Ring2][Ring1][Ring1],0.8411,1,train
[C][=C][C][Branch1][Branch2][N][C][C][C][C][Ring1][Branch1][=C][C][=N][Ring1][O],-1.909,1,train
[N][#C][C][=C][Branch1][C][F][C][Branch1][C][F][=C][Branch1][Ring1][C][#N][C][O][C][=C][C][O][C][=C][Branch1][Ring1][C][#N][C][Branch1][C][F][=C][Branch1][C][F][C][Branch1][Ring1][C][#N][=C][Ring1][N][O][C][=Ring1][S][C][=C][Ring2][Ring1][Ring2][O][C][Ring2][Ring1][S][=Ring2][Ring1][Branch2],2.9261,1,train
[C][N][C][C][C][C][=C][C][C][Branch1][=Branch2][C][Branch1][C][F][Branch1][C][F][F][=C][C][=Branch1][C][=O][O][C][=Ring1][O][C][=C][Ring1][#C][Ring2][Ring1][Ring1],0.9982,1,train
[C][N][Branch1][C][C][C][=C][C][=C][Branch2][Ring1][Branch1][C][=C][C][=C][C][=Branch1][C][=O][C][Branch1][C][O][=C][O][C][Ring1][Branch2][=C][Ring1][N][C][=C][Ring2][Ring1][C],0.3983,1,train
[N][#C][C][=C][C][=C][C][=C][C][=C][C][=C][Ring1][#Branch2][Ring1][=Branch1],0.6331,1,train
[C][O][C][=C][C][=C][Branch1][N][N][C][Branch1][C][C][=C][C][=C][Ring1][=Branch1][C][C][=C][Ring1][=N],-1.1401,1,train
[C][=C][Branch2][Ring1][#C][C][=N][C][=C][C][=C][Branch1][#C][C][=C][N][=C][C][=N][N][=C][C][Ring1][=Branch1][=C][Ring1][#Branch2][C][=C][Ring1][S][NH1][Ring2][Ring1][Ring1][C][=C][Branch1][Ring1][C][#N][C][Branch1][Ring1][C][#N][=C][C][Branch1][Ring1][C][#N][=C][Ring1][N][C][#N],2.8614,1,train
[N][#C][C][=C][C][=C][Branch1][C][N][C][=C][Ring1][#Branch1],-0.7114,1,train
[N][#C][C][=C][C][=C][Branch2][Ring1][C][C][=C][C][=C][Branch1][=Branch2][C][=C][C][C][C][C][Ring1][=Branch1][S][Ring1][O][S][Ring1][S],0.9494,1,train
[N][#C][C][=C][C][=C][Branch1][C][N][C][Branch1][Ring1][C][#N][=C][Ring1][=Branch2],0.2843,1,train
[C][N][Branch1][C][C][C][=C][C][=C][Branch1][P][C][=Branch1][C][=O][N][C][=C][C][=C][C][Branch1][C][Cl][=C][Ring1][#Branch1][C][=C][Ring1][S],-0.0546,1,train
[O][=C][C][=C][C][=C][Branch2][Ring1][Ring2][C][C][=N][C][=C][C][S][C][=N][C][=Ring1][Branch1][C][=C][Ring1][=Branch2][S][Ring1][N][C][=C][Ring2][Ring1][Ring1][C][=Branch1][C][=O][C][=C][C][Branch1][=C][C][=C][C][=C][S][C][=N][C][Ring1][Branch1][=C][Ring1][=Branch2][=C][C][=C][Ring1][#C][Ring2][Ring2][Branch1],2.241,1,train
[N][C][=C][C][=C][Branch1][N][C][=C][C][=C][Branch1][C][N][C][=C][Ring1][#Branch1][C][=C][Ring1][=N],-1.2281,1,train
[O][=C][N][C][Branch2][Ring2][Branch1][C][C][=C][O][C][=Ring1][Branch1][C][=C][C][=C][C][S][C][Branch1][=Branch2][C][=C][N][=C][C][=N][Ring1][=Branch1][=C][C][=Ring1][O][C][=C][Ring1][#C][S][Ring2][Ring1][C][=C][C][=Branch1][C][=O][N][C][=C][Ring2][Ring1][S][Ring1][=Branch1],2.1372,1,train
[C][O][C][=C][C][=C][C][=C][Ring1][=Branch1][C][=N][C][Branch1][=Branch2][C][=C][C][=C][C][=C][Ring1][=Branch1][=C][Branch1][=Branch2][C][=C][C][=C][C][=C][Ring1][=Branch1][NH1][Ring1][P],0.0373,1,train
[C][C][O][C][=Branch1][C][=O][C][=C][C][=C][Branch1][=Branch1][N][Branch1][C][C][C][C][=C][Ring1][=Branch2],-0.6716,1,train
[C][C][=C][C][Branch1][C][C][=C][C][Branch1][P][N][C][=Branch1][C][=O][C][S][C][Branch1][C][Br][=N][C][=Ring1][=Branch1][C][=C][Ring1][P],0.9839,1,train
[N][C][=C][C][=C][Branch1][N][C][=C][C][=C][Branch1][C][N][C][=C][Ring1][#Branch1][C][=C][Ring1][=N],-1.2263,1,train
[C][C][Branch1][C][C][C][C][=C][Branch2][Ring1][#Branch2][C][=C][C][=C][C][=C][Ring1][=Branch1][C][=N][C][=C][C][=C][C][=C][Ring1][=Branch1][N][=C][Ring2][Ring1][C][Ring1][#Branch2][O][Ring2][Ring1][=Branch1],1.2707,1,train
[N][#C][C][=C][Branch1][C][F][C][Branch1][C][F][=C][Branch1][Ring1][C][#N][C][O][C][=C][C][O][C][=C][Branch1][Ring1][C][#N][C][Branch1][C][F][=C][Branch1][C][F][C][Branch1][Ring1][C][#N][=C][Ring1][N][O][C][=Ring1][S][C][=C][Ring2][Ring1][Ring2][O][C][Ring2][Ring1][S][=Ring2][Ring1][Branch2],2.9261,1,train
[N][#C][C][=C][C][=C][C][=C][Ring1][=Branch1][N],-0.5363,1,train
[C][=N][C][=N][C][Branch2][Branch1][Ring1][C][=C][C][=C][C][O][C][Branch2][Ring1][O][C][=C][C][=C][C][O][C][=C][C][=Ring1][Branch1][C][=C][Ring1][=Branch2][N][Ring1][N][C][=N][C][=N][C][=N][Ring1][=Branch1][=C][C][=Ring2][Ring1][#Branch1][C][=C][Ring2][Ring1][O][NH1][Ring2][Ring1][=C][=N][Ring2][Ring2][Ring2],1.7573,1,train
[C][C][C][=C][C][=C][C][=C][C][Branch1][=Branch2][C][=C][C][=C][C][=C][Ring1][=Branch1][=N][N][Ring1][#C][Ring1][N],0.0274,1,train
[C][C][C][C][C][C][C][C][N][C][=C][C][=C][Branch1][#C][C][#C][C][=C][C][=C][Branch1][Ring1][O][C][C][=C][Ring1][Branch2][C][=C][Ring1][S][S][C][=C][C][Branch1][Ring1][C][=O][=C][C][=C][Ring1][Branch2][Ring2][Ring1][#Branch2],0.8683,1,train
[C][C][=C][C][=C][Branch1][N][N][C][Branch1][C][C][=C][C][=C][Ring1][=Branch1][C][C][=C][Ring1][=N],-1.1052,1,train
[N][#C][C][=C][C][Branch1][Ring1][C][#N][=C][Branch2][Ring2][#Branch1][C][=N][C][=C][C][N][=C][Branch1][P][C][=C][C][=C][N][=C][N][Branch1][C][Br][C][Ring1][=Branch1][=C][Ring1][#Branch2][O][C][=Ring1][#C][C][=C][Ring2][Ring1][Ring1][O][Ring2][Ring1][=Branch1][C][Branch1][Ring1][C][#N][=C][Ring2][Ring1][S],2.4921,1,train
[C][N][Branch1][C][C][C][=C][C][=C][C][=Branch1][Ring2][=C][Ring1][=Branch1][C][C][=C][C][=C][C][=C][Ring1][=Branch1][Ring1][#Branch2],-0.8533,1,train
[C][C][C][=Branch1][C][=O][C][=C][C][=C][C][=C][Branch1][=Branch1][N][Branch1][C][C][C][C][=C][C][Ring1][=Branch2][=C][Ring1][=N],0.2584,1,train
[C][C][=C][C][=C][C][Branch1][Branch2][C][C][=Branch1][C][=O][N][N][=C][O][C][Ring1][#Branch2][=C][Ring1][=C],-0.5174,1,train
[O][=C][O][C][=C][C][=C][C][=C][Ring1][=Branch1][C][=C][C][Branch2][Ring1][Branch1][N][C][=C][C][=C][C][=C][Ring1][=Branch1][O][C][=C][C][=C][C][=C][Ring1][=Branch1][Ring1][=C][=C][C][=C][Ring2][Ring1][N][Ring2][Ring1][Ring2],0.9821,1,train
[C][C][=C][C][=C][Branch2][Ring1][#Branch2][C][=C][C][Branch1][=Branch2][C][=C][C][=C][C][=C][Ring1][=Branch1][=C][Branch1][Ring1][C][#N][C][=Branch1][C][=S][NH1][Ring1][#C][C][=C][Ring2][Ring1][Branch1],1.0517,1,train
[C][C][=C][C][=Branch1][C][=O][O][C][=C][Ring1][#Branch1][C][=C][Branch1][C][Br][C][O][C][=C][Branch1][C][C][C][=Ring1][=Branch1][Ring1][O],0.8746,1,train
[N][#C][C][=C][Branch1][C][F][C][Branch1][C][F][=C][Branch1][Ring1][C][#N][C][O][C][=C][C][O][C][=C][Branch1][Ring1][C][#N][C][Branch1][C][F][=C][Branch1][C][F][C][Branch1][Ring1][C][#N][=C][Ring1][N][O][C][=Ring1][S][C][=C][Ring2][Ring1][Ring2][O][C][Ring2][Ring1][S][=Ring2][Ring1][Branch2],2.9261,1,train
[N][#C][C][=C][Branch1][C][F][C][Branch1][C][F][=C][Branch1][Ring1][C][#N][C][O][C][=C][C][O][C][=C][Branch1][Ring1][C][#N][C][Branch1][C][F][=C][Branch1][C][F][C][Branch1][Ring1][C][#N][=C][Ring1][N][O][C][=Ring1][S][C][=C][Ring2][Ring1][Ring2][O][C][Ring2][Ring1][S][=Ring2][Ring1][Branch2],2.9261,1,train
[C][C][=C][C][=C][Branch2][Ring2][Branch2][N][C][Branch1][#Branch2][C][=C][C][=C][C][=C][Ring1][=Branch1][O][=N][C][Branch1][#Branch2][C][=C][C][=C][C][=C][Ring1][=Branch1][O][=C][Ring2][Ring1][Ring1][C][=C][C][=C][C][=C][Ring1][=Branch1][O][C][=C][Ring2][Ring1][S],0.1241,1,train
[C][=C][C][=C][Branch1][S][N][C][=C][C][=C][C][=C][C][=C][C][Ring1][=Branch1][=N][Ring1][#Branch2][C][=C][Ring1][P],0.2636,1,train
[C][N][Branch1][C][C][C][=C][C][=C][C][=Branch1][Ring2][=C][Ring1][=Branch1][C][C][=C][C][=C][C][=C][Ring1][=Branch1][Ring1][#Branch2],-0.8533,1,train
[C][=C][S][C][Branch2][Ring1][#Branch1][C][=C][N][=C][Branch1][Branch2][C][=C][C][=C][S][Ring1][Branch1][C][=N][O][N][=C][Ring1][=C][Ring1][Branch1][=C][Ring2][Ring1][Ring1],2.0555,1,train
[C][=C][C][=C][Branch2][Ring2][#Branch2][N][C][=C][C][=C][C][=C][C][Ring1][=Branch1][=C][Branch1][Branch2][C][=N][C][=C][S][Ring1][Branch1][C][=C][C][Branch1][=Branch2][C][=C][C][=N][C][=N][Ring1][=Branch1][=C][C][=C][Ring2][Ring1][=Branch2][Ring1][N][C][=C][Ring2][Ring1][S],1.6073,1,train
[C][N][Branch1][C][C][C][=C][C][Branch1][Ring1][C][#N][=C][Branch1][=Branch1][N][Branch1][C][C][C][C][Branch1][Ring1][C][#N][=C][Ring1][=N],0.3022,1,train
[O][=C][N][C][=Branch1][C][=O][C][=C][Ring1][=Branch1][C][=C][C][=C][Ring1][=Branch1][C][=C][C][=C][N][=C][Ring1][=Branch1][C][=C][C][=C][NH1][C][=C][C][=C][Branch1][Branch2][C][=C][C][=C][S][Ring1][Branch1][C][=C][Ring1][O][C][Ring1][=C][=C][Ring2][Ring1][C],1.4385,1,train
[C][O][C][=Branch1][C][=O][C][Branch1][#C][N][C][=Branch1][C][=O][O][C][Branch1][C][C][Branch1][C][C][C][C][=C][C][=C][O][C][Branch1][=N][C][=C][C][=C][Branch1][C][O][C][=C][Ring1][#Branch1][O][=N][C][Ring1][=N][=C][Ring1][P],0.6526,1,train
[O][=C][NH1][C][=C][C][=C][C][=C][Ring1][=Branch1][NH1][Ring1][=Branch2],-1.1818,1,train
[C][C][N][Branch1][Ring1][C][C][C][=C][C][=C][C][Branch1][C][C][=C][C][=Branch1][C][=O][O][C][Ring1][Branch2][=C][Ring1][N],0.0091,1,train
[C][C][=C][C][=C][C][Branch1][N][C][=C][C][=C][C][Branch1][C][C][=C][Ring1][#Branch1][=C][Ring1][=N],-0.8127,1,train
[C][N][Branch1][C][C][C][=C][C][=C][Branch1][O][C][#C][C][=C][C][=C][C][=C][Ring1][=Branch1][C][=C][Ring1][=C],-0.7723,1,train
[N][#C][C][=C][Branch1][C][F][C][Branch1][C][F][=C][Branch1][Ring1][C][#N][C][O][C][=C][C][O][C][=C][Branch1][Ring1][C][#N][C][Branch1][C][F][=C][Branch1][C][F][C][Branch1][Ring1][C][#N][=C][Ring1][N][O][C][=Ring1][S][C][=C][Ring2][Ring1][Ring2][O][C][Ring2][Ring1][S][=Ring2][Ring1][Branch2],2.9261,1,train
[C][N][Branch1][C][C][C][=C][C][=C][C][=Branch1][Ring2][=C][Ring1][=Branch1][C][=Branch1][C][=O][N][C][Ring1][#Branch1][=O],0.6814,1,train
[N][#C][C][=C][C][=C][C][=C][Ring1][=Branch1][N],-0.5363,1,train
[N][C][=C][C][=N][C][=C][Ring1][=Branch1],-1.6927,1,train
[O][=C][C][Branch1][=C][C][S][C][=C][N][=C][C][=N][C][=Ring1][=Branch2][Ring1][=Branch1][=C][Branch2][Ring1][N][C][=N][C][=N][C][NH1][C][=N][C][=Ring1][Branch1][N][=C][Ring1][=Branch2][N][Ring1][N][N][C][=C][C][=C][C][=C][Ring1][=Branch1][C][=C][C][=C][C][=C][Ring1][=Branch1][Ring2][Ring2][Branch1],2.5127,1,train
[N][#C][C][=C][Branch1][C][F][C][Branch1][C][F][=C][Branch1][Ring1][C][#N][C][O][C][=C][C][O][C][=C][Branch1][Ring1][C][#N][C][Branch1][C][F][=C][Branch1][C][F][C][Branch1][Ring1][C][#N][=C][Ring1][N][O][C][=Ring1][S][C][=C][Ring2][Ring1][Ring2][O][C][Ring2][Ring1][S][=Ring2][Ring1][Branch2],2.9261,1,train
[C][=Branch1][#C][=C][C][S][C][=C][N][=C][C][=N][C][=Ring1][=Branch2][Ring1][=Branch1][C][=C][N][C][=C][N][=C][Ring1][Branch1][C][Branch1][#C][C][=C][N][=C][C][=C][C][=C][C][Ring1][=Branch1][=N][Ring1][#Branch2][=N][Ring2][Ring1][Ring1],2.2569,1,train
[C][C][=C][C][=C][O][C][=C][Branch1][Branch2][C][C][=Branch1][C][=O][N][N][C][Ring1][#Branch2][=C][Ring1][=C],-0.5058,1,train
[O][=C][NH1][C][=C][C][=C][C][=C][Ring1][=Branch1][NH1][Ring1][=Branch2],-1.1818,1,train
[F][C][Branch1][C][F][Branch1][C][F][C][Branch1][C][F][Branch1][C][F][C][Branch1][C][F][Branch1][C][F][C][Branch1][C][F][Branch1][C][F][C][Branch1][C][F][Branch1][C][F][C][Branch1][C][F][Branch1][C][F][C][C][O][C][=N][N][=C][Branch1][C][Cl][N][=N][Ring1][#Branch1],2.3104,1,train
[N][#C][C][=C][C][=C][NH1][C][=C][Branch1][#Branch1][C][Ring1][Branch1][=C][Ring1][=Branch2][C][=C][C][=C][C][=C][Ring1][=Branch1][N][Ring1][O][C][=C][C][=C][Branch2][Ring1][Branch1][C][=N][N][=C][Branch1][N][C][=C][C][=C][Branch1][C][Br][C][=C][Ring1][#Branch1][O][Ring1][N][C][=C][Ring2][Ring1][C],1.6916,1,train
[O][=C][C][=C][C][=C][C][=C][Ring1][=Branch1][C][=C][C][=C][Branch1][=Branch2][N][C][C][O][C][C][Ring1][=Branch1][C][=C][C][=C][C][Ring2][Ring1][=Branch1][=C][Ring1][S][Ring1][=Branch1],1.2162,1,train
[N][C][=C][C][=C][Branch1][N][C][=C][C][=C][Branch1][C][N][C][=C][Ring1][#Branch1][C][=C][Ring1][=N],-1.2263,1,train
[C][O][C][=C][C][=C][Branch2][Ring1][Branch1][N][N][=C][Branch1][Ring1][C][#N][C][Branch1][Branch2][N][C][C][C][C][Ring1][Branch1][=N][Ring1][N][C][=C][Ring2][Ring1][C],0.2506,1,train
[C][N][Branch1][C][C][C][=C][C][=C][C][=Branch1][Ring2][=C][Ring1][=Branch1][C][C][=C][C][=C][C][=C][Ring1][=Branch1][Ring1][#Branch2],-0.8533,1,train
[C][O][C][=C][C][=C][C][=C][Ring1][=Branch1],-1.9335,1,train
[C][C][=C][C][Branch1][C][C][=C][C][Branch1][C][C][=C][Ring1][Branch2],-2.0033,1,train
[C][O][C][=C][C][=C][Branch2][Ring1][Ring2][N][Branch1][=Branch2][C][=C][C][=C][C][=C][Ring1][=Branch1][C][=C][C][=C][C][=C][Ring1][=Branch1][C][=C][Ring2][Ring1][Ring1],-0.5464,1,train
[O][=C][C][=C][C][=C][C][=C][Ring1][=Branch1][C][=Branch1][C][=O][C][=C][Branch2][Ring1][Ring1][N][C][C][N][C][=N][C][Branch1][C][Cl][=N][C][Branch1][C][Cl][=N][Ring1][Branch2][C][=C][C][=C][Ring2][Ring1][C][Ring2][Ring1][O],2.1825,1,train
[Cl][C][=C][Branch1][C][Cl][C][Branch2][Ring1][Branch2][C][=C][C][=C][Branch1][#C][C][=C][C][=C][C][=C][C][=C][C][Ring1][=Branch1][=N][Ring1][#Branch2][NH1][Ring1][#C][=C][Branch1][C][Cl][C][Branch1][C][Cl][=C][Ring2][Ring1][Branch2][C][=C][N][=C][C][=N][Ring1][=Branch1],1.546,1,train
[C][C][N][Branch1][Ring1][C][C][C][=C][C][=C][Branch1][Branch2][N][C][=C][C][=C][Ring1][Branch1][C][=C][Ring1][O],-1.2775,1,train
[C][N][C][=Branch2][Ring1][#Branch1][=C][C][=C][C][=N][C][=N][C][=C][C][=C][C][=C][Ring1][=Branch1][N][=C][Ring1][#Branch2][S][Ring1][=N][C][Branch1][C][C][Branch1][C][C][C][=C][C][=C][C][=C][Ring1][=Branch1][Ring2][Ring1][O],1.5366,1,train
[O][=C][C][=C][C][=C][C][=Branch1][Ring2][=C][Ring1][=Branch1][C][=C][C][=C][C][=C][Ring1][=Branch1][N][Ring1][#Branch2][C][=C][C][=C][C][=C][C][=C][Ring1][=Branch1][C][=C][C][=C][C][=C][Ring1][=C][Ring1][=Branch1],1.0892,1,train
[C][C][=C][C][=C][Branch1][C][C][N][Ring1][=Branch1][C][=C][C][=C][C][=C][Ring1][=Branch1],-1.0574,1,train
[C][=C][C][=C][C][=C][C][=Branch1][Ring2][=C][Ring1][=Branch1][C][=C][C][Branch2][Ring1][Ring1][C][=C][Branch1][C][Cl][C][Branch1][C][Cl][=C][C][Branch1][C][Cl][=C][Ring1][=Branch2][Cl][=C][C][=C][Ring1][S][N][Ring2][Ring1][Ring2][C][=C][C][O][C][C][=C][S][C][=Ring1][Branch1][C][=Ring1][Branch2][S][Ring1][O],1.2291,1,train
[C][C][N][=C][Branch1][=N][C][=C][C][Branch1][C][N][=C][C][=C][Ring1][#Branch1][O][N][C][=Ring1][=N][C][C][C][C][Ring1][=Branch1],-1.1895,1,train
[N][C][=C][C][=C][Branch1][N][C][=C][C][=C][Branch1][C][N][C][=C][Ring1][#Branch1][C][=C][Ring1][=N],-1.2263,1,train
[N][#C][C][=C][C][=C][C][Branch1][C][N][=C][Ring1][#Branch1],-0.5111,1,train
[O][=C][N][C][=Branch1][C][=O][C][Branch1][=C][C][=C][NH1][C][=C][C][=C][C][=C][Ring1][=Branch2][Ring1][=Branch1][=C][Ring1][#C][C][=C][NH1][C][=C][C][=C][C][=C][Ring1][=Branch2][Ring1][=Branch1],1.1526,1,train
[C][#Branch2][Ring1][=Branch1][#C][C][=C][C][=C][Branch1][O][C][#C][C][=C][C][=C][C][=C][Ring1][=Branch1][C][=C][Ring1][=C][C][=C][C][=C][C][=C][Ring1][=Branch1],0.1329,1,train
[C][O][C][=C][C][=C][Branch2][Ring2][=N][C][=C][C][=C][C][=Branch1][Ring2][=C][Ring1][=Branch1][C][C][C][=C][C][Branch1][=N][C][=C][C][=C][Branch1][Ring1][O][C][C][=C][Ring1][Branch2][=C][C][=Branch1][#Branch1][=C][Ring1][=C][Ring2][Ring1][Ring1][C][C][Ring2][Ring1][=Branch1][C][=C][Ring2][Ring1][=C],0.188,1,train
[O][=C][C][=Branch2][Ring2][Ring2][=C][C][=Branch1][C][=O][C][=C][C][=C][C][=C][C][Ring1][=Branch1][=C][C][=C][C][=C][C][=C][C][=C][Ring1][=Branch1][C][Ring2][Ring1][Ring2][=C][Ring1][#Branch2][Ring2][Ring1][C][C][=Branch1][C][=O][C][=C][C][=C][C][=C][Ring1][=Branch1][Ring2][Ring1][#C],2.2566,1,train
[C][C][C][C][C][C][N][Branch1][#Branch1][C][C][C][C][C][C][C][=C][C][=C][Branch1][#C][C][#C][C][=C][C][=C][Branch1][Ring1][C][#N][C][=C][Ring1][Branch2][C][=C][Ring1][S],0.4303,1,train
[O][=C][NH1][C][=C][C][=C][C][=C][Ring1][=Branch1][NH1][Ring1][=Branch2],-1.1818,1,train
[N][#C][C][=C][Branch1][Branch2][C][=C][C][=C][S][Ring1][Branch1][C][=C][Branch2][Ring1][=Branch1][C][=C][C][=C][C][=Branch1][Ring2][=C][Ring1][=Branch1][C][C][=C][C][=C][C][=C][Ring1][=Branch1][Ring1][#Branch2][NH1][C][Ring2][Ring1][Branch2][=O],1.3246,1,train
[C][O][C][=C][C][=C][C][=Branch1][Ring2][=C][Ring1][=Branch1][C][=C][C][=C][N][=C][Ring1][=Branch1][N][Ring1][#Branch2][C][C][=C][C][=N][S][N][=C][Ring1][Branch1][C][=Ring1][=Branch2][N][C][=C][C][=C][C][=C][Ring1][=Branch1][C][=N][C][=C][C][=C][Ring1][=Branch1][Ring1][=N],1.7001,1,train
[C][N][Branch1][C][C][C][=C][C][Branch1][Ring1][C][#N][=C][Branch1][=Branch1][N][Branch1][C][C][C][C][Branch1][Ring1][C][#N][=C][Ring1][=N],0.3022,1,train
[C][C][C][C][=C][C][=N][C][Ring1][Branch1][=C][C][=C][NH1][C][Branch1][Branch2][C][=C][Ring1][Branch1][C][C][C][=C][N][=C][Branch2][Ring1][Ring1][C][Branch1][C][O][=C][C][NH1][C][Ring2][Ring1][=Branch1][=C][C][=Ring1][Branch1][C][C][C][C][Branch1][Ring2][C][C][C][=C][Ring2][Ring1][Ring1],2.1782,1,train
[C][C][Branch1][C][C][C][C][C][N][C][=C][C][=C][C][=C][Ring1][=Branch1][C][C][C][=C][C][=C][C][=C][Ring1][=Branch1][Ring1][#C],-1.0212,1,train
[C][=C][C][Branch1][Branch2][N][C][C][C][C][Ring1][Branch1][=C][C][=N][Ring1][O],-1.909,1,train
[C][C][C][C][C][C][C][C][N][C][=C][C][=C][Branch2][Ring1][Branch1][C][#C][C][=C][C][=C][Branch1][=Branch2][C][Branch1][C][F][Branch1][C][F][F][C][=C][Ring1][#Branch2][C][=C][Ring2][Ring1][C][S][C][=C][C][Branch1][Ring1][C][=O][=C][C][=C][Ring1][Branch2][Ring2][Ring1][N],1.3507,1,train
[C][C][Branch1][C][C][O][C][=C][Branch2][Ring1][#Branch2][C][=N][C][=C][C][=C][C][=C][Ring1][=Branch1][N][=C][Ring1][#Branch2][C][=C][C][=C][C][=C][Ring2][Ring1][C][Ring1][=Branch1][C][C][Ring2][Ring1][#Branch1][Br],1.5077,1,train
[O][=C][C][Branch1][N][C][=C][C][=C][Branch1][C][O][C][=C][Ring1][#Branch1][=C][O][C][=C][C][Branch1][C][O][=C][C][Branch1][C][O][=C][Ring2][Ring1][Ring1][Ring1][Branch2],0.1703,1,train
[C][C][=C][C][=C][Branch1][C][C][C][Branch1][C][C][=C][Ring1][Branch2],-1.9996,1,train
[C][C][=C][C][Branch1][C][C][=N][C][Branch1][C][N][=N][Ring1][Branch2],-1.2655,1,train
[C][O][C][=C][C][=C][Branch1][#C][C][#C][C][=C][C][=C][Branch1][Ring1][C][#N][C][=C][Ring1][Branch2][C][=C][Ring1][S][O][C],0.3832,1,train
[N][C][=C][C][=C][C][=Branch1][Ring2][=C][Ring1][=Branch1][C][C][=C][C][=C][C][=C][Ring1][=Branch1][Ring1][#Branch2],-0.7825,1,train
[O][=C][C][=C][C][=C][C][=C][Ring1][=Branch1][C][=Branch1][C][=O][C][=C][C][Branch2][Ring2][Ring2][N][C][=N][C][Branch2][Ring1][=Branch2][C][=C][C][=C][C][=C][Ring1][=Branch1][C][=C][C][=C][C][=Branch1][Ring2][=C][Ring1][=Branch1][S][C][=C][N][Ring1][#Branch1][=C][Ring2][Ring1][Branch1][=C][C][=C][Ring2][Ring1][O][Ring2][Ring2][Ring2],2.1978,1,train
[N][#C][C][=C][C][=C][C][=C][NH1][C][Ring1][Branch1][=C][Ring1][=Branch2],-0.2147,1,train
[O][=C][C][=C][C][Branch1][C][Cl][=C][C][=C][Ring1][#Branch1][S][=Branch1][C][=O][=Branch1][C][=O][C][=C][C][=C][Branch2][Ring1][=N][C][=C][O][C][Branch2][Ring1][Ring1][C][=N][C][=C][C][N][=C][O][C][=Ring1][Branch1][C][=C][Ring1][=Branch2][O][Ring1][N][=C][Ring1][P][C][=C][Ring2][Ring1][#Branch1][Ring2][Ring2][C],2.3254,1,train
[Cl][C][=C][C][Branch1][C][Cl][=C][Branch2][Ring2][N][C][=N][C][=C][C][=C][C][=C][Ring1][=Branch1][N][Ring1][=Branch2][C][=N][C][=N][C][=N][C][=N][C][Branch1][Branch2][N][C][=C][C][=C][Ring1][Branch1][=N][C][=Branch1][Ring2][=N][Ring1][P][N][Ring1][S][Ring1][N][C][Branch1][C][Cl][=C][Ring2][Ring2][Ring1],2.1424,1,train
[N][#C][C][=C][Branch1][Ring1][C][#N][C][Branch1][Ring1][C][#N][=C][Branch2][Ring1][=Branch2][C][=C][C][=C][Branch1][#C][C][=C][C][=C][C][=N][C][=C][N][=C][Ring1][#Branch2][Ring1][=Branch1][N][Ring1][#C][F][C][Branch1][Ring1][C][#N][=C][Ring2][Ring1][N][C][#N],2.9643,1,train
[N][C][=C][C][=C][C][C][=N][NH1][C][Ring1][=Branch2][=Ring1][Branch1],-0.7414,1,train
[O][=C][N][C][Branch2][Ring2][Branch1][C][C][=C][O][C][=Ring1][Branch1][C][=C][C][=C][C][S][C][Branch1][=Branch2][C][=C][N][=C][C][=N][Ring1][=Branch1][=C][C][=Ring1][O][C][=C][Ring1][#C][S][Ring2][Ring1][C][=C][C][=Branch1][C][=O][N][C][=C][Ring2][Ring1][S][Ring1][=Branch1],2.1372,1,train
[C][C][Branch1][C][C][C][C][=Branch1][C][=O][C][=C][Branch1][Ring2][C][Ring1][Branch2][O][C][=C][C][=C][C][=C][C][=C][C][Ring1][=Branch1][=C][Ring1][#Branch2][C][Ring1][#C][C][=C][C][=C][C][=N][Ring1][=Branch1],0.7049,1,train
[C][=C][C][=C][N][=C][Branch2][Ring1][Ring2][N][C][=C][C][=C][C][=C][Ring1][=Branch1][C][=C][C][=C][C][=C][Ring1][=Branch1][Ring1][=N][C][Branch2][Ring1][Ring2][N][C][=C][C][=C][C][=C][Ring1][=Branch1][C][=C][C][=C][C][=C][Ring1][=Branch1][Ring1][=N][=N][C][Ring2][Ring1][S][=C][Ring2][Ring2][Ring2],1.3956,1,train
[C][C][=C][C][=C][Branch2][Ring2][O][N][C][=C][C][=C][C][=C][Ring1][=Branch1][C][=C][C][Branch2][Ring1][Ring1][C][=Branch1][Branch2][=C][Branch1][Ring1][C][#N][C][#N][C][=C][C][=C][C][=C][Ring1][=Branch1][=C][C][=C][Ring2][Ring1][C][Ring2][Ring1][=Branch2][C][=C][Ring2][Ring1][#C],1.0678,1,train
[O][=C][C][Branch2][Ring2][#Branch1][N][Branch1][S][C][=C][Branch1][C][F][C][=C][Branch1][C][F][C][=C][Ring1][Branch2][F][C][=C][C][=Branch1][O][=C][C][=N][S][N][=C][Ring1][=Branch2][Ring1][Branch1][N][=S][=N][Ring1][O][=C][C][=C][C][=C][C][=C][Ring1][=Branch1][Ring2][Ring1][#C],2.8181,1,train
[O][=C][N][C][=Branch1][C][=O][C][C][Ring1][=Branch1][=C][C][C][=C][C][=C][C][=Ring1][=Branch1][NH1][C][Ring1][=Branch2][=C][NH1][C][=C][C][=C][C][=C][Ring1][=Branch1][C][=Ring2][Ring1][Ring2][Ring1][=Branch2],1.127,1,train
[N][#C][C][=N][C][=C][C][O][C][Branch2][Ring1][P][C][=N][C][=N][C][=N][C][=N][C][Branch1][=Branch2][C][=C][N][=C][C][=N][Ring1][=Branch1][=N][C][=Branch1][Branch1][=N][Ring2][Ring1][C][N][Ring1][P][Ring1][=N][=N][C][=Ring2][Ring1][Branch2][C][=C][Ring2][Ring1][N][O][Ring2][Ring1][#C],3.1446,1,train
[C][C][Branch1][C][C][C][=C][C][=C][C][=C][Ring1][=Branch1][O][C][=C][C][=C][Branch2][Ring2][Ring2][C][=C][C][=C][C][Branch2][Ring1][Branch2][C][=C][C][=C][S][C][=C][Branch1][=Branch2][C][=C][C][=C][N][=C][Ring1][=Branch1][C][Ring1][O][=C][Ring1][#C][=C][Ring2][Ring1][Branch1][C][=C][Ring2][Ring1][O][Ring2][Ring2][Ring2],0.6439,1,train
[C][=C][C][=C][Branch2][Ring2][P][C][=C][C][=C][Branch2][Ring1][S][C][=C][C][=C][Branch2][Ring1][Ring2][N][C][=C][C][=C][C][=C][Ring1][=Branch1][C][=C][C][=C][C][=C][Ring1][=Branch1][Ring1][=N][C][=C][Ring2][Ring1][Ring1][C][=N][S][N][=C][Ring2][Ring1][N][Ring1][Branch1][C][=C][Ring2][Ring2][C],1.5233,1,train
[C][C][N][Branch1][Ring1][C][C][C][=C][C][=C][Branch1][Branch2][N][C][=C][C][=C][Ring1][Branch1][C][=C][Ring1][O],-1.2776,1,train
[O][=C][Branch1][=Branch2][C][=C][C][=N][C][=C][Ring1][=Branch1][C][=C][C][=C][C][Branch2][Ring2][=Branch2][C][=C][C][=C][O][C][Branch1][Branch2][C][C][=C][S][C][=Ring1][Branch1][=C][Branch1][#C][C][=C][C][=C][C][=C][C][=C][Ring1][=Branch1][C][Ring1][=Branch2][=O][C][Ring2][Ring1][Ring2][=C][Ring2][Ring1][Branch2][=C][Ring2][Ring1][=C],2.0169,1,train
[C][=C][C][Branch1][Branch2][N][C][C][C][C][Ring1][Branch1][=C][C][=N][Ring1][O],-1.909,1,train
[C][=C][C][Branch1][Branch2][N][C][C][C][C][Ring1][Branch1][=C][C][=N][Ring1][O],-1.909,1,train
[O][=C][O][C][C][=C][Ring1][Branch1][C][Branch1][=Branch2][C][=C][C][=C][C][=C][Ring1][=Branch1][C][=C][C][=C][Branch1][O][C][=C][Ring1][=Branch1][N][Ring1][S][C][C][O][C][C][C][Ring1][O],0.068,1,train
[O][=C][NH1][C][=C][C][=C][C][=C][Ring1][=Branch1][NH1][Ring1][=Branch2],-1.1818,1,train
[C][N][Branch1][C][C][C][=C][C][=C][Branch1][=C][C][=N][C][=C][N][=C][C][=C][Ring1][=Branch1][NH1][Ring1][=Branch2][C][=C][Ring1][#C],0.0204,1,train
[C][=C][C][=C][C][=C][C][=C][Branch2][Ring1][=C][C][=C][C][Branch1][Branch2][C][=C][N][=C][S][Ring1][Branch1][=C][N][Ring1][#Branch2][C][=C][C][=C][C][=N][S][N][=C][Ring1][=Branch2][Ring1][Branch1][C][=C][C][=C][C][=Branch1][Branch1][=C][Ring2][Ring1][P][C][Ring2][Ring1][S][=C][Ring2][Ring1][=C][Ring1][#Branch1],1.917,1,train
[N][#C][C][N][=N][N][Branch2][Ring1][C][C][=C][C][=N][C][=C][C][Branch1][C][Cl][=C][C][=C][Ring1][O][Ring1][#Branch1][C][=Ring1][S][N],1.6412,1,train
[N][#C][C][=C][C][Branch1][Ring1][C][#N][=C][Branch2][Ring2][=Branch2][C][=C][Branch2][Ring1][Branch1][O][C][=Branch1][C][=O][C][=C][C][=C][Branch1][=Branch1][C][=Branch1][C][=O][O][C][=C][Ring1][=Branch2][C][=Branch1][C][=O][C][=C][C][=C][C][=C][Ring1][=Branch1][Ring2][Ring1][=Branch1][C][Branch1][Ring1][C][#N][=C][Ring2][Ring1][S][Br],2.8405,1,train
[C][O][C][=C][C][=C][Branch1][N][N][C][Branch1][C][C][=C][C][=C][Ring1][=Branch1][C][C][=C][Ring1][=N],-1.1401,1,train
[N][#C][C][=C][Branch1][C][F][C][Branch1][C][F][=C][Branch1][Ring1][C][#N][C][O][C][=C][C][O][C][=C][Branch1][Ring1][C][#N][C][Branch1][C][F][=C][Branch1][C][F][C][Branch1][Ring1][C][#N][=C][Ring1][N][O][C][=Ring1][S][C][=C][Ring2][Ring1][Ring2][O][C][Ring2][Ring1][S][=Ring2][Ring1][Branch2],2.9261,1,train
[C][=C][C][Branch1][Branch2][N][C][C][C][C][Ring1][Branch1][=C][C][=N][Ring1][O],-1.909,1,train
[C][=C][Branch2][Ring1][#C][C][=N][C][=C][C][=C][Branch1][#C][C][=C][N][=C][C][=N][N][=C][C][Ring1][=Branch1][=C][Ring1][#Branch2][C][=C][Ring1][S][NH1][Ring2][Ring1][Ring1][C][=C][Branch1][Ring1][C][#N][C][Branch1][Ring1][C][#N][=C][C][Branch1][Ring1][C][#N][=C][Ring1][N][C][#N],2.8614,1,train
[C][C][Branch1][C][C][N][C][=C][C][=C][C][=C][Ring1][=Branch1][C][NH1][C][=C][C][=C][C][=C][Ring1][=Branch1][C][=Branch1][C][=O][C][=Ring1][O][Ring2][Ring1][Ring2],0.4101,1,train
[C][C][=C][C][=C][N][=C][C][=Branch1][C][=O][NH1][C][=Branch1][C][=O][NH1][C][Ring1][Branch2][=N][C][Ring1][N][=C][Ring1][S],1.7777,1,train
[N][#C][C][=C][C][=C][C][=C][Ring1][=Branch1][N],-0.5363,1,train
[O][=C][C][=C][C][=C][C][=C][Ring1][=Branch1][C][=C][C][=C][Branch2][Ring1][Ring1][N][C][C][N][Branch1][=Branch2][C][=C][C][=C][C][=C][Ring1][=Branch1][C][C][Ring1][N][C][=C][C][=C][C][Ring2][Ring1][N][=C][Ring2][Ring1][=Branch1][Ring1][=Branch1],1.3281,1,train
[O][=C][NH1][C][=C][C][=C][C][=C][Ring1][=Branch1][NH1][Ring1][=Branch2],-1.1818,1,train
[C][=C][C][Branch1][Branch2][N][C][C][C][C][Ring1][Branch1][=C][C][=N][Ring1][O],-1.9089,1,train
[C][C][=C][C][=C][Branch1][C][C][C][Branch1][C][C][=C][Ring1][Branch2],-1.9996,1,train
[O][=C][N][C][=Branch1][C][=O][C][=C][C][Branch2][Ring1][C][C][C][Branch1][Branch2][C][=C][N][=C][NH1][Ring1][Branch1][=C][S][C][=Ring1][#Branch2][Cl][=C][C][=C][Branch1][=N][C][=C][C][Ring2][Ring1][Branch2][=C][Ring2][Ring1][Branch1][Ring1][=Branch1][C][=Branch1][C][=O][N][C][Ring1][O][=O],2.884,1,train
[N][C][=C][C][=C][N][=C][Ring1][=Branch1],-1.471,1,train
[Cl][C][=C][C][=C][C][=Branch1][Ring2][=C][Ring1][=Branch1][C][=C][N][=C][C][=C][Ring1][=Branch1][N][Ring1][#Branch2][N][C][=C][C][=C][C][=C][Ring1][=Branch1][O][C][=C][C][Branch1][=C][C][=C][C][=C][C][=N][S][N][=C][Ring1][=Branch2][Ring1][Branch1][=C][C][=C][Ring1][#C][Ring2][Ring1][#Branch1],1.7181,1,train
[C][C][Branch1][C][C][Branch1][C][C][C][=C][C][=C][S][C][Branch2][Ring2][C][C][=C][C][Branch2][Ring1][#Branch1][C][=C][Branch1][Ring1][C][#N][C][Branch1][Ring1][C][#N][=C][C][Branch1][Ring1][C][#N][=C][Ring1][N][C][#N][=C][O][Ring2][Ring1][Ring1][=N][C][Ring2][Ring1][Branch2][=C][Ring2][Ring1][N],2.5184,1,train
[N][#C][C][=C][Branch1][C][F][C][Branch1][C][F][=C][Branch1][Ring1][C][#N][C][O][C][=C][C][O][C][=C][Branch1][Ring1][C][#N][C][Branch1][C][F][=C][Branch1][C][F][C][Branch1][Ring1][C][#N][=C][Ring1][N][O][C][=Ring1][S][C][=C][Ring2][Ring1][Ring2][O][C][Ring2][Ring1][S][=Ring2][Ring1][Branch2],2.9261,1,train
[C][C][Branch1][C][C][Branch1][C][C][C][=C][C][=C][C][=Branch1][Ring2][=C][Ring1][=Branch1][C][C][=C][C][=C][C][=C][Ring1][=Branch1][N][Branch1][Branch2][C][C][=C][O][C][=Ring1][Branch1][C][=Ring1][=C][N][Ring2][Ring1][C][C][=C][C][=C][Branch1][#Branch2][N][C][=C][C][=C][C][=C][Ring1][=Branch1][C][=C][Ring1][=N],0.0926,1,train
[C][C][=C][C][=C][Branch1][C][C][C][=C][Ring1][#Branch1],-1.9808,1,train
[N][C][=C][C][=C][C][=C][Ring1][=Branch1],-2.1704,1,train
[N][#C][C][=C][C][Branch1][Ring1][C][#N][=C][Branch1][Ring1][C][#N][C][Branch2][Ring1][P][C][=C][C][=C][C][=C][C][Branch1][#C][C][=C][N][=C][C][=N][N][=C][C][Ring1][=Branch1][=C][Ring1][#Branch2][=C][C][=C][Ring1][S][S][Ring2][Ring1][Ring1][=C][Ring2][Ring1][#C][C][#N],2.8619,1,train
[N][#C][C][=C][C][=C][C][=C][NH1][C][Ring1][Branch1][=C][Ring1][=Branch2],-0.2147,1,train
[C][C][=C][C][=C][Branch2][Ring2][#Branch1][C][C][C][Branch1][N][C][=C][C][=C][Branch1][C][O][C][=C][Ring1][#Branch1][=N][N][Ring1][N][C][=C][C][=C][Branch1][=Branch2][S][Branch1][C][N][=Branch1][C][=O][=O][C][=C][Ring1][#Branch2][C][=C][Ring2][Ring1][N],0.5211,1,train
[C][=C][C][=C][Branch2][Ring1][=C][C][N][=C][Branch1][=C][C][=C][NH1][C][=C][C][=C][C][=C][Ring1][=Branch2][Ring1][=Branch1][N][C][=C][C][=C][C][=Ring2][Ring1][C][Ring1][=Branch1][C][=C][Ring2][Ring1][Branch2],0.0504,1,train
[N][#C][C][=C][Branch1][C][F][C][Branch1][C][F][=C][Branch1][Ring1][C][#N][C][O][C][=C][C][O][C][=C][Branch1][Ring1][C][#N][C][Branch1][C][F][=C][Branch1][C][F][C][Branch1][Ring1][C][#N][=C][Ring1][N][O][C][=Ring1][S][C][=C][Ring2][Ring1][Ring2][O][C][Ring2][Ring1][S][=Ring2][Ring1][Branch2],2.9261,1,train
[O][=C][C][=C][N][=C][Branch2][Ring2][Branch1][C][=C][C][=C][C][=C][Branch1][=C][C][S][C][=C][N][=C][C][=N][C][=Ring1][=Branch2][Ring1][=Branch1][C][=C][Ring1][#C][C][=C][C][=C][C][=C][Ring2][Ring1][#Branch1][Ring1][=Branch1][C][=N][Ring2][Ring1][=N],2.3592,1,train
[N][#C][C][=C][C][=C][Branch1][C][N][C][=C][Ring1][#Branch1],-0.7114,1,train
[C][=C][C][=C][Branch2][Ring2][P][C][=C][C][=C][C][=C][C][=C][C][=C][Branch1][=Branch2][C][=C][C][=C][C][=C][Ring1][=Branch1][C][=C][C][=C][C][=C][C][=C][Ring2][Ring1][Branch2][C][Ring1][=Branch1][=C][Ring2][Ring1][Branch2][C][Ring1][#Branch2][=C][Ring2][Ring1][Branch2][Ring2][Ring1][Ring2][C][=C][Ring2][Ring2][C],1.3435,1,train
[C][S][=Branch1][C][=O][=Branch1][C][=O][C][=C][C][=C][Branch2][Ring1][Branch1][C][=C][C][=C][C][=C][Branch1][C][N][C][=C][Ring1][#Branch1][C][=Branch1][C][=O][O][Ring1][N][C][=C][Ring2][Ring1][C],1.0008,1,train
[C][=C][C][=C][C][=Branch1][Ring2][=C][Ring1][=Branch1][NH1][C][C][=C][C][=C][C][=C][Ring1][=Branch1][NH1][C][Ring1][=N][=Ring1][=Branch2],-0.4744,1,train
[C][N][Branch1][C][C][C][=C][C][=C][C][=C][Ring1][=Branch1],-2.2302,1,train
[C][O][C][=C][C][=C][C][=C][C][Ring1][=Branch1][=C][Branch1][=Branch2][C][=C][C][=C][C][=C][Ring1][=Branch1][C][=C][C][=C][C][=C][Ring2][Ring1][Ring2][Ring1][=Branch1],0.7733,1,train
[O][=C][C][=C][C][=C][C][Branch2][Ring1][=C][N][C][=N][C][=N][C][=C][Branch1][=C][N][=C][N][Ring1][Branch1][C][=C][C][=C][N][=C][Ring1][=Branch1][N][=C][Ring1][#C][Ring2][Ring1][C][=C][Ring2][Ring1][Branch2][C][=Branch1][C][=O][N][Ring2][Ring1][N][C][=C][C][=C][C][=C][Ring1][=Branch1],2.1363,1,train
[N][C][=C][C][=C][C][=C][Ring1][=Branch1][C][=Branch1][C][=O][O],-0.3595,1,train
[C][=C][C][=C][N][=C][Branch2][Ring1][Ring2][N][C][=C][C][=C][C][=C][Ring1][=Branch1][C][=C][C][=C][C][=C][Ring1][=Branch1][Ring1][=N][C][Branch2][Ring1][Ring2][N][C][=C][C][=C][C][=C][Ring1][=Branch1][C][=C][C][=C][C][=C][Ring1][=Branch1][Ring1][=N][=N][C][Ring2][Ring1][S][=C][Ring2][Ring2][Ring2],1.3956,1,train
[O][=C][C][C][C][C][=C][Ring1][=Branch1][C][C][=C][Branch1][Branch2][C][C][C][C][Ring1][=Branch1][=O][N][Ring1][O][N][C][=Branch1][C][=O][C][=C][C][=C][Branch1][C][O][C][=C][Ring1][#Branch1],0.9351,1,train
[C][=Branch1][#C][=C][C][S][C][=C][N][=C][C][=N][C][=Ring1][=Branch2][Ring1][=Branch1][C][=C][N][C][=C][N][=C][Ring1][Branch1][C][Branch1][#C][C][=C][N][=C][C][=C][C][=C][C][Ring1][=Branch1][=N][Ring1][#Branch2][=N][Ring2][Ring1][Ring1],2.2569,1,train
[N][C][=C][C][=C][NH1][N][=C][C][Ring1][Branch1][=C][Ring1][=Branch2],-0.846,1,train
[N][C][=C][C][=N][C][=C][Ring1][=Branch1],-1.6927,1,train
[C][#Branch1][#Branch2][#C][C][=C][C][=C][C][=C][Ring1][=Branch1][C][=C][C][=C][C][=C][Ring1][=Branch1],-0.4963,1,train
[O][=C][Branch1][C][O][C][O][C][=C][C][=C][NH1][C][=C][Branch1][#Branch1][C][Ring1][Branch1][=C][Ring1][=Branch2][C][C][C][C][Ring1][Branch2][=O],0.623,1,train
[C][O][C][=C][C][=C][C][=C][Ring1][=Branch1],-1.9335,1,train
[C][O][C][=C][C][=C][C][=C][C][Ring1][=Branch1][=C][Branch1][Ring1][O][C][C][=C][Ring1][N][C][=C][C][=C][Branch1][=Branch2][C][Branch1][C][F][Branch1][C][F][F][C][=C][Ring1][#Branch2][N][Ring1][=N][C],0.9214,1,train
[C][C][=C][C][=Branch1][C][=O][C][=C][C][=C][Branch1][C][N][C][=C][Ring1][#Branch1][O][Ring1][N],-0.156,1,train
[N][#C][C][=C][Branch1][Ring1][C][#N][C][Branch1][Ring1][C][#N][=C][Branch2][Ring2][Ring1][C][=C][C][=C][C][Branch2][Ring1][#Branch1][C][S][C][Branch1][Branch2][C][=C][N][=C][NH1][Ring1][Branch1][=C][N][=C][C][=N][C][=Ring1][=C][Ring1][=Branch1][=C][Ring2][Ring1][Ring2][C][Branch1][Ring1][C][#N][=C][Ring2][Ring1][S][C][#N],3.1269,1,train
[N][#C][C][=C][C][Branch2][Ring1][Branch1][C][#C][C][=C][Branch1][C][F][C][Branch1][C][F][=N][C][Branch1][C][F][=C][Ring1][=Branch2][F][=C][Branch2][Ring1][Branch1][C][#C][C][=C][Branch1][C][F][C][Branch1][C][F][=N][C][Branch1][C][F][=C][Ring1][=Branch2][F][C][=C][Ring2][Ring1][=C][C][#N],3.1597,1,train
[C][C][N][Branch1][Ring1][C][C][C][=C][C][=C][C][=C][Branch1][=C][C][=C][N][C][=C][C][=C][C][Ring1][=Branch1][=N][Ring1][=Branch2][C][=Branch1][C][=O][O][C][Ring1][S][=C][Ring2][Ring1][Ring2],0.6257,1,train
[C][O][C][C][=C][S][C][=Ring1][Branch1][C][=C][C][=C][Branch2][Ring1][Ring1][C][=C][C][=C][Branch1][#Branch2][C][S][C][=C][C][=Ring1][Branch1][O][C][S][Ring1][N][S][Ring1][P],0.8538,1,train
[C][O][C][=C][C][=C][C][=C][Ring1][=Branch1][C][=N][C][=C][C][=C][C][=C][C][Ring1][=Branch1][=C][C][=C][C][=C][C][Ring1][=Branch1][=C][Ring1][=C][O][Ring1][P],0.5689,1,train
[C][=C][C][=C][Branch2][Ring1][#C][C][=N][N][Branch1][=Branch2][C][=C][C][=C][C][=C][Ring1][=Branch1][C][=N][C][=C][C][=C][C][=C][Ring1][=Branch1][C][=C][Ring2][Ring1][Ring1][Ring1][#Branch2][C][=C][Ring2][Ring1][=Branch2],1.1226,1,train
[N][C][=C][C][=C][C][=Branch1][Ring2][=C][Ring1][=Branch1][C][C][=C][C][=C][C][=C][Ring1][=Branch1][Ring1][#Branch2],-0.7825,1,train
[C][=C][C][=C][C][=C][Ring1][=Branch1],-1.9413,1,train
[C][S][C][S][C][Branch1][=N][C][=Branch1][C][=O][C][=C][C][=C][C][=C][Ring1][=Branch1][=C][N][=N][NH1][C][=Branch1][C][=O][C][=Ring2][Ring1][C][Ring1][#Branch1],2.0519,1,train
[N][#C][C][C][=C][O][C][=Ring1][Branch1][N][Branch1][=Branch2][C][=C][C][=C][C][=C][Ring1][=Branch1][C][=C][C][=C][Branch2][Ring1][#Branch1][C][=C][Branch1][Ring1][C][#N][C][Branch1][Ring1][C][#N][=C][C][Branch1][Ring1][C][#N][=C][Ring1][N][C][#N][C][=C][Ring2][Ring1][Ring2],2.3312,1,train
[C][=C][C][=C][Branch2][Ring1][=Branch2][C][N][=C][Branch1][Branch2][C][=C][C][=C][S][Ring1][Branch1][NH1][C][=Ring1][#Branch2][C][=C][C][=C][C][=C][Ring1][=Branch1][C][=C][Ring2][Ring1][=Branch1],0.3146,1,train
[N][#C][C][=C][C][=C][Branch2][Ring2][O][C][#C][C][=C][C][=C][Branch2][Ring1][O][C][#C][C][=C][C][=C][Branch1][=N][C][#C][C][=C][C][=C][C][=C][Ring1][=Branch1][C][#N][C][=C][Ring1][S][C][#N][C][=C][Ring2][Ring1][#Branch2][C][#N][C][=C][Ring2][Ring2][Ring2],2.1898,1,train
[N][#C][C][=C][Branch1][Branch2][C][=C][C][=C][S][Ring1][Branch1][C][=C][Branch1][Branch2][C][=C][C][=C][S][Ring1][Branch1][NH1][C][Ring1][S][=O],1.37,1,train
[C][N][Branch1][C][C][C][=C][C][=C][Branch1][O][C][#C][C][=C][C][=C][C][=C][Ring1][=Branch1][C][=C][Ring1][=C],-0.7723,1,train
[C][O][N][C][=C][C][=C][C][=C][Ring1][=Branch1][C][=C][C][Branch2][Ring1][O][N][C][=C][N][=C][Ring1][Branch1][N][C][=C][C][=C][C][=C][Ring1][=Branch1][C][=C][C][=C][C][=C][Ring1][=Branch1][Ring1][=N][=C][N][=C][Ring2][Ring1][Branch2][Ring2][Ring1][#C],0.786,1,train
[C][C][=C][C][=C][C][Branch1][C][C][=C][Ring1][#Branch1],-1.9837,1,train
[C][O][C][=C][C][NH1][C][=C][Branch1][#Branch2][C][=Ring1][Branch1][C][=C][Ring1][=Branch2][O][C][C][C][C][C][Ring1][O][=O],0.1934,1,train
[C][O][C][=Branch1][C][=O][C][=C][C][=C][Branch2][Ring1][Branch1][C][=N][C][=C][C][=C][Branch1][=Branch1][N][Branch1][C][C][C][C][=C][Ring1][=Branch2][S][Ring1][N][C][=C][Ring2][Ring1][C],1.007,1,train
[C][=C][C][Branch1][Branch2][N][C][C][C][C][Ring1][Branch1][=C][C][=N][Ring1][O],-1.909,1,train
[C][C][C][S][C][Branch2][Ring2][Branch1][C][=C][C][=C][C][=Branch1][Ring2][=C][Ring1][=Branch1][S][=Branch1][C][=O][=Branch1][C][=O][C][=C][C][Branch1][Ring1][C][#N][=C][C][=C][Ring1][Branch2][S][Ring1][#C][=Branch1][C][=O][=O][=C][N][=C][C][=N][C][=Ring2][Ring1][=N][Ring1][=Branch1],2.4716,1,train
[O][=C][O][C][=C][C][=C][Branch1][C][Cl][C][=C][Ring1][#Branch1][C][=C][Ring1][O][C][=C][C][=C][C][Branch1][C][Cl][=C][C][=C][Ring1][#Branch1][O][Ring1][#Branch2],1.7401,1,train
[C][S][=Branch1][C][=O][=Branch1][C][=O][C][C][Branch2][Ring1][#Branch1][C][=C][S][C][Branch1][=C][C][=C][C][=C][C][=N][S][N][=C][Ring1][=Branch2][Ring1][Branch1][=C][Ring1][=C][=C][N][C][=C][C][=C][C][=Ring2][Ring1][#Branch1][Ring1][=Branch1],1.6156,1,train
[C][O][C][=C][C][S][C][C][=C][Branch2][Ring1][N][N][C][=N][C][=N][C][=C][Branch1][=N][N][=C][N][Ring1][Branch1][C][=N][C][=C][NH1][Ring1][Branch1][N][=C][Ring1][=C][Ring1][P][S][C][=Ring2][Ring1][=Branch1][C][=Ring2][Ring1][=Branch2][S][Ring2][Ring1][N],1.6008,1,train
[C][N][Branch1][C][C][C][=C][C][=C][C][=C][Ring1][=Branch1],-2.2302,1,train
[C][C][=C][C][=C][Branch1][C][C][N][Ring1][=Branch1][C][=C][C][=C][Branch1][=Branch1][N][Branch1][C][C][C][C][=C][Ring1][=Branch2],-1.4002,1,train
[C][=C][C][Branch1][Branch2][C][=C][N][=C][S][Ring1][Branch1][=C][C][=C][C][Branch2][Ring2][C][C][=C][C][=C][N][Ring1][Branch1][C][=C][C][=C][Branch1][N][C][=C][C][=N][S][N][=C][Ring1][Branch1][Ring1][=Branch2][C][=N][S][N][=C][Ring1][S][Ring1][Branch1][=N][C][Ring2][Ring1][O][=C][Ring2][Ring2][Ring2],2.241,1,train
[N][C][=C][C][=C][Branch1][N][C][=C][C][=C][Branch1][C][N][C][=C][Ring1][#Branch1][C][=C][Ring1][=N],-1.2263,1,train
[C][C][Branch1][C][C][C][C][=C][Branch2][Ring1][#Branch2][C][=C][C][=C][C][=C][Ring1][=Branch1][C][=N][C][=C][C][=C][C][=C][Ring1][=Branch1][N][=C][Ring2][Ring1][C][Ring1][#Branch2][O][Ring2][Ring1][=Branch1],1.2707,1,train
[C][C][Branch1][C][C][Branch1][C][C][C][N][C][=C][Branch1][C][Br][C][=C][Branch1][C][Br][C][=C][Ring1][Branch2][C][=Branch1][C][=O][N][Ring1][=N][C][C][=C][C][=C][C][=C][Ring1][=Branch1],0.6982,1,train
[N][#C][C][=C][Branch1][C][F][C][Branch1][C][F][=C][Branch1][Ring1][C][#N][C][O][C][=C][C][O][C][=C][Branch1][Ring1][C][#N][C][Branch1][C][F][=C][Branch1][C][F][C][Branch1][Ring1][C][#N][=C][Ring1][N][O][C][=Ring1][S][C][=C][Ring2][Ring1][Ring2][O][C][Ring2][Ring1][S][=Ring2][Ring1][Branch2],2.9261,1,train
[N][C][=C][C][=C][C][=C][Ring1][=Branch1],-2.1704,1,train
[O][=C][N][C][=Branch1][C][=O][C][=C][C][Branch2][Ring1][C][C][C][Branch1][Branch2][C][=C][N][=C][NH1][Ring1][Branch1][=C][S][C][=Ring1][#Branch2][Cl][=C][C][=C][Branch1][=N][C][=C][C][Ring2][Ring1][Branch2][=C][Ring2][Ring1][Branch1][Ring1][=Branch1][C][=Branch1][C][=O][N][C][Ring1][O][=O],2.884,1,train
[C][=C][C][=C][Branch2][Ring1][Ring1][C][=C][C][=C][Branch1][=Branch2][C][=C][C][=C][C][=C][Ring1][=Branch1][C][=C][Ring1][N][C][=C][Ring2][Ring1][C],-0.1153,1,train
[C][O][C][=C][C][=C][C][=C][Ring1][=Branch1][C][=N][C][Branch1][=Branch2][C][=C][C][=C][C][=C][Ring1][=Branch1][=C][C][=C][C][=C][N][Ring1][#C][Ring1][=Branch1],0.0469,1,train
[O][C][=C][C][=C][N][=C][C][=C][C][Ring1][=Branch1][=C][Ring1][#Branch2],0.1392,1,train
[N][#C][C][=C][Branch1][C][F][C][Branch1][C][F][=C][Branch1][Ring1][C][#N][C][O][C][=C][C][O][C][=C][Branch1][Ring1][C][#N][C][Branch1][C][F][=C][Branch1][C][F][C][Branch1][Ring1][C][#N][=C][Ring1][N][O][C][=Ring1][S][C][=C][Ring2][Ring1][Ring2][O][C][Ring2][Ring1][S][=Ring2][Ring1][Branch2],2.9261,1,train
[C][C][C][=C][C][C][=C][C][=C][C][=Ring1][=Branch1][O][C][Ring1][=Branch2][=C][NH1][C][=C][C][=C][C][=C][Ring1][=Branch1][C][=Ring2][Ring1][Ring2][Ring1][=Branch2],-0.0049,1,train
[C][C][=Branch1][C][=O][N][C][=C][C][=C][Branch1][C][O][C][=C][Ring1][#Branch1],-1.0536,1,train
[N][#C][C][=C][Branch1][C][F][C][Branch1][C][F][=C][Branch1][Ring1][C][#N][C][O][C][=C][C][O][C][=C][Branch1][Ring1][C][#N][C][Branch1][C][F][=C][Branch1][C][F][C][Branch1][Ring1][C][#N][=C][Ring1][N][O][C][=Ring1][S][C][=C][Ring2][Ring1][Ring2][O][C][Ring2][Ring1][S][=Ring2][Ring1][Branch2],2.9261,1,train
[C][C][Branch1][C][C][C][C][=Branch1][C][=O][C][=C][Branch1][Ring2][C][Ring1][Branch2][O][C][=C][C][=C][C][=C][C][Branch1][C][O][=C][C][Ring1][#Branch1][=C][Ring1][O][C][Ring1][S][C][=C][C][=C][C][=N][Ring1][=Branch1],0.6691,1,train
[F][C][=C][C][Branch1][C][F][=C][Branch1][C][F][C][Branch2][Ring2][=Branch1][C][=N][C][=N][C][Branch2][Ring1][#Branch2][C][=C][Branch1][C][F][C][=C][Branch1][C][F][C][Branch1][=Branch2][C][=C][C][=C][C][=C][Ring1][=Branch1][=C][Ring1][=C][F][=N][Ring2][Ring1][Branch1][=C][Ring2][Ring1][=N][F],1.8405,1,train
[N][C][C][C][=C][NH1][C][=C][C][=C][Branch1][C][O][C][=C][Ring1][#Branch2][Ring1][#Branch1],-1.2262,1,train
[O][=C][NH1][C][=C][C][=C][C][=C][Ring1][=Branch1][NH1][Ring1][=Branch2],-1.1818,1,train
[N][#C][C][=C][Branch1][C][F][C][Branch1][C][F][=C][Branch1][Ring1][C][#N][C][O][C][=C][C][O][C][=C][Branch1][Ring1][C][#N][C][Branch1][C][F][=C][Branch1][C][F][C][Branch1][Ring1][C][#N][=C][Ring1][N][O][C][=Ring1][S][C][=C][Ring2][Ring1][Ring2][O][C][Ring2][Ring1][S][=Ring2][Ring1][Branch2],2.9261,1,train
[C][C][=C][C][Branch1][C][C][=C][C][Branch1][C][C][=C][Ring1][Branch2],-2.0033,1,train
[C][C][O][C][=Branch1][C][=O][C][C][C][Branch2][Ring1][#Branch1][C][=C][Branch1][Ring1][C][#N][C][Branch1][C][C][=N][N][Ring1][Branch2][C][=C][C][=C][C][=C][Ring1][=Branch1][=C][N][Ring2][Ring1][Ring1][C][=C][C][=C][Branch1][C][Br][C][=C][Ring1][#Branch1],0.8919,1,train
[N][#C][C][=C][Branch1][C][F][C][Branch1][C][F][=C][Branch1][Ring1][C][#N][C][O][C][=C][C][O][C][=C][Branch1][Ring1][C][#N][C][Branch1][C][F][=C][Branch1][C][F][C][Branch1][Ring1][C][#N][=C][Ring1][N][O][C][=Ring1][S][C][=C][Ring2][Ring1][Ring2][O][C][Ring2][Ring1][S][=Ring2][Ring1][Branch2],2.9261,1,train
[N][#C][C][=C][C][Branch2][Ring1][Branch1][C][#C][C][=C][Branch1][C][F][C][Branch1][C][F][=N][C][Branch1][C][F][=C][Ring1][=Branch2][F][=C][Branch2][Ring1][Branch1][C][#C][C][=C][Branch1][C][F][C][Branch1][C][F][=N][C][Branch1][C][F][=C][Ring1][=Branch2][F][C][=C][Ring2][Ring1][=C][C][#N],3.1597,1,train
[N][#C][C][=C][C][=C][Branch1][C][N][C][=C][Ring1][#Branch1],-0.7114,1,train
[N][#C][C][=C][Branch1][Ring1][C][#N][C][Branch1][Ring1][C][#N][=C][Branch2][Ring1][P][C][C][=C][Branch1][P][C][C][C][=C][C][=C][C][=C][C][=C][Ring1][=Branch1][C][Ring1][=Branch2][=O][C][=N][S][N][=C][Ring1][Branch1][C][=Ring2][Ring1][Branch1][C][Branch1][Ring1][C][#N][=C][Ring2][Ring1][P][C][#N],2.9483,1,train
[C][C][=C][C][=Branch1][C][=O][C][=C][C][=C][Branch1][C][N][C][=C][Ring1][#Branch1][O][Ring1][N],-0.156,1,train
[C][#C][C][=C][C][=C][Branch1][C][F][C][Branch1][Ring1][C][=O][=C][Ring1][=Branch2],0.6301,1,train
[N][#C][C][=C][Branch1][C][F][C][Branch1][C][F][=C][Branch1][Ring1][C][#N][C][O][C][=C][C][O][C][=C][Branch1][Ring1][C][#N][C][Branch1][C][F][=C][Branch1][C][F][C][Branch1][Ring1][C][#N][=C][Ring1][N][O][C][=Ring1][S][C][=C][Ring2][Ring1][Ring2][O][C][Ring2][Ring1][S][=Ring2][Ring1][Branch2],2.9261,1,train
[O][=C][C][=C][Branch1][=C][N][C][=C][C][=C][Branch1][C][F][C][=C][Ring1][#Branch1][F][C][=Branch1][C][=O][C][=C][C][=C][C][=C][Ring1][=Branch1][Ring2][Ring1][Ring2],2.0068,1,train
[O][=C][C][Branch2][Ring2][#Branch1][N][Branch1][S][C][=C][Branch1][C][F][C][=C][Branch1][C][F][C][=C][Ring1][Branch2][F][C][=C][C][=Branch1][O][=C][C][=N][S][N][=C][Ring1][=Branch2][Ring1][Branch1][N][=S][=N][Ring1][O][=C][C][=C][C][=C][C][=C][Ring1][=Branch1][Ring2][Ring1][#C],2.8181,1,train
[C][C][O][C][=Branch1][C][=O][C][S][C][Branch1][Ring1][S][C][=C][C][=Branch1][C][=O][N][Branch1][C][C][N][=N][C][=Ring1][=N][Ring1][Branch2],1.8861,1,train
[C][C][=C][C][=C][Branch1][C][C][N][Ring1][=Branch1][C][=C][C][=C][C][=C][Ring1][=Branch1],-1.0573,1,train
[C][N][Branch1][C][C][C][=C][C][=C][Branch1][O][C][#C][C][=C][C][=C][C][=C][Ring1][=Branch1][C][=C][Ring1][=C],-0.7723,1,train
[C][=C][C][=C][NH1][C][=C][C][Ring1][Branch1][=C][Ring1][=Branch2],-1.3957,1,train
[O][=C][O][C][=C][C][=C][C][=C][Ring1][=Branch1][C][=C][Ring1][#Branch2][C][=C][C][=C][Branch1][S][C][=C][C][=C][C][=C][C][=C][Ring1][=Branch1][O][C][Ring1][#Branch2][=O][C][=C][Ring1][P],1.5617,1,train
[C][C][=N][C][=C][Branch2][Ring2][O][C][=C][S][C][=C][Ring1][Branch1][C][=C][C][=C][N][=C][Branch2][Ring1][Ring1][N][C][=N][C][=N][C][NH1][C][=N][C][=Ring1][Branch1][N][=C][Ring1][=Branch2][Ring1][N][NH1][C][Ring1][P][=C][Ring2][Ring1][Branch1][S][C][=C][Ring2][Ring1][#C][N][=Ring2][Ring2][Ring1],2.2432,1,train
[C][N][Branch1][C][C][C][=C][C][=C][C][=Branch1][Ring2][=C][Ring1][=Branch1][C][C][=C][C][=C][C][=C][Ring1][=Branch1][Ring1][#Branch2],-0.8533,1,train
[C][C][C][C][C][C][N][Branch1][#Branch1][C][C][C][C][C][C][C][=C][C][=C][Branch2][Ring1][=N][C][#C][C][=C][C][=C][Branch1][S][N][Branch1][#Branch1][C][C][C][C][C][C][C][C][C][C][C][C][C][=C][Ring2][Ring1][Ring1][C][=C][Ring2][Ring1][O],-1.1187,1,train
[C][C][=C][C][=C][C][Branch1][C][C][=C][Ring1][#Branch1],-1.9837,1,train
[C][C][=C][C][=C][C][=C][Ring1][=Branch1],-1.9627,1,train
[C][O][C][=C][C][Branch1][Ring1][O][C][=C][C][=C][Branch1][Branch2][NH1][C][Ring1][Branch1][=C][Ring1][O][C][=Branch1][C][=O][C][C][C][Ring1][#Branch2],0.2789,1,train
[N][C][=C][C][=N][C][=C][Ring1][=Branch1],-1.6927,1,train
[O][=C][C][=Branch2][Ring2][O][=C][C][=C][C][=C][C][C][=C][O][C][=Ring1][Branch1][C][=C][Ring1][=Branch2][N][Ring1][N][C][=C][C][=N][C][Branch1][=C][C][S][C][=C][N][=C][C][=N][C][=Ring1][=Branch2][Ring1][=Branch1][=N][Ring1][#C][C][=Branch1][C][=O][C][=C][C][=C][C][=C][Ring1][=Branch1][Ring2][Ring2][=Branch1],2.1098,1,train
[C][=C][C][=C][C][=C][C][=C][Branch2][Ring2][Ring1][C][C][=C][O][C][=Ring1][Branch1][C][=N][C][=C][N][Ring1][Branch1][C][=C][C][=Branch1][O][=C][C][=N][S][N][=C][Ring1][=Branch2][Ring1][Branch1][N][=S][=N][Ring1][O][C][=C][C][Ring2][Ring1][N][=C][C][Ring2][Ring1][S][=C][Ring2][Ring2][Ring2],2.783,1,train
[C][C][O][C][=Branch1][C][=O][C][C][=C][C][Branch1][C][Cl][=C][C][=C][Ring1][#Branch1][C][=Branch1][C][=O][N][Ring1][O][C][=C][C][=C][Branch1][Ring1][O][C][C][Branch1][Ring1][O][C][=C][Ring1][#Branch2],0.6416,1,train
[C][=C][C][=C][C][=C][C][=C][C][=C][C][=C][C][=Branch1][Ring2][=C][Ring1][=C][C][Ring1][=N][=C][Ring1][O][Ring1][#Branch1],0.561,1,train
[N][#C][C][=C][C][Branch1][Ring1][C][#N][=C][Branch2][Ring2][Branch2][C][=C][N][=C][Branch2][Ring1][=Branch1][C][=C][C][=C][C][=Branch1][Ring2][=C][Ring1][=Branch1][C][C][C][N][Ring1][#Branch1][C][C][C][Ring1][O][C][=N][C][=C][N][=C][Ring2][Ring1][#Branch1][Ring1][=Branch1][C][Branch1][Ring1][C][#N][=C][Ring2][Ring1][P][C][#N],2.4257,1,train
[O][=C][C][=C][C][=C][C][=C][Ring1][=Branch1][C][=C][N][=C][C][=C][Ring1][=Branch1][Ring1][=N],1.3794,1,train
[O][=C][C][=C][Branch1][C][O][C][Branch1][=C][C][=N][C][=C][C][=C][C][=C][Ring1][=Branch1][S][Ring1][=Branch2][=C][C][=C][C][=C][C][=C][Ring2][Ring1][Ring2][Ring1][=Branch1],1.5701,1,train
[N][C][=C][C][=C][Branch1][N][C][=C][C][=C][Branch1][C][N][C][=C][Ring1][#Branch1][C][=C][Ring1][=N],-1.2263,1,train
[O][=C][C][=C][Branch1][C][O][C][Branch1][=C][C][=N][C][=C][C][=C][C][=C][Ring1][=Branch1][S][Ring1][=Branch2][=C][C][=C][C][=C][C][=C][Ring2][Ring1][Ring2][Ring1][=Branch1],1.5767,1,train
[C][O][C][=C][C][=C][C][=C][Branch1][Ring1][C][#N][C][=C][C][=C][C][=C][C][=C][C][Ring1][=Branch1][=C][Ring1][#Branch2][C][Ring1][S][=C][Ring2][Ring1][Ring2],0.919,1,train
[C][C][N][Branch1][Ring1][C][C][C][=C][C][=C][Branch1][Branch2][N][C][=C][C][=C][Ring1][Branch1][C][=C][Ring1][O],-1.2775,1,train
[C][C][N][C][=Branch1][C][=O][C][Branch2][Ring2][Ring2][C][C][=Branch1][C][=O][C][=C][C][=C][C][=C][C][Ring1][=Branch1][=C][C][=C][C][=C][C][=C][C][=C][Ring1][=Branch1][C][Ring2][Ring1][Ring2][=C][Ring2][Ring1][C][Ring1][#Branch2][S][C][Ring2][Ring1][O][=S],2.1711,1,train
[N][C][=C][C][=C][C][=Branch1][Ring2][=C][Ring1][=Branch1][C][=Branch1][C][=O][N][C][Ring1][#Branch1][=O],0.7992,1,train
[C][C][O][C][=Branch1][C][=O][C][S][C][Branch1][Ring1][S][C][=C][C][=Branch1][C][=O][NH1][N][=N][C][=Ring1][N][Ring1][#Branch1],1.9643,1,train
[C][N][Branch1][C][C][C][=C][C][=C][Branch1][Ring1][C][#N][C][=C][Ring1][Branch2],-0.8163,1,train
[C][=C][C][=C][NH1][C][=C][C][Ring1][Branch1][=C][Ring1][=Branch2],-1.3957,1,train
[N][#C][C][=C][Branch1][Branch2][C][=C][C][=C][S][Ring1][Branch1][C][=C][Branch2][Ring1][=Branch1][C][=C][C][=C][C][=Branch1][Ring2][=C][Ring1][=Branch1][C][C][=C][C][=C][C][=C][Ring1][=Branch1][Ring1][#Branch2][NH1][C][Ring2][Ring1][Branch2][=O],1.3251,1,train
[O][=C][NH1][C][=C][C][=C][C][=C][Ring1][=Branch1][NH1][Ring1][=Branch2],-1.1818,1,train
[C][C][=C][C][=C][C][=C][Ring1][=Branch1][C],-1.9817,1,train
[N][#C][C][=C][C][Branch1][Ring1][C][#N][=C][C][Branch2][Ring2][#C][C][=C][C][=C][C][=C][C][=C][C][Branch1][Branch2][C][=C][C][=C][S][Ring1][Branch1][=C][Branch1][=Branch2][C][Branch1][C][F][Branch1][C][F][F][C][=C][C][=C][Ring2][Ring1][#Branch1][C][Ring2][Ring1][Branch1][=C][Ring2][Ring1][Ring1][Ring1][=Branch1][=C][Ring2][Ring1][P],2.0052,1,train
[C][=N][C][Branch2][Ring2][#C][C][=C][C][=C][Branch1][Branch2][C][=C][N][=C][NH1][Ring1][Branch1][C][=N][C][=C][Branch2][Ring1][Ring1][C][=C][C][=C][C][S][C][=C][C][=Ring1][Branch1][C][=C][Ring1][=Branch2][S][Ring1][N][N][=C][Ring2][Ring1][O][Ring2][Ring1][C][=C][NH1][Ring2][Ring1][S],1.6948,1,train
[N][#C][C][=C][Branch1][C][F][C][Branch1][C][F][=C][Branch1][Ring1][C][#N][C][O][C][=C][C][O][C][=C][Branch1][Ring1][C][#N][C][Branch1][C][F][=C][Branch1][C][F][C][Branch1][Ring1][C][#N][=C][Ring1][N][O][C][=Ring1][S][C][=C][Ring2][Ring1][Ring2][O][C][Ring2][Ring1][S][=Ring2][Ring1][Branch2],2.9261,1,train
[C][O][C][=N][C][Branch2][Ring1][S][N][C][=C][C][=C][C][=C][Branch1][=Branch2][C][=C][C][=C][Ring1][#Branch2][Ring1][=Branch1][C][=Branch1][C][=O][C][=C][C][=C][C][=C][Ring1][=Branch1][Ring1][#C][=N][C][Branch1][Ring1][O][C][=N][Ring2][Ring1][O],1.6518,1,train
[O][=C][Branch1][C][O][C][O][C][=C][C][=C][NH1][C][=C][Branch1][#Branch1][C][Ring1][Branch1][=C][Ring1][=Branch2][C][C][C][C][Ring1][Branch2][=O],0.623,1,train
[C][C][=Branch1][C][=O][C][=C][C][=Branch2][Ring1][Ring1][=C][C][=C][C][Branch1][=Branch1][N][Branch1][C][C][C][=C][C][=C][Ring1][=N][Ring1][=Branch2][C][C][C][Ring1][#C],-0.015,1,train
[N][#C][C][=C][Branch1][C][F][C][Branch1][C][F][=C][Branch1][Ring1][C][#N][C][O][C][=C][C][O][C][=C][Branch1][Ring1][C][#N][C][Branch1][C][F][=C][Branch1][C][F][C][Branch1][Ring1][C][#N][=C][Ring1][N][O][C][=Ring1][S][C][=C][Ring2][Ring1][Ring2][O][C][Ring2][Ring1][S][=Ring2][Ring1][Branch2],2.9261,1,train
[C][C][Branch1][C][C][=C][C][N][C][=Branch1][C][=O][C][=C][C][=C][C][=C][Ring1][=Branch1][C][=Branch1][=C][=C][C][O][C][Branch1][C][C][=N][C][=Ring1][=Branch1][Ring1][#Branch2][C][Ring2][Ring1][C][=O],1.5351,1,train
[N][#C][C][=C][Branch1][Ring1][C][#N][C][Branch1][Ring1][C][#N][=C][Branch2][Ring2][Ring1][C][=C][C][=C][C][Branch2][Ring1][#Branch1][C][S][C][Branch1][Branch2][C][=C][N][=C][NH1][Ring1][Branch1][=C][N][=C][C][=N][C][=Ring1][=C][Ring1][=Branch1][=C][Ring2][Ring1][Ring2][C][Branch1][Ring1][C][#N][=C][Ring2][Ring1][S][C][#N],3.1269,1,train
[C][C][N][C][=C][C][Branch1][Branch2][C][=C][C][=C][S][Ring1][Branch1][=C][C][=C][Ring1][O][C][=C][C][=C][Branch1][Branch2][C][=C][C][=C][S][Ring1][Branch1][C][=C][Ring1][O][Ring2][Ring1][#Branch1],0.6009,1,train
[C][=C][C][Branch1][Branch2][N][C][C][C][C][Ring1][Branch1][=C][C][=N][Ring1][O],-1.909,1,train
[C][=C][C][Branch1][Branch2][N][C][C][C][C][Ring1][Branch1][=C][C][=N][Ring1][O],-1.909,1,train
[N][S][=Branch1][C][=O][=Branch1][C][=O][C][=C][C][=C][Branch2][Ring1][=N][N][N][=C][Branch1][N][C][=C][C][=C][Branch1][C][O][C][=C][Ring1][#Branch1][C][C][Ring1][N][C][=C][C][=C][C][=C][Ring1][=Branch1][C][=C][Ring2][Ring1][Branch2],0.6358,1,train
[N][C][=C][C][=C][C][=Branch1][Ring2][=C][Ring1][=Branch1][C][C][=C][C][=C][C][=C][Ring1][=Branch1][Ring1][#Branch2],-0.7825,1,train
[N][#C][C][=C][Branch1][Ring1][C][#N][C][Branch1][Ring1][C][#N][=C][Branch2][Ring1][P][C][=C][Branch2][Ring1][Ring2][C][=C][C][=C][Branch1][#Branch2][N][C][=C][C][=C][C][=C][Ring1][=Branch1][C][=C][Ring1][=N][C][=N][C][=N][C][=N][Ring1][=Branch1][C][Branch1][Ring1][C][#N][=C][Ring2][Ring1][P][C][#N],2.8811,1,train
[C][=C][C][=C][C][=C][Branch1][Ring1][O][C][C][=C][Ring1][Branch2],-1.1037,1,train
[C][=C][O][C][Branch1][=C][C][=N][C][=C][C][=C][C][=C][Ring1][=Branch1][NH1][Ring1][=Branch2][=C][Ring1][=C],0.049,1,train
[C][C][=Branch1][C][=O][C][=C][C][=Branch2][Ring1][Ring1][=C][C][=C][Branch1][=Branch1][N][Branch1][C][C][C][C][=C][C][=C][Ring1][=N][Ring1][=Branch2][C][C][C][Ring1][#C],0.1026,1,train
[C][=C][C][Branch1][Branch2][N][C][C][C][C][Ring1][Branch1][=C][C][=N][Ring1][O],-1.909,1,train
[N][#C][C][=C][Branch1][Ring1][C][#N][C][=C][C][Branch1][C][Cl][=C][Branch1][C][Cl][C][=C][Ring1][Branch2][C][=C][C][Branch1][C][Cl][=C][Branch1][C][Cl][C][=C][Ring2][Ring1][Ring2][Ring1][Branch2],2.4256,1,train
[O][=C][NH1][C][=C][C][=C][C][=C][Ring1][=Branch1][NH1][Ring1][=Branch2],-1.1818,1,train
[Cl][C][=N][C][Branch1][C][Cl][=N][C][Branch2][Ring1][#Branch2][N][C][=C][C][=C][C][=C][C][=C][C][=C][C][=C][C][=C][Ring1][=C][C][Ring1][N][=C][Ring1][#Branch2][Ring1][=Branch1][=N][Ring2][Ring1][Branch2],1.5809,1,train
[N][#C][C][=C][Branch1][C][F][C][Branch1][C][F][=C][Branch1][Ring1][C][#N][C][O][C][=C][C][O][C][=C][Branch1][Ring1][C][#N][C][Branch1][C][F][=C][Branch1][C][F][C][Branch1][Ring1][C][#N][=C][Ring1][N][O][C][=Ring1][S][C][=C][Ring2][Ring1][Ring2][O][C][Ring2][Ring1][S][=Ring2][Ring1][Branch2],2.9261,1,train
[N][#C][C][=C][Branch1][C][F][C][Branch1][C][F][=C][Branch1][Ring1][C][#N][C][O][C][=C][C][O][C][=C][Branch1][Ring1][C][#N][C][Branch1][C][F][=C][Branch1][C][F][C][Branch1][Ring1][C][#N][=C][Ring1][N][O][C][=Ring1][S][C][=C][Ring2][Ring1][Ring2][O][C][Ring2][Ring1][S][=Ring2][Ring1][Branch2],2.9261,1,train
[N][#C][C][=C][Branch1][C][F][C][Branch1][C][F][=C][Branch1][Ring1][C][#N][C][O][C][=C][C][O][C][=C][Branch1][Ring1][C][#N][C][Branch1][C][F][=C][Branch1][C][F][C][Branch1][Ring1][C][#N][=C][Ring1][N][O][C][=Ring1][S][C][=C][Ring2][Ring1][Ring2][O][C][Ring2][Ring1][S][=Ring2][Ring1][Branch2],2.9261,1,train
[C][N][Branch1][C][C][C][C][C][N][C][=C][C][=C][C][=C][Ring1][=Branch1][C][C][C][=C][C][=C][Branch1][C][Cl][C][=C][Ring1][#Branch1][Ring1][S],-0.7418,1,train
[C][=C][C][=C][C][Branch2][Ring2][#Branch1][C][C][=C][NH1][C][=Ring1][Branch1][C][=C][C][=Branch2][Ring1][Branch1][=C][Branch1][=Branch2][C][=C][N][=C][C][=N][Ring1][=Branch1][C][=N][S][N][=C][Ring1][#C][Ring1][Branch1][N][=S][=N][Ring1][P][=C][NH1][C][Ring2][Ring1][N][=C][Ring2][Ring1][S],2.506,1,train
[C][C][=C][C][=C][C][=C][C][=C][Ring1][=Branch1][C][=C][Ring1][#Branch2][C][=C][C][=C][C][=C][Ring1][=Branch1][N][Ring1][=Branch2][C][=C][C][=C][Branch2][Ring1][Ring2][N][Branch1][=Branch2][C][=C][C][=C][C][=C][Ring1][=Branch1][C][=C][C][=C][C][=C][Ring1][=Branch1][C][=C][Ring2][Ring1][Ring1],0.4347,1,train
[N][#C][C][=C][C][=C][Branch1][C][N][C][=C][Ring1][#Branch1],-0.7114,1,train
[C][O][C][=C][C][=C][C][=C][Branch1][Ring1][O][C][C][=C][C][=C][C][=C][Ring1][=Branch1][C][Branch1][Ring1][O][C][=C][Ring1][=C][N][Branch1][C][C][C][Ring2][Ring1][C][=C][Ring2][Ring1][=Branch1],0.2844,1,train
[N][#C][C][=C][C][=C][Branch1][C][N][C][=C][Ring1][#Branch1][C][#N],0.4214,1,train
[C][=C][Branch1][=Branch2][C][=C][C][=C][C][=N][Ring1][=Branch1][C][=N][C][=C][C][S][C][Branch1][=Branch2][S][Branch1][C][C][=Branch1][C][=O][=O][=N][C][=Ring1][=Branch2][C][=C][Ring1][=N][S][Ring1][S],1.6378,1,train
[O][=C][Branch1][=Branch2][O][C][C][=C][O][C][=Ring1][Branch1][C][=C][C][=C][Branch2][Ring2][Branch1][C][=Branch1][C][=O][O][C][=C][C][=C][C][=C][C][Branch1][#C][C][=C][N][=C][C][=C][C][=C][C][Ring1][=Branch1][=N][Ring1][#Branch2][=N][C][Ring1][S][=N][Ring2][Ring1][Ring2][C][=C][Ring2][Ring1][=N],2.3008,1,train
[F][C][=N][C][Branch1][C][F][=C][Branch1][C][F][C][Branch2][Ring1][#C][C][#C][C][=N][C][=C][N][=C][Ring1][=Branch1][C][#C][C][=C][Branch1][C][F][C][Branch1][C][F][=N][C][Branch1][C][F][=C][Ring1][=Branch2][F][=C][Ring2][Ring1][N][F],2.773,1,train
[O][=C][C][Branch1][C][Br][=C][Branch1][#Branch2][C][#C][C][=C][C][=C][NH1][Ring1][Branch1][C][=C][C][=C][C][=C][Ring1][=Branch1][Ring1][P],1.7654,1,train
[N][#C][C][=C][C][=C][Branch1][C][N][C][=C][Ring1][#Branch1],-0.7114,1,train
[C][C][N][Branch1][Ring1][C][C][C][=C][C][=C][Branch1][N][N][C][Branch1][C][C][=C][C][=C][Ring1][=Branch1][C][C][=C][Ring1][=N],-1.4379,1,train
[C][C][O][C][=Branch1][C][=O][C][=C][C][=C][Branch2][Ring2][Ring1][C][C][C][Branch1][#C][C][=C][C][=C][C][=C][C][=C][C][=C][Ring1][#Branch2][Ring1][=Branch1][=N][N][Ring1][#C][C][=C][C][=C][Branch1][C][Cl][C][=C][Ring1][#Branch1][C][=C][Ring2][Ring1][N],1.144,1,train
[N][#C][C][=N][C][=C][Branch2][Ring2][Ring2][C][=C][C][=C][C][=C][C][Ring1][=Branch1][=C][Branch1][=N][C][=C][N][=C][Branch1][Ring1][C][#N][N][=C][Ring1][Branch2][C][=C][C][=C][C][=C][Ring2][Ring1][=Branch1][Ring1][=Branch1][C][=N][Ring2][Ring1][N],2.1724,1,train
[C][O][C][=C][C][=C][Branch2][Ring1][=C][N][N][=C][Branch1][N][C][=Branch1][C][=O][N][C][C][C][C][Ring1][Branch1][C][Branch1][Branch2][N][C][C][C][C][Ring1][Branch1][=N][Ring1][P][C][=C][Ring2][Ring1][#Branch1],-0.0661,1,train
[O][=C][N][C][=Branch1][C][=O][C][C][Ring1][=Branch1][=C][C][C][=C][C][=C][C][=Ring1][=Branch1][NH1][C][Ring1][=Branch2][=C][NH1][C][=C][C][=C][C][=C][Ring1][=Branch1][C][=Ring2][Ring1][Ring2][Ring1][=Branch2],1.127,1,train
[C][O][C][=C][C][=C][C][=Branch1][C][=O][C][=C][Branch1][Branch2][NH1][C][Ring1][#Branch1][=C][Ring1][O][C][=C][C][=C][C][=C][Ring1][=Branch1][N][C][Ring1][=N][Branch1][C][C][C],0.3629,1,train
[Br][C][=N][C][=C][C][Branch2][Ring2][=C][C][S][C][Branch2][Ring1][=N][C][=C][C][=C][Branch2][Ring1][C][C][=N][N][=C][Branch1][=Branch2][C][=C][C][=C][C][=C][Ring1][=Branch1][O][Ring1][O][C][=C][Ring1][P][=C][N][=C][C][=N][C][=Ring2][Ring1][#Branch2][Ring1][=Branch1][=N][Ring2][Ring1][S],2.6416,1,train
[O][=S][=Branch1][C][=O][C][=C][C][=C][C][=C][Ring1][=Branch1][O][C][=C][C][=C][Branch2][Ring1][=Branch1][C][=N][C][=C][C][Branch1][N][C][=C][C][=C][Branch1][C][Br][N][=C][Ring1][#Branch1][=N][Ring1][=N][C][=C][Ring2][Ring1][Ring1][Ring2][Ring1][N],1.651,1,train
[N][#C][C][=C][Branch1][C][F][C][Branch1][C][F][=C][Branch1][Ring1][C][#N][C][O][C][=C][C][O][C][=C][Branch1][Ring1][C][#N][C][Branch1][C][F][=C][Branch1][C][F][C][Branch1][Ring1][C][#N][=C][Ring1][N][O][C][=Ring1][S][C][=C][Ring2][Ring1][Ring2][O][C][Ring2][Ring1][S][=Ring2][Ring1][Branch2],2.9261,1,train
[C][C][Branch1][C][C][Branch1][C][C][C][=C][C][=C][S][C][Branch2][Ring2][C][C][=C][C][Branch2][Ring1][#Branch1][C][=C][Branch1][Ring1][C][#N][C][Branch1][Ring1][C][#N][=C][C][Branch1][Ring1][C][#N][=C][Ring1][N][C][#N][=C][O][Ring2][Ring1][Ring1][=N][C][Ring2][Ring1][Branch2][=C][Ring2][Ring1][N],2.5184,1,train
[N][#C][C][=N][C][=C][Branch2][Ring2][Ring2][C][=C][C][=C][C][=C][C][Ring1][=Branch1][=C][Branch1][=N][C][=C][N][=C][Branch1][Ring1][C][#N][N][=C][Ring1][Branch2][C][=C][C][=C][C][=C][Ring2][Ring1][=Branch1][Ring1][=Branch1][C][=N][Ring2][Ring1][N],2.1724,1,train
[O][C][=C][C][=C][C][=C][Ring1][=Branch1][C][=N][C][Branch1][=Branch2][C][=C][C][=C][C][=C][Ring1][=Branch1][=C][C][=C][C][=C][N][Ring1][#C][Ring1][=Branch1],-0.024,1,train
[N][#C][C][=C][C][=C][C][C][=C][NH1][C][Ring1][=Branch2][=Ring1][Branch1],-0.0971,1,train
[O][=C][NH1][C][=C][C][=C][C][=C][Ring1][=Branch1][NH1][Ring1][=Branch2],-1.1818,1,train
[C][C][=C][C][=C][C][Branch1][C][C][=C][Ring1][#Branch1],-1.9837,1,train
[C][=C][C][=C][C][=C][Branch1][Ring1][O][C][C][=C][Ring1][Branch2],-1.1005,1,train
[N][#C][C][=C][C][Branch1][Ring1][C][#N][=C][Branch2][Ring1][#C][C][C][Branch1][=Branch2][C][=C][C][=C][C][=C][Ring1][=Branch1][=C][NH1][C][=Ring1][O][C][=N][C][=C][N][C][=C][N][=C][Ring1][=Branch2][Ring1][Branch1][C][Branch1][Ring1][C][#N][=C][Ring2][Ring1][=C],1.4529,1,train
[C][N][Branch1][C][C][C][=C][C][=C][Branch1][P][C][=Branch1][C][=O][N][C][=C][C][=C][Branch1][C][F][C][=C][Ring1][#Branch1][C][=C][Ring1][S],-0.1292,1,train
[C][C][=C][C][=C][Branch1][C][O][C][=C][Ring1][#Branch1],-1.9375,1,train
[C][O][C][=C][O][C][=C][C][Branch1][S][C][=C][C][=C][Branch1][=Branch1][N][Branch1][C][C][C][C][=C][Ring1][=Branch2][=C][C][=C][Ring1][#C][C][Ring2][Ring1][Ring1][=O],0.3576,1,train
[C][=C][C][=C][O][C][=C][Ring1][Branch1][C][=C][C][=C][NH1][C][=N][C][=C][Branch1][=C][N][C][=N][C][=C][C][=C][C][=C][Ring1][=Branch1][Ring1][=Branch2][C][=C][Ring1][#C][C][Ring2][Ring1][C][=C][Ring2][Ring1][=Branch1],0.7145,1,train
[C][=C][C][Branch1][Branch2][N][C][C][C][C][Ring1][Branch1][=C][C][=N][Ring1][O],-1.909,1,train
[N][#C][C][=C][Branch1][C][F][C][Branch1][C][F][=C][Branch1][Ring1][C][#N][C][O][C][=C][C][O][C][=C][Branch1][Ring1][C][#N][C][Branch1][C][F][=C][Branch1][C][F][C][Branch1][Ring1][C][#N][=C][Ring1][N][O][C][=Ring1][S][C][=C][Ring2][Ring1][Ring2][O][C][Ring2][Ring1][S][=Ring2][Ring1][Branch2],2.9261,1,train
[N][#C][C][=C][C][=C][C][=C][Ring1][=Branch1][N],-0.5363,1,train
[C][=C][C][=C][C][=C][C][=C][C][=C][C][Branch2][Ring1][O][C][=C][C][Branch1][Branch2][C][=N][C][=C][S][Ring1][Branch1][=N][C][Branch1][Branch2][C][=N][C][=C][S][Ring1][Branch1][=C][Ring1][S][=C][C][=Branch1][Branch1][=C][Ring2][Ring1][=C][C][Ring2][Ring1][=N][=C][Ring2][Ring1][O][Ring2][Ring1][#Branch1],1.4437,1,train
[C][C][=C][C][Branch1][C][C][=C][C][Branch1][C][C][=C][Ring1][Branch2],-2.0033,1,train
[C][C][=Branch1][C][=O][C][C][=C][N][C][=C][Branch2][Ring1][C][C][Branch1][=Branch2][C][=C][C][=C][C][=C][Ring1][=Branch1][=C][Ring1][O][C][=Ring1][#C][C][N][Branch2][Ring1][C][C][C][C][N][C][=Branch1][C][=O][O][C][Branch1][C][C][Branch1][C][C][C][C][Ring2][Ring1][=Branch2][=O],0.9113,1,train
[C][=C][C][=C][C][=C][C][=C][Ring1][=Branch1][C][C][=C][C][=C][C][=C][Ring1][=Branch1][Ring1][#C],-0.2129,1,train
[C][C][=C][C][=C][C][=C][Ring1][=Branch1][C],-1.9817,1,train
[C][C][Branch1][C][C][Branch1][C][C][C][=C][C][Branch2][Ring1][Ring1][C][=N][C][=C][C][O][C][=N][C][=Ring1][Branch1][C][=C][Ring1][=Branch2][O][Ring1][N][=C][C][=C][Ring2][Ring1][C][C][=C][C][=C][S][C][=C][C][=C][C][=C][Ring1][=Branch1][C][Ring1][=Branch2][=C][Ring1][=N],1.2964,1,train
[O][=C][C][=C][C][=C][C][=C][Ring1][=Branch1][C][=C][C][=C][Branch2][Ring2][Branch1][C][=C][C][=C][N][=C][N][=C][Ring1][=Branch1][C][=C][Ring1][#Branch2][C][=N][C][=C][Branch1][=C][C][=N][C][=C][C][=C][C][=C][Ring1][=Branch1][S][Ring1][=Branch2][S][Ring1][=C][C][=C][Ring2][Ring1][=C][Ring2][Ring2][Branch1],2.1863,1,train
[N][#C][C][=C][C][Branch1][Ring1][C][#N][=C][Branch2][Ring1][P][C][=N][C][=N][C][Branch2][Ring1][Branch1][C][=C][C][=C][N][=C][C][=C][C][=C][C][Ring1][=Branch1][=N][C][Ring1][#Branch2][=C][Ring1][=C][=N][Ring2][Ring1][Ring2][C][Branch1][Ring1][C][#N][=C][Ring2][Ring1][=C][C][=C][C][=C][C][=C][Ring1][=Branch1],2.6052,1,train
[O][=C][C][=C][Branch2][Ring2][=Branch2][C][S][C][Branch2][Ring1][Branch2][C][=C][C][=C][NH1][C][Branch1][=Branch2][C][=C][C][=C][C][=C][Ring1][=Branch1][=C][C][Ring1][O][=C][Ring1][#C][=C][N][=C][C][=N][C][=Ring2][Ring1][Branch2][Ring1][=Branch1][C][=C][C][=C][C][=C][Ring1][=Branch1][Ring2][Ring1][P],2.1949,1,train
[C][C][=C][C][=C][C][Branch1][Branch2][C][C][=Branch1][C][=O][N][N][=C][O][C][Ring1][#Branch2][=C][Ring1][=C],-0.4553,1,train
[O][=C][Branch1][C][O][C][=C][C][=C][Branch2][Ring2][=N][C][=Branch1][C][=O][O][C][=C][N][=C][Branch2][Ring1][=N][C][=Branch1][C][=O][C][=C][C][=C][C][=Branch1][Ring2][=C][Ring1][=Branch1][C][=Branch1][C][=O][C][=C][C][=C][C][=C][Ring1][=Branch1][Ring1][O][S][Ring2][Ring1][Branch1][C][=C][Ring2][Ring1][=C],2.5406,1,train
[Cl][C][Branch1][C][Cl][=C][C][=C][C][=C][C][=C][Ring1][=Branch1][C][Branch2][Ring1][S][C][Branch1][C][Cl][C][=C][C][=C][C][=C][Ring1][=Branch1][C][=Branch1][=Branch1][=C][Branch1][C][Cl][Cl][C][=C][C][=C][C][=C][Ring1][=Branch1][Ring2][Ring1][C][C][=C][C][=C][C][=C][Ring1][=Branch1][Ring2][Ring1][S],1.1038,1,train
[O][=C][NH1][C][=C][C][=C][C][=C][Ring1][=Branch1][NH1][Ring1][=Branch2],-1.1818,1,train
[C][C][=C][C][=C][Branch1][C][O][C][Branch1][P][C][=N][C][Branch1][C][C][=C][N][Ring1][=Branch1][C][C][C][C][Ring1][=Branch1][=C][Ring1][P],-0.8301,1,train
[N][#C][C][=C][N][=C][S][C][=N][C][=C][Branch2][Ring2][Ring2][C][=C][C][=C][C][=C][Ring1][=Branch1][C][=Branch1][C][=O][N][Branch1][P][N][C][=C][C][=Branch1][C][=O][N][C][=C][Ring1][=Branch1][C][Ring1][=Branch2][=O][C][Ring1][S][=O][C][=C][Ring2][Ring1][O][C][Ring2][Ring1][=C][=C][Ring2][Ring2][C],2.5082,1,train
[C][C][Branch1][C][C][O][C][C][=C][S][C][=Ring1][Branch1][C][S][C][Branch2][Ring2][=Branch1][C][=N][C][Branch1][#C][C][=C][N][=C][C][=C][C][=C][C][Ring1][=Branch1][=N][Ring1][#Branch2][=C][N][Ring1][#C][C][=C][C][=C][C][=C][C][=C][Ring1][=Branch1][C][Ring1][=Branch2][=O][=C][C][=Ring2][Ring1][=C][Ring2][Ring2][=Branch1],2.2004,1,train
[N][#C][C][=C][Branch1][C][F][C][Branch1][C][F][=C][Branch1][Ring1][C][#N][C][O][C][=C][C][O][C][=C][Branch1][Ring1][C][#N][C][Branch1][C][F][=C][Branch1][C][F][C][Branch1][Ring1][C][#N][=C][Ring1][N][O][C][=Ring1][S][C][=C][Ring2][Ring1][Ring2][O][C][Ring2][Ring1][S][=Ring2][Ring1][Branch2],2.9261,1,train
[C][C][=Branch1][C][=O][C][=C][C][=Branch2][Ring1][Ring1][=C][C][=C][Branch1][=Branch1][N][Branch1][C][C][C][C][=C][C][=C][Ring1][=N][Ring1][=Branch2][C][C][C][Ring1][#C],0.1026,1,train
[C][=C][C][Branch1][Branch2][N][C][C][C][C][Ring1][Branch1][=C][C][=N][Ring1][O],-1.909,1,train
[C][N][Branch1][C][C][C][=C][C][=C][C][=C][Ring1][=Branch1],-2.2302,1,train
[C][=C][C][=C][Branch2][Ring2][C][C][N][=C][Branch1][P][C][=C][C][=C][Branch1][Branch2][C][=C][C][=C][S][Ring1][Branch1][S][Ring1][#Branch2][NH1][C][=Ring1][#C][C][=C][C][=C][C][=C][Ring1][=Branch1][C][=C][Ring2][Ring1][O],0.8207,1,train
[C][C][=C][C][=Branch1][C][=O][NH1][C][=Branch1][C][=O][NH1][Ring1][Branch2],-0.685,1,train
[C][C][N][Branch1][Ring1][C][C][C][=C][C][=C][Branch1][N][N][C][Branch1][C][C][=C][C][=C][Ring1][=Branch1][C][C][=C][Ring1][=N],-1.4394,1,train
[C][O][C][=C][C][NH1][C][=C][Branch1][#C][C][=Ring1][Branch1][C][=C][Ring1][=Branch2][O][C][C][=Branch1][C][=O][O][C][C][C][C][Ring1][=C][=O],0.5363,1,train
[N][C][=C][C][=C][N][=C][Ring1][=Branch1],-1.471,1,train
[N][#C][C][=C][C][=C][C][=C][Ring1][=Branch1][N],-0.5363,1,train
[C][N][C][C][C][N][C][=C][C][=C][C][=C][Ring1][=Branch1][C][C][C][=C][C][=C][C][=C][Ring1][=Branch1][Ring1][#C],-1.0636,1,train
[C][O][C][=C][C][=C][Branch2][Ring1][Branch1][C][=C][C][=C][C][=C][C][Ring1][=Branch1][=C][C][=C][C][=C][C][=C][Ring1][=C][Ring1][=Branch1][C][Branch2][Ring1][Ring2][C][=C][N][=C][S][C][=N][C][=C][C][=C][Ring1][=Branch1][C][Ring1][=Branch2][=C][Ring1][=N][=C][Ring2][Ring1][P],1.3461,1,train
[C][C][=C][C][=Branch1][C][=O][O][C][=C][C][=C][Branch1][#Branch1][C][=C][Ring1][O][Ring1][=Branch1][C][C][C][N][Ring1][Branch2][C][C][C][Ring1][N],0.0507,1,train
[N][#C][C][=C][C][Branch1][Ring1][C][#N][=C][C][Branch2][Ring2][#C][C][=C][C][=C][C][=C][C][Branch2][Ring1][N][C][=N][C][=C][C][N][=C][Branch1][Branch2][C][=C][C][=C][O][Ring1][Branch1][O][C][=Ring1][#Branch2][C][=C][Ring1][=C][O][Ring1][P][=N][C][Ring2][Ring1][#Branch1][=N][Ring2][Ring1][O][=C][Ring2][Ring2][Ring1],2.3466,1,train
[C][C][O][C][C][C][=C][C][=N][C][Ring1][Branch1][=C][C][=C][NH1][C][Branch1][#Branch2][C][=C][Ring1][Branch1][C][C][O][C][C][=C][N][=C][Branch2][Ring1][C][C][=C][C][NH1][C][Ring2][Ring1][#Branch1][=C][C][=Ring1][Branch1][C][C][O][C][C][C][Branch1][=Branch1][C][C][O][C][C][=C][Ring2][Ring1][=Branch1],2.4021,1,train
[C][O][C][=N][C][Branch1][C][Cl][=N][C][Branch2][Ring1][S][N][C][=C][C][=C][C][=C][Branch1][=Branch2][C][=C][C][=C][Ring1][#Branch2][Ring1][=Branch1][C][=Branch1][C][=O][C][=C][C][=C][C][=C][Ring1][=Branch1][Ring1][#C][=N][Ring2][Ring1][#Branch2],1.816,1,train
[C][N][Branch1][C][C][C][=C][C][=C][Branch1][P][C][=Branch1][C][=O][N][C][=C][C][=C][Branch1][C][F][C][=C][Ring1][#Branch1][C][=C][Ring1][S],-0.131,1,train
[C][O][C][=N][C][Branch2][Ring1][S][N][C][=C][C][=C][C][=C][Branch1][=Branch2][C][=C][C][=C][Ring1][#Branch2][Ring1][=Branch1][C][=Branch1][C][=O][C][=C][C][=C][C][=C][Ring1][=Branch1][Ring1][#C][=N][C][Branch1][Ring1][O][C][=N][Ring2][Ring1][O],1.6518,1,train
[C][C][N][Branch1][Ring1][C][C][C][=C][C][=C][C][=C][Branch1][=C][C][=C][N][C][=C][C][=C][C][Ring1][=Branch1][=N][Ring1][=Branch2][C][=Branch1][C][=O][O][C][Ring1][S][=C][Ring2][Ring1][Ring2],0.6115,1,train
[N][C][=C][C][=C][C][=N][Ring1][=Branch1],-1.4996,1,train
[C][C][=Branch1][C][=O][C][=C][C][=C][Branch2][Ring1][Branch2][C][=N][C][=C][C][=C][Branch1][=Branch1][N][Branch1][C][C][C][C][Branch1][C][Br][=C][Ring1][#Branch2][S][Ring1][=N][C][=C][Ring2][Ring1][Ring1],1.5845,1,train
[N][C][=C][C][=C][NH1][N][=C][C][Ring1][Branch1][=C][Ring1][=Branch2],-0.846,1,train
[C][#C][C][=N][C][=C][C][=C][Branch2][Ring1][#Branch1][C][=N][C][=C][C][N][=C][Branch1][Ring1][O][C][O][C][=Ring1][#Branch1][C][=C][Ring1][O][O][Ring1][=C][C][=C][Ring2][Ring1][Ring2][NH1][Ring2][Ring1][#Branch1],1.0326,1,train
[N][C][=C][C][=C][Branch1][N][C][=C][C][=C][Branch1][C][N][C][=C][Ring1][#Branch1][C][=C][Ring1][=N],-1.2263,1,train
[O][=C][C][=C][C][=C][C][=C][Ring1][=Branch1][N][C][=C][C][=C][Branch1][=C][C][=N][C][=C][N][C][=C][N][=C][Ring1][=Branch2][Ring1][Branch1][C][=C][Ring1][#C][C][=Branch1][C][=O][C][=C][C][Branch1][O][C][C][=C][N][Branch1][C][F][C][=Ring1][=Branch1][=C][C][Ring2][Ring2][Ring2][=C][Ring1][N][Ring2][Ring1][=C],1.6697,1,train
[N][C][=C][C][=C][C][=C][Ring1][=Branch1],-2.1704,1,train
[C][=C][C][=C][NH1][C][=C][C][Ring1][Branch1][=C][Ring1][=Branch2],-1.3957,1,train
[N][C][=C][C][=C][N][=C][Ring1][=Branch1],-1.471,1,train
[C][=C][C][=N][C][=C][Ring1][=Branch1],-1.2783,1,train
[C][C][O][C][=Branch1][C][=O][C][C][Branch1][S][C][=C][C][=C][C][=C][C][=C][Ring1][=Branch1][O][C][Ring1][#Branch2][=O][=N][N][Branch1][N][C][=C][C][=C][Branch1][C][Br][C][=C][Ring1][#Branch1][C][=Ring2][Ring1][#Branch1][C][=Branch1][C][=O][O][C][C],1.5989,1,train
[C][=C][C][=C][Branch2][Ring2][=C][N][C][=C][C][=C][C][=C][Ring1][=Branch1][S][C][=C][C][Branch2][Ring1][Branch1][C][=C][C][=C][C][=N][C][=C][C][=C][C][=C][Ring1][=Branch1][C][=C][Ring1][=C][Ring1][#Branch2][=C][C][=C][Ring2][Ring1][Ring2][Ring2][Ring1][N][C][=C][Ring2][Ring2][C],1.2127,1,train
[N][C][=C][C][=C][C][=N][Ring1][=Branch1],-1.4996,1,train
[C][C][C][C][C][Branch1][C][O][Branch1][P][C][=C][C][=C][Branch1][Branch2][C][=C][C][=C][S][Ring1][Branch1][S][Ring1][#Branch2][C][C][Ring1][P],0.1418,1,train
[C][C][C][=Branch1][C][=O][C][=C][C][=C][C][=C][Branch1][=Branch1][N][Branch1][C][C][C][C][=C][C][Ring1][=Branch2][=C][Ring1][=N],0.2856,1,train
[N][#C][C][=C][Branch1][C][F][C][Branch1][C][F][=C][Branch1][Ring1][C][#N][C][O][C][=C][C][O][C][=C][Branch1][Ring1][C][#N][C][Branch1][C][F][=C][Branch1][C][F][C][Branch1][Ring1][C][#N][=C][Ring1][N][O][C][=Ring1][S][C][=C][Ring2][Ring1][Ring2][O][C][Ring2][Ring1][S][=Ring2][Ring1][Branch2],2.9261,1,train
[C][=C][S][C][Branch1][Branch2][C][=C][C][=C][S][Ring1][Branch1][=C][Ring1][#Branch2],0.1277,1,train
[C][N][Branch1][C][C][C][=C][C][=C][C][=C][Ring1][=Branch1][C][=C][C][=C][C][=C][Ring1][=Branch1][C][Ring1][=Branch2][=O],0.9105,1,train
[N][#C][C][=N][C][Branch2][Ring1][Ring2][N][C][=C][C][=C][C][=C][Ring1][=Branch1][C][=C][C][=C][C][=C][Ring1][=Branch1][Ring1][=N][=C][C][Branch2][Ring1][Ring2][N][C][=C][C][=C][C][=C][Ring1][=Branch1][C][=C][C][=C][C][=C][Ring1][=Branch1][Ring1][=N][=N][Ring2][Ring1][S],1.2726,1,train
[C][C][=C][C][=C][C][Branch1][C][C][=C][Ring1][#Branch1],-1.9837,1,train
[C][N][C][=C][C][=C][C][=Branch1][Ring2][=C][Ring1][=Branch1][C][=C][C][=C][C][=C][Ring1][=Branch1][C][Ring1][#Branch2][=O],0.6997,1,train
[N][C][C][=C][NH1][C][=Branch1][C][=S][N][=Ring1][#Branch1],-0.1949,1,train
[C][C][Branch1][C][C][Branch1][C][C][C][N][C][=C][C][=C][C][=C][Ring1][=Branch1][C][=Branch1][C][=O][N][Ring1][O][C][C][=C][C][=C][C][=C][Ring1][=Branch1],-0.1908,1,train
[C][N][Branch1][C][C][C][C][C][N][C][=C][C][=C][C][=C][Ring1][=Branch1][S][C][=C][C][=C][C][=C][Ring1][=Branch1][Ring1][=C],-0.5098,1,train
[N][C][=C][C][=C][Branch1][N][C][=C][C][=C][Branch1][C][N][C][=C][Ring1][#Branch1][C][=C][Ring1][=N],-1.2263,1,train
[C][O][C][=C][C][Branch2][Ring2][Ring2][C][=N][N][=C][Branch2][Ring1][=Branch2][C][=C][C][=C][C][=C][C][=C][C][=C][C][=C][C][=C][Ring1][=C][C][Ring1][N][=C][Ring1][#Branch2][Ring1][=Branch1][O][Ring2][Ring1][Branch1][=C][C][Branch1][Ring1][O][C][=C][Ring2][Ring1][=N][O][C],1.488,1,train
[C][C][=C][C][=Branch1][C][=O][O][C][=C][C][=C][Branch1][#Branch1][C][=C][Ring1][O][Ring1][=Branch1][C][C][C][N][Ring1][Branch2][C][C][C][Ring1][N],0.0507,1,train
[C][O][C][=C][C][Branch1][=Branch1][C][=Branch1][C][=O][O][=C][C][=C][Ring1][=Branch2][O],-0.2483,1,train
[N][#C][C][=C][Branch1][C][F][C][Branch1][C][F][=C][Branch1][Ring1][C][#N][C][O][C][=C][C][O][C][=C][Branch1][Ring1][C][#N][C][Branch1][C][F][=C][Branch1][C][F][C][Branch1][Ring1][C][#N][=C][Ring1][N][O][C][=Ring1][S][C][=C][Ring2][Ring1][Ring2][O][C][Ring2][Ring1][S][=Ring2][Ring1][Branch2],2.9261,1,train
[O][=C][C][=C][C][=C][C][=C][Ring1][=Branch1][C][=C][C][=C][Branch1][=Branch2][N][C][C][O][C][C][Ring1][=Branch1][C][=C][C][=C][C][Ring2][Ring1][=Branch1][=C][Ring1][S][Ring1][=Branch1],1.2162,1,train
[C][=C][C][=C][Branch1][=Branch2][C][=C][C][=C][C][=C][Ring1][=Branch1][C][=C][Ring1][N],-0.7238,1,train
[C][C][=C][C][=C][N][=C][C][Ring1][=Branch1][=C][Branch1][C][C][C][=C][Ring1][O][NH1][C][=C][C][=C][C][=C][Ring1][=Branch1][Ring1][=Branch2],0.4284,1,train
[C][C][=C][Branch2][Ring2][Branch1][N][C][=Branch1][C][=O][C][=C][C][=C][C][=C][Branch1][#C][C][=C][C][=Branch1][=Branch1][=C][Ring1][#Branch2][Ring1][=Branch1][C][Ring1][=C][=O][C][=Branch1][C][=O][N][C][Ring1][=N][=O][C][Branch1][C][C][Branch1][C][C][C],2.6745,1,train
[N][#C][C][=C][Branch1][C][F][C][Branch1][C][F][=C][Branch1][Ring1][C][#N][C][O][C][=C][C][O][C][=C][Branch1][Ring1][C][#N][C][Branch1][C][F][=C][Branch1][C][F][C][Branch1][Ring1][C][#N][=C][Ring1][N][O][C][=Ring1][S][C][=C][Ring2][Ring1][Ring2][O][C][Ring2][Ring1][S][=Ring2][Ring1][Branch2],2.9261,1,train
[C][=C][C][=C][C][=C][C][=C][Ring1][=Branch1][C][C][=C][C][=C][C][=C][Ring1][=Branch1][Ring1][#C],-0.2129,1,train
[N][#C][C][=C][Branch1][Ring1][C][#N][C][Branch1][Ring1][C][#N][=C][Branch2][Ring2][Ring1][C][=C][C][=C][C][Branch2][Ring1][#Branch1][C][S][C][Branch1][Branch2][C][=C][N][=C][NH1][Ring1][Branch1][=C][N][=C][C][=N][C][=Ring1][=C][Ring1][=Branch1][=C][Ring2][Ring1][Ring2][C][Branch1][Ring1][C][#N][=C][Ring2][Ring1][S][C][#N],3.1269,1,train
[N][C][=C][C][=C][C][=Branch1][Ring2][=C][Ring1][=Branch1][C][C][=C][C][=C][C][=C][Ring1][=Branch1][Ring1][#Branch2],-0.7825,1,train
[C][=C][C][Branch1][Branch2][N][C][C][C][C][Ring1][Branch1][=C][C][=N][Ring1][O],-1.909,1,train
[N][C][=C][C][=C][C][=N][Ring1][=Branch1],-1.3309,1,train
[C][O][C][=C][C][NH1][C][=C][Branch1][#Branch2][C][=Ring1][Branch1][C][=C][Ring1][=Branch2][O][C][C][C][C][C][Ring1][O][=O],0.1934,1,train
[C][O][C][=C][C][=C][Branch1][Ring1][O][C][C][=C][Ring1][Branch2],-1.8491,1,train
[C][C][=C][C][=C][Branch1][C][C][C][Branch1][C][C][=C][Ring1][Branch2],-1.9996,1,train
[O][=C][NH1][C][=C][C][=C][C][=C][Ring1][=Branch1][NH1][Ring1][=Branch2],-1.1818,1,train
[C][O][C][=C][C][=C][C][=C][Ring1][=Branch1],-1.9335,1,train
[C][C][=C][C][=C][Branch1][C][C][C][=C][Ring1][#Branch1],-1.9808,1,train
[C][C][=C][C][=C][Branch1][C][C][C][=C][Ring1][#Branch1],-1.9808,1,train
[C][C][=C][C][=C][Branch2][Ring1][#Branch2][C][=C][C][Branch1][=Branch2][C][=C][C][=C][C][=C][Ring1][=Branch1][=C][Branch1][Ring1][C][#N][C][=Branch1][C][=S][NH1][Ring1][#C][C][=C][Ring2][Ring1][Branch1],1.0518,1,train
[N][#C][C][=C][C][=C][C][Branch1][=C][C][=C][N][C][=C][N][=C][Ring1][Branch1][C][=N][Ring1][=Branch2][=C][C][C][=C][C][=C][C][=C][C][=C][C][Branch2][Ring1][=Branch1][C][=Branch1][=N][=C][Ring2][Ring1][O][C][Branch1][C][F][Branch1][C][F][F][C][Ring2][Ring1][=C][=Ring1][P][=C][Ring1][=N][Ring1][P],2.1723,1,train
[C][C][=Branch1][C][=O][N][C][=C][C][=C][Branch1][C][O][C][=C][Ring1][#Branch1],-1.0536,1,train
[N][C][=C][C][=C][Branch1][N][C][=C][C][=C][Branch1][C][N][C][=C][Ring1][#Branch1][C][=C][Ring1][=N],-1.2263,1,train
[N][#C][C][=C][C][=C][Branch2][Ring2][=Branch1][C][=N][C][=N][C][NH1][C][=N][C][=Ring1][Branch1][N][=C][Ring1][=Branch2][N][Ring1][N][C][=C][C][=C][O][C][=C][C][=C][C][=C][Ring1][=Branch1][C][Ring1][=Branch2][=C][Ring1][=N][C][=N][NH1][N][=C][Ring2][Ring2][C][Ring1][Branch1],2.1455,1,train
[C][=C][C][=C][C][=C][Branch1][Ring1][O][C][C][=C][Ring1][Branch2],-1.1005,1,train
[N][#C][C][=C][C][Branch1][Ring1][C][#N][=C][Branch1][=Branch2][C][=N][C][=N][C][=N][Ring1][=Branch1][C][Branch1][Ring1][C][#N][=C][Ring1][S][C][=C][N][=C][Branch1][=C][C][C][=C][C][=N][S][N][=C][Ring1][Branch1][C][=Ring1][=Branch2][C][=N][Ring1][#C],2.6681,1,train
[C][C][=C][C][=C][Branch1][C][C][N][Ring1][=Branch1][C][=C][C][=C][Branch1][=Branch1][N][Branch1][C][C][C][C][=C][Ring1][=Branch2],-1.4002,1,train
[C][O][C][=Branch1][C][=O][C][Branch1][#C][N][C][=Branch1][C][=O][O][C][Branch1][C][C][Branch1][C][C][C][C][=C][C][=C][O][C][Branch1][#C][C][=C][C][Branch1][Ring1][O][C][=C][C][=C][Ring1][Branch2][O][C][=N][C][Ring1][#C][=C][Ring2][Ring1][Ring1],0.7034,1,train
[N][C][=C][C][=C][Branch1][N][C][=C][C][=C][Branch1][C][N][C][=C][Ring1][#Branch1][C][=C][Ring1][=N],-1.2263,1,train
[C][O][C][=C][C][=C][Branch1][Ring1][O][C][C][=C][Ring1][Branch2],-1.8491,1,train
[N][#C][C][=C][C][Branch1][Ring1][C][#N][=C][Branch1][Ring1][C][#N][C][Branch2][Ring2][Branch1][C][O][C][Branch1][#C][C][=C][S][C][=C][C][=C][C][=C][Ring1][=Branch1][N][Ring1][#Branch2][=C][C][=Ring1][#C][C][=C][N][C][=C][N][=C][Ring1][Branch1][C][=N][Ring1][=Branch2][=C][Ring2][Ring2][C][C][#N],2.4818,1,train
[C][S][=Branch1][C][=O][=Branch1][C][=O][C][=C][C][=C][C][Branch1][=C][C][=C][C][=C][C][=N][S][N][=C][Ring1][=Branch2][Ring1][Branch1][=C][Branch1][#C][C][=C][C][=C][C][=C][C][=C][Ring1][=Branch1][C][Ring1][=Branch2][=O][C][=C][C][Ring2][Ring1][=Branch2][=C][Ring2][Ring1][=N],2.1732,1,train
[C][O][C][=C][C][=C][C][=Branch1][C][=O][C][=C][Branch1][Branch2][NH1][C][Ring1][#Branch1][=C][Ring1][O][C][=C][C][Branch1][C][Cl][=C][C][=C][Ring1][#Branch1][N][C][Ring1][=C][Branch1][C][C][C],0.6436,1,train
[C][C][=Branch1][C][=O][C][=C][C][=C][Branch2][Ring1][Branch2][C][=N][C][=C][C][=C][Branch1][=Branch1][N][Branch1][C][C][C][C][Branch1][C][Br][=C][Ring1][#Branch2][S][Ring1][=N][C][=C][Ring2][Ring1][Ring1],1.5625,1,train
[N][#C][C][=C][C][=C][Branch1][Branch2][N][C][=C][C][=C][Ring1][Branch1][C][=C][Ring1][O],0.3072,1,train
[N][#C][C][=C][C][=C][Branch1][C][N][C][=C][Ring1][#Branch1],-0.7114,1,train
[C][N][Branch1][C][C][C][=C][C][=C][Branch2][Ring1][C][C][=C][C][=Branch1][C][=O][C][=C][C][=C][C][=C][Ring1][=Branch1][O][Ring1][O][C][=C][Ring1][P],0.3887,1,train
[F][C][Branch1][C][F][Branch1][C][F][C][Branch1][C][F][Branch1][C][F][C][Branch1][C][F][Branch1][C][F][C][Branch1][C][F][Branch1][C][F][C][Branch1][C][F][Branch1][C][F][C][Branch1][C][F][Branch1][C][F][C][C][O][C][=N][N][=C][Branch1][C][Cl][N][=N][Ring1][#Branch1],2.3694,1,train
[C][C][N][C][=Branch1][C][=O][C][Branch2][Ring2][Ring2][C][C][=Branch1][C][=O][C][=C][C][=C][C][=C][C][Ring1][=Branch1][=C][C][=C][C][=C][C][=C][C][=C][Ring1][=Branch1][C][Ring2][Ring1][Ring2][=C][Ring2][Ring1][C][Ring1][#Branch2][S][C][Ring2][Ring1][O][=S],2.1915,1,train
[C][C][C][C][C][C][C][C][C][C][C][C][C][C][C][C][C][C][N][C][=Branch1][C][=O][C][=C][C][=C][C][=C][Branch1][=Branch2][O][C][C][N][Branch1][C][C][C][C][=C][C][=Branch1][=Branch1][=C][Ring1][S][Ring1][N][C][Ring2][Ring1][Ring2][=O],1.2718,1,train
[O][=C][Branch1][C][O][C][=C][C][Branch1][C][O][=C][Branch1][C][O][C][Branch1][C][O][=C][Ring1][=Branch2],-0.1597,1,train
[N][C][C][=C][NH1][C][=Branch1][C][=S][N][=Ring1][#Branch1],-0.1949,1,train
[C][C][N][C][=Branch1][C][=O][C][Branch2][Ring2][Ring2][C][C][=Branch1][C][=O][C][=C][C][=C][C][=C][C][Ring1][=Branch1][=C][C][=C][C][=C][C][=C][C][=C][Ring1][=Branch1][C][Ring2][Ring1][Ring2][=C][Ring2][Ring1][C][Ring1][#Branch2][C][=Branch1][C][=O][N][Branch1][Ring1][C][C][C][Ring2][Ring1][#C][=S],2.1817,1,train
[C][O][C][=C][C][=C][C][Branch1][Branch2][C][C][=Branch1][C][=O][N][N][=C][O][C][Ring1][#Branch2][=C][Ring1][=C],-0.5017,1,train
[N][C][C][C][=C][NH1][C][=C][C][=C][Branch1][C][O][C][=C][Ring1][#Branch2][Ring1][#Branch1],-1.3682,1,train
[N][#C][C][=N][C][=C][C][O][C][Branch2][Ring1][P][C][=N][C][=N][C][=N][C][=N][C][Branch1][=Branch2][C][=C][N][=C][C][=N][Ring1][=Branch1][=N][C][=Branch1][Branch1][=N][Ring2][Ring1][C][N][Ring1][P][Ring1][=N][=N][C][=Ring2][Ring1][Branch2][C][=C][Ring2][Ring1][N][O][Ring2][Ring1][#C],3.1446,1,train
[C][C][=Branch1][C][=O][N][C][=C][C][=C][Branch1][C][O][C][=C][Ring1][#Branch1],-1.0536,1,train
[C][=C][C][=C][C][Branch2][Ring2][Branch2][C][=N][C][=N][C][Branch2][Ring1][N][C][=N][C][=C][C][Branch1][=N][C][=N][C][S][C][=N][C][=Ring1][Branch1][S][Ring1][Branch2][=C][C][=C][Ring1][=C][S][Ring1][P][=N][Ring2][Ring1][#Branch1][=C][C][=C][C][Ring2][Ring1][=N][=C][Ring2][Ring1][P],2.1343,1,train
[O][C][=C][C][=C][C][=C][Ring1][=Branch1][C][=N][C][Branch1][=Branch2][C][=C][C][=C][C][=C][Ring1][=Branch1][=C][C][=C][C][=C][N][Ring1][#C][Ring1][=Branch1],-0.024,1,train
[C][C][N][C][=Branch1][C][=O][C][Branch2][Ring2][Ring2][C][C][=Branch1][C][=O][C][=C][C][=C][C][=C][C][Ring1][=Branch1][=C][C][=C][C][=C][C][=C][C][=C][Ring1][=Branch1][C][Ring2][Ring1][Ring2][=C][Ring2][Ring1][C][Ring1][#Branch2][C][=Branch1][C][=O][N][Branch1][Ring1][C][C][C][Ring2][Ring1][#C][=S],2.1817,1,train
[C][O][C][=Branch1][C][=O][C][N][=C][Branch1][=Branch2][C][=C][C][=C][C][=C][Ring1][=Branch1][O][C][=Ring1][O][C],0.2799,1,train
[N][#C][C][=C][C][=C][C][Branch1][C][N][=C][Ring1][#Branch1],-0.5111,1,train
[C][C][=N][C][Branch1][=Branch2][C][=C][C][=C][C][=C][Ring1][=Branch1][=C][C][=C][C][=C][N][Ring1][#C][Ring1][=Branch1],-0.2264,2,train
[C][O][C][=C][C][Branch1][=Branch1][C][=Branch1][C][=O][O][=C][C][=C][Ring1][=Branch2][O],-0.3161,2,train
[F][C][=C][C][=N][C][=C][Ring1][=Branch1][C][=C][C][=C][Branch2][Ring1][#Branch1][C][=C][C][=C][Branch1][=C][C][=C][C][=C][O][C][=N][C][Ring1][Branch1][=C][Ring1][=Branch2][S][Ring1][=C][C][=C][N][=C][Ring2][Ring1][Ring2][Ring2][Ring1][Branch2],1.4428,2,train
[N][#C][C][=C][C][=C][C][C][=C][NH1][C][Ring1][=Branch2][=Ring1][Branch1],-0.196,2,train
[C][C][Branch1][C][C][Branch1][C][C][C][=C][C][=C][C][=C][C][=C][C][=C][C][=C][C][=C][Ring1][=C][C][Ring1][N][=C][Ring1][#Branch2][Ring1][=Branch1],0.3652,2,train
[O][=C][C][=C][Branch1][P][C][=C][C][=C][Branch1][Branch2][C][=C][C][=C][S][Ring1][Branch1][S][Ring1][#Branch2][C][C][Ring1][=C],1.5508,2,train
[C][C][N][=C][Branch1][#Branch2][C][=C][C][=C][C][=C][Ring1][=Branch1][O][N][C][=Ring1][N][C][C][C][C][Ring1][=Branch1],-1.1044,2,train
[C][S][=Branch1][C][=O][=Branch1][C][=O][C][=C][C][=C][C][Branch1][=C][C][=C][C][=C][C][=N][S][N][=C][Ring1][=Branch2][Ring1][Branch1][=C][Branch1][#C][C][=C][C][=C][C][=C][C][=C][Ring1][=Branch1][C][Ring1][=Branch2][=O][C][=C][C][Ring2][Ring1][=Branch2][=C][Ring2][Ring1][=N],2.0106,2,train
[C][=C][C][=C][Branch2][Ring2][Ring2][C][=N][C][=C][Branch1][P][C][=C][Ring1][=Branch1][C][=C][C][=C][C][=C][Ring1][=Branch1][C][C][Ring1][#Branch2][C][=C][C][=C][C][=C][Ring1][=Branch1][C][C][Ring2][Ring1][Ring2][C][=C][Ring2][Ring1][N],0.3589,2,train
[C][C][Branch1][C][C][Branch1][C][C][C][=C][C][=C][S][C][Branch2][Ring2][C][C][=C][C][Branch2][Ring1][#Branch1][C][=C][Branch1][Ring1][C][#N][C][Branch1][Ring1][C][#N][=C][C][Branch1][Ring1][C][#N][=C][Ring1][N][C][#N][=C][O][Ring2][Ring1][Ring1][=N][C][Ring2][Ring1][Branch2][=C][Ring2][Ring1][N],2.4826,2,train
[O][=C][C][=C][C][=C][C][=C][Ring1][=Branch1][C][=C][C][=C][Branch1][S][N][C][=N][C][Branch1][C][Cl][=N][C][Branch1][C][Cl][=N][Ring1][Branch2][C][=C][C][=C][C][Ring2][Ring1][=Branch2][=C][Ring2][Ring1][Ring1][Ring1][=Branch1],2.0037,2,train
[C][C][C][C][C][Branch1][C][O][Branch1][P][C][=C][C][=C][Branch1][Branch2][C][=C][C][=C][S][Ring1][Branch1][S][Ring1][#Branch2][C][C][Ring1][P],0.2439,2,train
[C][C][N][C][=C][C][O][C][=Branch1][C][=O][C][=C][Branch1][C][C][C][=Ring1][Branch2][C][=C][Ring1][N][C],-0.0292,2,train
[C][O][C][=Branch1][C][=O][C][=C][C][=C][C][=C][C][=C][C][=C][C][=C][C][=C][Ring1][=C][C][Ring1][N][=C][Ring1][#Branch2][Ring1][=Branch1],0.9855,2,train
[C][C][C][C][C][C][C][C][C][C][C][C][O][C][=C][C][=C][C][Branch1][=Branch1][N][Branch1][C][C][C][=C][C][=C][Ring1][=Branch2][C][=C][Ring1][=N][C][#N],0.0162,2,train
[C][O][C][=C][C][=C][C][Branch2][Ring1][Branch1][C][=N][C][Branch1][N][C][=C][C][=C][C][Branch1][C][C][=C][Ring1][#Branch1][=N][O][Ring1][N][=C][C][=Branch1][C][=O][O][C][Ring2][Ring1][Ring1][=C][Ring2][Ring1][#Branch1],1.561,2,train
[C][C][Branch1][C][C][Branch1][C][C][N][C][=Branch1][C][=O][C][=C][Branch1][=C][C][S][C][=C][N][=C][C][=N][C][=Ring1][=Branch2][Ring1][=Branch1][N][C][=Branch1][C][=O][C][Ring1][#C][=C][Ring2][Ring1][Ring1][C][=C][C][=Branch1][C][=O][N][C][=C][Ring1][=Branch1][C][=Branch1][C][=O][N][Ring1][#Branch2],2.5073,2,train
[N][#C][C][=C][C][Branch1][Ring1][C][#N][=C][Branch2][Ring2][=Branch2][C][=N][C][Branch1][Branch2][C][=C][C][=C][O][Ring1][Branch1][=N][C][Branch2][Ring1][Ring2][N][Branch1][=Branch2][C][=C][C][=C][C][=C][Ring1][=Branch1][C][=C][C][=C][C][=C][Ring1][=Branch1][=N][Ring2][Ring1][Branch2][C][Branch1][Ring1][C][#N][=C][Ring2][Ring2][C],1.9799,2,train
[N][C][=C][C][=C][Branch2][Ring2][#Branch2][C][=C][Branch1][=Branch2][C][=C][C][=C][N][=C][Ring1][=Branch1][C][=C][C][=C][C][=C][Branch1][#C][C][=C][C][=C][C][=N][C][=C][N][=C][Ring1][#Branch2][Ring1][=Branch1][C][=C][Ring2][Ring1][#Branch2][Ring1][S][C][=C][Ring2][Ring1][S],1.1173,2,train
[N][C][=C][C][=C][C][=N][Ring1][=Branch1],-1.848,2,train
[O][=C][N][C][Branch1][S][C][=C][Branch1][C][F][C][=C][Branch1][C][F][C][=C][Ring1][Branch2][F][=C][C][=Branch1][C][=O][N][C][Branch1][=N][C][=Branch1][C][=O][C][=C][N][=C][C][=N][Ring1][=Branch1][=C][Ring2][Ring1][#Branch2][Ring1][=C],2.5814,2,train
[O][=C][O][C][=C][C][=C][C][=C][Ring1][=Branch1][C][=C][Ring1][#Branch2][C][=C][C][=C][Branch1][S][C][=C][C][=C][C][=C][C][=C][Ring1][=Branch1][O][C][Ring1][#Branch2][=O][C][=C][Ring1][P],1.6296,2,train
[N][C][=C][C][=C][C][=N][Ring1][=Branch1],-1.848,2,train
[C][O][C][=C][C][=C][Branch2][Ring1][C][C][=C][S][C][Branch1][=Branch2][C][=C][C][=N][C][=C][Ring1][=Branch1][=N][Ring1][O][C][=C][Ring1][P],0.7615,2,train
[C][C][N][=C][Branch1][#Branch2][C][=C][C][=C][C][=C][Ring1][=Branch1][O][N][C][=Ring1][N][C][C][C][C][Ring1][=Branch1],-1.1044,2,train
[N][C][=C][C][=C][C][=N][Ring1][=Branch1],-1.848,2,train
[N][#C][C][#C][C][=C][C][=C][C][=C][C][Ring1][=Branch1][=C][Branch1][Branch2][C][=C][C][=C][O][Ring1][Branch1][C][=C][C][=C][C][=C][Ring2][Ring1][Ring1][Ring1][=Branch1],1.5362,2,train
[C][C][Branch1][C][C][C][=C][C][Branch1][#C][C][=C][C][=C][C][=N][C][=C][N][=C][Ring1][#Branch2][Ring1][=Branch1][=C][C][=C][Ring1][S][N][C][=C][C][=C][Branch1][=Branch2][N][C][=C][N][=C][Ring1][Branch1][F][C][=C][Ring1][N][Ring2][Ring1][#C],1.1005,2,train
[C][C][N][=C][Branch1][#Branch2][C][=C][C][=C][C][=C][Ring1][=Branch1][O][N][C][=Ring1][N][C][C][C][C][Ring1][=Branch1],-1.1044,2,train
[C][N][Branch1][C][C][C][=C][C][=C][N][=C][Branch2][Ring1][Branch2][C][=C][C][=C][Branch1][=C][C][=Branch1][C][=O][N][C][=C][C][=C][C][=C][Ring1][=Branch1][C][=C][Ring1][#C][S][C][Ring2][Ring1][Ring2][=C][Ring2][Ring1][Branch2],0.9538,2,train
[C][C][Branch1][C][C][C][=C][C][=C][C][Branch1][=Branch1][C][Branch1][C][C][C][=C][Ring1][=Branch2][N][C][=Branch1][C][=O][C][=C][C][=C][C][=C][Branch1][=N][O][C][=C][C][=C][Branch1][C][Cl][C][=C][Ring1][#Branch1][C][=C][C][=Branch1][#Branch1][=C][Ring2][Ring1][C][Ring1][=C][C][Ring2][Ring1][=Branch1][=O],1.6004,2,train
[O][=C][O][C][=C][C][=C][C][=C][Ring1][=Branch1][C][=C][Ring1][#Branch2][C][=C][C][=C][Branch1][S][C][=C][C][=C][C][=C][C][=C][Ring1][=Branch1][O][C][Ring1][#Branch2][=O][C][=C][Ring1][P],1.628,2,train
[O][=C][C][=C][C][=C][Branch1][Branch2][C][=C][C][=C][S][Ring1][Branch1][C][=C][Branch2][Ring1][Branch2][N][C][=C][C][=C][C][=C][Ring1][=Branch1][C][=Branch1][C][=O][C][=C][C][=C][C][=C][Ring1][=Branch1][Ring1][#C][C][=C][C][=Branch1][Branch2][=C][Ring2][Ring1][=C][Ring2][Ring1][Branch1][C][=Branch1][C][=O][N][Ring2][Ring2][C][F],2.4061,2,train
[C][=C][C][=C][Branch2][Ring2][Ring2][C][=N][C][=C][Branch1][P][C][=C][Ring1][=Branch1][C][=C][C][=C][C][=C][Ring1][=Branch1][C][C][Ring1][#Branch2][C][=C][C][=C][C][=C][Ring1][=Branch1][C][C][Ring2][Ring1][Ring2][C][=C][Ring2][Ring1][N],0.3589,2,train
[N][C][=C][C][=C][C][=C][Ring1][=Branch1][C][=Branch1][C][=O][O],-0.5394,2,train
[O][=C][Branch1][C][O][C][=C][C][=C][Branch2][Ring2][=N][C][=Branch1][C][=O][O][C][=C][N][=C][Branch2][Ring1][=N][C][=Branch1][C][=O][C][=C][C][=C][C][=Branch1][Ring2][=C][Ring1][=Branch1][C][=Branch1][C][=O][C][=C][C][=C][C][=C][Ring1][=Branch1][Ring1][O][S][Ring2][Ring1][Branch1][C][=C][Ring2][Ring1][=C],2.4795,2,train
[N][#C][C][=C][C][=C][NH1][C][=C][C][Ring1][Branch1][=C][Ring1][=Branch2],-0.5629,2,train
[C][C][C][=Branch1][C][=O][C][=C][C][=C][C][=C][Branch1][=Branch1][N][Branch1][C][C][C][C][=C][C][Ring1][=Branch2][=C][Ring1][=N],0.0584,2,train
[C][C][N][Branch1][Ring1][C][C][C][=C][C][=C][N][=C][C][=C][C][=C][C][=C][Ring1][=Branch1][C][=Branch1][C][=O][C][=C][Ring1][O][O][C][Ring1][#C][=C][Ring2][Ring1][Ring1],1.5568,2,train
[C][C][=C][C][=C][S][C][=C][C][Branch1][Branch2][C][C][C][=Branch1][C][=O][O][=C][C][=C][Ring1][O][C][=Branch1][C][=O][C][Ring1][S][=C][Ring2][Ring1][Ring2],0.7098,2,train
[N][#C][C][=C][C][=C][NH1][C][=C][C][Ring1][Branch1][=C][Ring1][=Branch2],-0.5629,2,train
[N][C][=C][C][=N][C][=C][Ring1][=Branch1],-1.9423,2,train
[N][C][=C][C][=C][C][=C][Ring1][=Branch1][C][=Branch1][C][=O][O],-0.5394,2,train
[N][C][=C][C][=N][C][=C][Ring1][=Branch1],-1.9423,2,train
[C][O][C][=C][C][=C][Branch1][C][O][C][Branch1][P][C][=N][C][Branch1][C][C][=C][N][Ring1][=Branch1][C][C][C][C][Ring1][=Branch1][=C][Ring1][P],-0.7482,2,train
[C][O][C][=C][C][=C][Branch2][Ring1][Branch2][N][Branch1][=Branch2][C][=C][C][=C][C][=C][Ring1][=Branch1][C][=C][C][=C][Branch1][Ring1][O][C][C][=C][Ring1][Branch2][C][=C][Ring2][Ring1][Branch1],-0.6528,2,train
[F][C][Branch1][C][F][Branch1][C][F][C][=C][C][=C][N][=C][C][=C][Branch2][Ring1][Branch2][C][=N][C][=C][Branch1][#C][C][=C][N][=C][C][=C][C][=C][C][Ring1][=Branch1][=N][Ring1][#Branch2][O][Ring1][#C][C][=C][C][Ring2][Ring1][Branch1][=N][C][Ring2][Ring1][=Branch2][=C][Ring2][Ring1][=N],2.5294,2,train
[C][C][N][=C][Branch1][#Branch2][C][=C][C][=C][C][=C][Ring1][=Branch1][O][N][C][=Ring1][N][C][C][C][C][Ring1][=Branch1],-1.1044,2,train
[C][C][N][=C][Branch1][#Branch2][C][=C][C][=C][C][=C][Ring1][=Branch1][O][N][C][=Ring1][N][C][C][C][C][Ring1][=Branch1],-1.1044,2,train
[N][#C][C][=C][C][=C][C][NH1][C][=C][C][Ring1][=Branch2][=Ring1][Branch1],-0.2238,2,train
[C][O][C][=C][C][Branch1][Ring1][O][C][=C][C][=C][Branch1][N][C][=C][C][=C][C][=C][Ring1][=Branch1][C][C][#N][C][=Branch1][C][=O][O][C][Ring1][S][=C][Ring2][Ring1][=Branch1],0.596,2,train
[N][#C][C][=C][C][=C][NH1][C][=C][C][Ring1][Branch1][=C][Ring1][=Branch2],-0.563,2,train
[O][=C][C][=C][C][=C][C][=C][Ring1][=Branch1][C][=C][C][=C][Branch1][S][N][C][=N][C][Branch1][C][Cl][=N][C][Branch1][C][Cl][=N][Ring1][Branch2][C][=C][C][=C][C][Ring2][Ring1][=Branch2][=C][Ring2][Ring1][Ring1][Ring1][=Branch1],2.0037,2,train
[O][=C][C][=C][Branch1][P][C][=C][C][=C][Branch1][Branch2][C][=C][C][=C][S][Ring1][Branch1][S][Ring1][#Branch2][C][C][Ring1][=C],1.4658,2,train
[O][=C][N][C][Branch1][S][C][=C][Branch1][C][F][C][=C][Branch1][C][F][C][=C][Ring1][Branch2][F][=C][C][=Branch1][C][=O][N][C][Branch1][=N][C][=Branch1][C][=O][C][=C][N][=C][C][=N][Ring1][=Branch1][=C][Ring2][Ring1][#Branch2][Ring1][=C],2.5814,2,train
[O][=C][C][=C][C][=C][C][=C][Ring1][=Branch1][S][C][=C][C][=C][C][=C][Ring1][=C][Ring1][=Branch1],0.7339,2,train
[C][O][C][=C][C][=C][Branch2][Ring2][#Branch2][C][=C][C][=C][Branch2][Ring1][=C][C][=C][C][Branch1][=Branch2][C][=C][C][=C][C][=N][Ring1][=Branch1][=N][C][Branch1][=Branch2][C][=C][C][=C][C][=N][Ring1][=Branch1][=C][Ring2][Ring1][C][C][=C][Ring2][Ring1][Branch2][C][=C][Ring2][Ring1][=C],0.745,2,train
[N][C][=C][C][=C][C][=N][Ring1][=Branch1],-1.848,2,train
[O][=C][N][C][Branch2][Ring2][=Branch2][C][=C][C][=N][C][C][=C][Branch2][Ring1][C][C][=C][C][=C][C][=Branch1][Ring2][=C][Ring1][=Branch1][S][C][=C][N][Ring1][#Branch1][Cl][O][C][=Ring1][S][N][=C][Ring2][Ring1][Ring2][O][Ring2][Ring1][#Branch1][=C][C][=Branch1][C][=O][N][C][=C][Ring2][Ring1][S][Ring1][=Branch1],2.3128,2,train
[C][C][N][=C][Branch1][#Branch2][C][=C][C][=C][C][=C][Ring1][=Branch1][O][N][C][=Ring1][N][C][C][C][C][Ring1][=Branch1],-1.1044,2,train
[C][S][=Branch1][C][=O][=Branch1][C][=O][C][=C][C][=C][C][Branch1][=C][C][=C][C][=C][C][=N][S][N][=C][Ring1][=Branch2][Ring1][Branch1][=C][Branch1][#C][C][=C][C][=C][C][=C][C][=C][Ring1][=Branch1][C][Ring1][=Branch2][=O][C][=C][C][Ring2][Ring1][=Branch2][=C][Ring2][Ring1][=N],2.0106,2,train
[F][C][Branch1][C][F][Branch1][C][F][C][=C][C][=C][N][=C][C][=C][Branch2][Ring1][Branch2][C][=N][C][=C][Branch1][#C][C][=C][N][=C][C][=C][C][=C][C][Ring1][=Branch1][=N][Ring1][#Branch2][O][Ring1][#C][C][=C][C][Ring2][Ring1][Branch1][=N][C][Ring2][Ring1][=Branch2][=C][Ring2][Ring1][=N],2.600726665960785,3,train
[N][C][=C][C][=N][C][=C][Ring1][=Branch1],-1.6073660859264676,3,train
[O][=C][N][C][Branch2][Ring2][=Branch2][C][=C][C][=N][C][C][=C][Branch2][Ring1][C][C][=C][C][=C][C][=Branch1][Ring2][=C][Ring1][=Branch1][S][C][=C][N][Ring1][#Branch1][Cl][O][C][=Ring1][S][N][=C][Ring2][Ring1][Ring2][O][Ring2][Ring1][#Branch1][=C][C][=Branch1][C][=O][N][C][=C][Ring2][Ring1][S][Ring1][=Branch1],2.63787135468269,3,train
[C][C][C][C][C][C][C][C][C][Branch1][=Branch2][C][C][C][C][C][C][C][C][C][=C][C][Branch1][=Branch2][C][=C][C][=C][C][=C][Ring1][=Branch1][=C][C][=C][Ring1][N][C][=C][C][=C][Branch1][=Branch2][C][=C][C][=C][C][=C][Ring1][=Branch1][C][=C][Ring1][N][Ring2][Ring1][P],0.6313030288927504,3,train
[O][=C][C][=C][C][=C][C][=C][Ring1][=Branch1][S][C][=C][C][=C][C][=C][Ring1][=C][Ring1][=Branch1],0.850899828159716,3,train
[C][C][=Branch1][C][=O][N][Branch1][#Branch2][C][C][=C][C][=C][C][=N][Ring1][=Branch1][C][=C][C][=C][C][=C][C][Ring1][=Branch1][=C][C][=C][Branch1][=Branch2][C][=C][C][=C][Ring1][=C][Ring1][=Branch1][C][=Branch1][C][=O][N][Branch1][#Branch2][C][C][=C][C][=C][C][=N][Ring1][=Branch1][C][Ring2][Ring1][C][=O],2.17152859708371,3,train
[N][#C][C][=C][C][=C][C][NH1][C][=C][C][Ring1][=Branch2][=Ring1][Branch1],-0.0733518831123047,3,train
[C][N][Branch1][C][C][C][=C][C][=C][Branch2][Ring2][=N][C][=N][C][=C][Branch2][Ring1][Branch1][C][=C][Ring1][=Branch1][C][=C][C][=C][Branch1][Ring1][C][#N][C][=C][Ring1][Branch2][C][C][Ring1][N][C][=C][C][=C][Branch1][Ring1][C][#N][C][=C][Ring1][Branch2][C][C][Ring2][Ring1][Branch2][C][=C][Ring2][Ring1][S],1.313351399124552,3,train
[N][#C][C][=C][C][=C][NH1][C][=C][C][Ring1][Branch1][=C][Ring1][=Branch2],-0.4261736443865667,3,train
[N][C][=C][C][=C][C][=N][Ring1][=Branch1],-1.195980611761636,3,train
[N][#C][C][=C][NH1][C][=C][C][=C][C][=C][Ring1][=Branch2][Ring1][=Branch1],-0.365067990429103,3,train
[O][=C][C][=C][C][=C][C][=C][Ring1][=Branch1][N][C][=C][C][=C][Branch1][=C][C][=N][C][=C][N][C][=C][N][=C][Ring1][=Branch2][Ring1][Branch1][C][=C][Ring1][#C][C][=Branch1][C][=O][C][=C][C][Branch1][O][C][C][=C][N][Branch1][C][F][C][=Ring1][=Branch1][=C][C][Ring2][Ring2][Ring2][=C][Ring1][N][Ring2][Ring1][=C],1.7173654503105666,3,train
[C][O][C][=C][C][=C][C][=C][C][Ring1][=Branch1][=C][Branch1][Ring1][O][C][C][=C][Ring1][N][C][=C][C][=C][C][Branch1][Ring1][O][C][=C][Ring1][Branch2][N][Ring1][O][C],0.2501513904238379,3,train
[N][#C][C][=C][C][=C][C][C][=C][NH1][C][Ring1][=Branch2][=Ring1][Branch1],-0.0542860844889014,3,train
[C][C][=C][C][=C][C][=C][Ring1][=Branch1][C],-1.9817,1,test
[C][N][Branch1][C][C][C][=C][C][=C][C][=C][Ring1][=Branch1],-2.2302,1,test
[C][C][=C][C][=C][Branch1][C][C][C][=C][Ring1][#Branch1],-1.9808,1,test
[C][C][=C][C][=C][Branch1][C][C][C][Branch1][C][C][=C][Ring1][Branch2],-1.9996,1,test
[C][C][=C][C][=C][C][=C][Ring1][=Branch1][C],-1.9817,1,test
[C][C][=C][C][Branch1][C][C][=C][C][Branch1][C][C][=C][Ring1][Branch2],-2.0033,1,test
[C][=C][C][Branch1][Branch2][N][C][C][C][C][Ring1][Branch1][=C][C][=N][Ring1][O],-1.909,1,test
[C][C][=C][C][=C][Branch1][C][C][C][=C][Ring1][#Branch1],-1.9808,1,test
[C][O][C][=C][C][=C][Branch1][N][N][C][Branch1][C][C][=C][C][=C][Ring1][=Branch1][C][C][=C][Ring1][=N],-1.1401,1,test
[C][C][=C][C][=C][Branch1][N][N][C][Branch1][C][C][=C][C][=C][Ring1][=Branch1][C][C][=C][Ring1][=N],-1.1052,1,test
[N][C][=C][C][=C][Branch1][N][C][=C][C][=C][Branch1][C][N][C][=C][Ring1][#Branch1][C][=C][Ring1][=N],-1.2263,1,test
[N][C][=C][C][=C][Branch1][N][C][=C][C][=C][Branch1][C][N][C][=C][Ring1][#Branch1][C][=C][Ring1][=N],-1.2263,1,test
[C][C][=C][C][Branch1][C][C][=N][C][Branch1][C][N][=N][Ring1][Branch2],-1.2655,1,test
[N][C][=C][C][=C][C][=N][Ring1][=Branch1],-1.4996,1,test
[N][C][=C][C][=C][C][=N][Ring1][=Branch1],-1.4996,1,test
[N][C][C][C][=C][NH1][C][=C][C][=C][Branch1][C][O][C][=C][Ring1][#Branch2][Ring1][#Branch1],-1.2677,1,test
[C][O][C][=C][C][=C][Branch1][N][N][C][Branch1][C][C][=C][C][=C][Ring1][=Branch1][C][C][=C][Ring1][=N],-1.1401,1,test
[O][=C][NH1][C][=C][C][=C][C][=C][Ring1][=Branch1][NH1][Ring1][=Branch2],-1.1818,1,test
[C][C][N][Branch1][Ring1][C][C][C][=C][C][=C][Branch1][N][N][C][Branch1][C][C][=C][C][=C][Ring1][=Branch1][C][C][=C][Ring1][=N],-1.4394,1,test
[N][C][C][C][=C][NH1][C][=C][C][=C][Branch1][C][O][C][=C][Ring1][#Branch2][Ring1][#Branch1],-1.3682,1,test
[C][C][=C][C][=C][C][Branch1][Branch2][C][C][=Branch1][C][=O][N][N][=C][O][C][Ring1][#Branch2][=C][Ring1][=C],-0.4553,1,test
[C][N][Branch1][C][C][C][=C][C][=C][C][=Branch1][Ring2][=C][Ring1][=Branch1][C][C][=C][C][=C][C][=C][Ring1][=Branch1][Ring1][#Branch2],-0.8533,1,test
[C][O][C][=C][C][=C][Branch1][=Branch2][C][=C][C][=C][C][=C][Ring1][=Branch1][C][=C][Ring1][N],-0.8191,1,test
[N][C][=C][C][=C][C][=Branch1][Ring2][=C][Ring1][=Branch1][C][C][=C][C][=C][C][=C][Ring1][=Branch1][Ring1][#Branch2],-0.7825,1,test
[C][N][Branch1][C][C][C][=C][C][=C][C][=Branch1][Ring2][=C][Ring1][=Branch1][C][C][=C][C][=C][C][=C][Ring1][=Branch1][Ring1][#Branch2],-0.8533,1,test
[C][N][Branch1][C][C][C][=C][C][=C][C][=Branch1][Ring2][=C][Ring1][=Branch1][C][C][=C][C][=C][C][=C][Ring1][=Branch1][Ring1][#Branch2],-0.8533,1,test
[C][O][C][=C][C][Branch1][=Branch1][C][=Branch1][C][=O][O][=C][C][=C][Ring1][=Branch2][O],-0.2475,1,test
[N][#C][C][=C][C][=C][NH1][C][=C][C][Ring1][Branch1][=C][Ring1][=Branch2],-0.4299,1,test
[C][O][C][=C][C][=C][Branch2][Ring2][#Branch2][C][=N][C][Branch1][#Branch2][C][=C][C][=C][C][=C][Ring1][=Branch1][O][=C][Branch1][#Branch2][C][=C][C][=C][C][=C][Ring1][=Branch1][O][N][Ring2][Ring1][Ring1][C][=C][C][=C][Branch1][C][C][C][=C][Ring1][#Branch1][C][=C][Ring2][Ring1][S],-0.1037,1,test
[N][#C][C][=C][C][=C][NH1][C][=C][C][Ring1][Branch1][=C][Ring1][=Branch2],-0.4299,1,test
[C][N][Branch1][C][C][C][=C][C][=C][Branch1][=C][C][=N][C][=C][N][=C][C][=C][Ring1][=Branch1][NH1][Ring1][=Branch2][C][=C][Ring1][#C],0.0204,1,test
[C][O][C][=C][C][Branch2][Ring1][Branch2][C][=N][C][Branch1][=Branch2][C][=C][C][=C][C][=C][Ring1][=Branch1][=C][C][=C][C][=C][N][Ring1][#C][Ring1][=Branch1][=C][C][=C][Ring2][Ring1][Branch1][O],0.0211,1,test
[C][=C][O][C][Branch1][=C][C][=N][C][=C][C][=C][C][=C][Ring1][=Branch1][NH1][Ring1][=Branch2][=C][Ring1][=C],0.049,1,test
[C][N][C][=C][C][=C][C][=C][Ring1][=Branch1][C][=C][C][=C][C][=C][Ring1][=Branch1][C][Ring1][=Branch2][=O],0.8362,1,test
[C][=C][C][=C][C][=C][Branch1][=C][N][C][=N][C][=C][C][=C][C][=C][Ring1][=Branch1][Ring1][=Branch2][C][=C][C][Ring1][#C][=C][Ring2][Ring1][Ring1],0.5129,1,test
[N][#C][C][=C][C][=C][Branch2][Ring1][Branch2][C][=N][C][Branch1][=Branch2][C][=C][C][=C][C][=C][Ring1][=Branch1][=C][C][=C][C][=C][N][Ring1][#C][Ring1][=Branch1][C][=C][Ring2][Ring1][Branch1],0.7584,1,test
[C][C][C][C][C][C][C][C][O][C][=C][C][=C][C][=C][C][=C][C][=C][Branch1][#Branch2][O][C][C][C][C][C][C][C][C][C][=C][C][Branch1][#C][C][=C][C][=C][C][Ring2][Ring1][O][=C][Ring1][=Branch1][Ring2][Ring1][=Branch2][=C][Ring2][Ring1][Branch1][Ring2][Ring1][=Branch2],0.7772,1,test
[C][O][C][=Branch1][C][=O][C][=C][C][=C][C][=C][Ring1][=Branch1][C][#C][C][=C][C][=C][C][=C][Ring1][=Branch1][N][C][Branch1][C][C][=O],0.7849,1,test
[C][C][Branch1][C][C][Branch1][C][C][C][=C][C][=C][Branch2][Ring2][Ring2][C][=N][N][=C][Branch2][Ring1][=Branch2][C][=C][C][=C][C][=C][C][=C][C][=C][C][=C][C][=C][Ring1][=C][C][Ring1][N][=C][Ring1][#Branch2][Ring1][=Branch1][O][Ring2][Ring1][Branch1][C][=C][Ring2][Ring1][O],1.3809,1,test
[C][C][Branch1][C][C][O][C][=C][Branch2][Ring1][#Branch2][C][=N][C][=C][C][=C][C][=C][Ring1][=Branch1][N][=C][Ring1][#Branch2][C][=C][C][=C][C][=C][Ring2][Ring1][C][Ring1][=Branch1][C][C][Ring2][Ring1][#Branch1][Br],1.4172,1,test
[C][O][C][=Branch1][C][=O][C][Branch1][#C][N][C][=Branch1][C][=O][O][C][Branch1][C][C][Branch1][C][C][C][C][=C][C][=C][O][C][Branch1][#C][C][=C][C][Branch1][Ring1][O][C][=C][C][=C][Ring1][Branch2][O][C][=N][C][Ring1][#C][=C][Ring2][Ring1][Ring1],0.8568,1,test
[C][=C][C][=C][C][Branch1][=Branch2][C][=C][N][=C][N][=C][Ring1][=Branch1][=C][C][=C][C][=C][C][Ring1][=Branch1][=C][Branch1][=Branch2][C][=C][N][=C][N][=C][Ring1][=Branch1][C][Ring2][Ring1][=Branch1][=C][Ring2][Ring1][#Branch2],1.4445,1,test
[C][=C][Branch1][Ring1][O][C][N][C][=C][C][=C][Branch2][Ring1][Branch1][C][=C][C][=C][C][=C][Branch1][=Branch2][C][=C][C][=C][Ring1][#Branch2][Ring1][=Branch1][C][=C][Ring1][=Branch2][C][=C][Ring2][Ring1][C][C][=C][C][=Branch1][=Branch2][=C][C][=C][Ring1][=Branch1][Ring2][Ring1][=Branch2][NH1][C][=C][C][=C][C][=C][Ring1][=Branch1][Ring1][N],1.0247,1,test
[N][C][=C][C][=C][C][Branch1][=Branch2][C][Branch1][C][F][Branch1][C][F][F][=C][C][=Branch1][C][=O][O][C][Ring1][O][=C][Ring1][#C],1.1441,1,test
[C][C][=C][C][=C][Branch2][Ring2][O][N][C][=C][C][=C][C][=C][Ring1][=Branch1][C][=C][C][Branch2][Ring1][Ring1][C][=Branch1][Branch2][=C][Branch1][Ring1][C][#N][C][#N][C][=C][C][=C][C][=C][Ring1][=Branch1][=C][C][=C][Ring2][Ring1][C][Ring2][Ring1][=Branch2][C][=C][Ring2][Ring1][#C],1.07,1,test
[C][O][C][=C][C][=C][Branch2][Ring2][=N][C][=N][C][=C][Branch2][Ring1][Branch1][C][=C][Ring1][=Branch1][C][=C][C][=C][Branch1][Ring1][C][#N][C][=C][Ring1][Branch2][C][C][Ring1][N][C][=C][C][=C][Branch1][Ring1][C][#N][C][=C][Ring1][Branch2][C][C][Ring2][Ring1][Branch2][C][=C][Ring2][Ring1][S],1.3509,1,test
[N][#C][C][=C][C][=C][Branch2][Ring1][C][C][=C][C][=C][Branch1][=Branch2][C][=C][C][C][C][C][Ring1][=Branch1][S][Ring1][O][S][Ring1][S],1.0271,1,test
[F][C][=C][C][Branch1][C][F][=C][Branch1][Branch2][C][=C][C][=C][S][Ring1][Branch1][C][Branch1][C][F][=C][Ring1][=N][C][=C][C][=C][S][C][Branch2][Ring1][Branch1][C][=C][C][=C][C][=C][C][Ring1][=Branch1][=C][C][=C][C][=C][C][=C][Ring1][=C][Ring1][=Branch1][=N][C][Ring2][Ring1][Ring1][=C][Ring2][Ring1][#Branch1],1.5553,1,test
[O][=C][C][=C][C][=C][C][=C][C][=C][C][=C][C][=C][Ring1][=Branch1][C][=Branch1][=Branch1][=C][Ring1][=C][Ring1][#Branch2][C][=Branch1][C][=O][N][Ring2][Ring1][C][C][C][=C][C][=C][C][=N][Ring1][=Branch1],1.7258,1,test
[C][#Branch1][#Branch2][#C][C][=C][C][=N][C][=C][Ring1][=Branch1][C][Branch1][O][C][#C][C][=C][C][=N][C][=C][Ring1][=Branch1][=C][C][=C][C][=C][Branch2][Ring1][=Branch2][C][=C][Branch1][O][C][#C][C][=C][C][=N][C][=C][Ring1][=Branch1][C][#C][C][=C][C][=N][C][=C][Ring1][=Branch1][C][=C][Ring2][Ring1][Branch2],1.5719,1,test
[C][C][Branch1][C][C][=C][C][N][C][=Branch1][C][=O][C][=C][C][=C][C][=C][Ring1][=Branch1][C][=Branch1][=C][=C][C][O][C][Branch1][C][C][=N][C][=Ring1][=Branch1][Ring1][#Branch2][C][Ring2][Ring1][C][=O],1.5351,1,test
[C][S][=Branch1][C][=O][=Branch1][C][=O][C][C][Branch2][Ring1][#Branch1][C][=C][S][C][Branch1][=C][C][=C][C][=C][C][=N][S][N][=C][Ring1][=Branch2][Ring1][Branch1][=C][Ring1][=C][=C][N][C][=C][C][=C][C][=Ring2][Ring1][#Branch1][Ring1][=Branch1],1.6156,1,test
[C][=C][N][=C][Branch2][Ring2][N][C][=C][C][=N][S][N][=C][Ring1][Branch1][C][=C][Ring1][=Branch2][C][=N][C][=N][C][Branch2][Ring1][Ring1][C][=C][C][=C][C][S][C][=C][C][=Ring1][Branch1][C][=C][Ring1][=Branch2][S][Ring1][N][=N][Ring2][Ring1][C][C][=N][Ring2][Ring1][P],2.263,1,test
[O][=C][C][=C][C][=C][C][=C][Ring1][=Branch1][C][=C][C][=C][Branch2][Ring2][Branch1][C][=C][C][=N][S][N][=C][Ring1][Branch1][C][Branch1][Branch2][C][=C][N][=C][O][Ring1][Branch1][=C][Ring1][=C][N][C][=C][O][C][=C][C][=C][C][=C][Ring1][=Branch1][Ring1][#Branch2][C][=C][Ring2][Ring1][=C][Ring2][Ring2][Branch1],2.2376,1,test
[O][=C][C][=C][C][=C][Branch2][Ring2][Branch2][C][=C][C][=C][C][=Branch1][Ring2][=C][Ring1][=Branch1][C][=Branch1][C][=O][C][=C][C][Branch1][=N][C][=C][C][=C][Branch1][Ring1][C][=O][C][=C][Ring1][Branch2][=C][C][=C][Ring1][=C][Ring2][Ring1][Ring1][C][=C][Ring2][Ring1][N],2.1491,1,test
[C][S][=Branch1][C][=O][=Branch1][C][=O][C][C][=C][N][Branch2][Ring1][O][C][=C][C][=C][Branch1][N][C][=C][C][=N][S][N][=C][Ring1][Branch1][Ring1][=Branch2][C][=N][S][N][=C][Ring1][S][Ring1][Branch1][C][=Ring2][Ring1][Branch1][C][=C][C][=C][NH1][Ring1][Branch1],2.3274,1,test
[N][#C][C][=C][C][=C][Branch2][Ring2][=Branch1][C][=N][C][=N][C][NH1][C][=N][C][=Ring1][Branch1][N][=C][Ring1][=Branch2][N][Ring1][N][C][=C][C][=C][O][C][=C][C][=C][C][=C][Ring1][=Branch1][C][Ring1][=Branch2][=C][Ring1][=N][C][=N][NH1][N][=C][Ring2][Ring2][C][Ring1][Branch1],2.1455,1,test
[C][=N][C][=N][C][Branch1][#Branch2][N][C][=C][C][=C][C][=C][Ring1][=Branch1][=N][C][=N][C][Branch2][Ring1][Branch2][C][=N][C][=C][Branch1][#C][C][=C][N][=C][C][=C][C][=C][C][Ring1][=Branch1][=N][Ring1][#Branch2][S][Ring1][#C][=N][C][=Branch1][Branch1][=N][Ring2][Ring2][C][N][Ring2][Ring1][P][Ring2][Ring1][=Branch1],2.4163,1,test
[O][=C][C][=C][N][=C][Branch2][Ring2][Branch1][C][=C][C][=C][C][=C][Branch1][=C][C][S][C][=C][N][=C][C][=N][C][=Ring1][=Branch2][Ring1][=Branch1][C][=C][Ring1][#C][C][=C][C][=C][C][=C][Ring2][Ring1][#Branch1][Ring1][=Branch1][C][=N][Ring2][Ring1][=N],2.3592,1,test
[N][#C][C][=C][C][Branch1][Ring1][C][#N][=C][C][Branch2][Ring2][#C][C][=C][C][=C][C][=C][C][Branch2][Ring1][N][C][=N][C][=C][C][N][=C][Branch1][Branch2][C][=C][C][=C][O][Ring1][Branch1][O][C][=Ring1][#Branch2][C][=C][Ring1][=C][O][Ring1][P][=N][C][Ring2][Ring1][#Branch1][=N][Ring2][Ring1][O][=C][Ring2][Ring2][Ring1],2.3466,1,test
[O][=C][C][=Branch2][Ring2][=Branch1][=C][C][=C][N][=C][Branch2][Ring1][=Branch2][C][=C][N][=C][Branch1][#C][C][=C][C][=C][C][=C][C][=C][C][Ring1][=Branch1][=N][Ring1][#Branch2][C][=N][Ring1][S][C][=N][Ring2][Ring1][=Branch1][C][=Branch1][C][=O][C][=C][C][=C][C][=C][Ring1][=Branch1][Ring2][Ring1][P],2.4061,1,test
[N][#C][C][=C][Branch1][C][F][C][Branch1][C][F][=C][Branch1][Ring1][C][#N][C][O][C][=C][C][O][C][=C][Branch1][Ring1][C][#N][C][Branch1][C][F][=C][Branch1][C][F][C][Branch1][Ring1][C][#N][=C][Ring1][N][O][C][=Ring1][S][C][=C][Ring2][Ring1][Ring2][O][C][Ring2][Ring1][S][=Ring2][Ring1][Branch2],2.9261,1,test
[N][#C][C][=N][C][=C][C][O][C][Branch2][Ring1][P][C][=N][C][=N][C][=N][C][=N][C][Branch1][=Branch2][C][=C][N][=C][C][=N][Ring1][=Branch1][=N][C][=Branch1][Branch1][=N][Ring2][Ring1][C][N][Ring1][P][Ring1][=N][=N][C][=Ring2][Ring1][Branch2][C][=C][Ring2][Ring1][N][O][Ring2][Ring1][#C],3.1446,1,test
[O][=C][C][Branch2][Ring2][#Branch1][N][Branch1][S][C][=C][Branch1][C][F][C][=C][Branch1][C][F][C][=C][Ring1][Branch2][F][C][=C][C][=Branch1][O][=C][C][=N][S][N][=C][Ring1][=Branch2][Ring1][Branch1][N][=S][=N][Ring1][O][=C][C][=C][C][=C][C][=C][Ring1][=Branch1][Ring2][Ring1][#C],2.8181,1,test
[N][#C][C][=C][Branch1][C][F][C][Branch1][C][F][=C][Branch1][Ring1][C][#N][C][O][C][=C][C][O][C][=C][Branch1][Ring1][C][#N][C][Branch1][C][F][=C][Branch1][C][F][C][Branch1][Ring1][C][#N][=C][Ring1][N][O][C][=Ring1][S][C][=C][Ring2][Ring1][Ring2][O][C][Ring2][Ring1][S][=Ring2][Ring1][Branch2],2.9261,1,test
[N][#C][C][=C][Branch1][C][F][C][Branch1][C][F][=C][Branch1][Ring1][C][#N][C][O][C][=C][C][O][C][=C][Branch1][Ring1][C][#N][C][Branch1][C][F][=C][Branch1][C][F][C][Branch1][Ring1][C][#N][=C][Ring1][N][O][C][=Ring1][S][C][=C][Ring2][Ring1][Ring2][O][C][Ring2][Ring1][S][=Ring2][Ring1][Branch2],2.9261,1,test
[N][#C][C][=C][Branch1][C][F][C][Branch1][C][F][=C][Branch1][Ring1][C][#N][C][O][C][=C][C][O][C][=C][Branch1][Ring1][C][#N][C][Branch1][C][F][=C][Branch1][C][F][C][Branch1][Ring1][C][#N][=C][Ring1][N][O][C][=Ring1][S][C][=C][Ring2][Ring1][Ring2][O][C][Ring2][Ring1][S][=Ring2][Ring1][Branch2],2.9261,1,test
[N][#C][C][=C][C][Branch1][Ring1][C][#N][=C][Branch1][Ring1][C][#N][C][Branch2][Ring1][P][C][=C][C][=C][C][=C][C][Branch1][#C][C][=C][N][=C][C][=N][N][=C][C][Ring1][=Branch1][=C][Ring1][#Branch2][=C][C][=C][Ring1][S][S][Ring2][Ring1][Ring1][=C][Ring2][Ring1][#C][C][#N],2.8619,1,test
[N][#C][C][=C][Branch1][Ring1][C][#N][C][Branch1][Ring1][C][#N][=C][Branch2][Ring2][Ring1][C][=C][C][=C][C][Branch2][Ring1][#Branch1][C][S][C][Branch1][Branch2][C][=C][N][=C][NH1][Ring1][Branch1][=C][N][=C][C][=N][C][=Ring1][=C][Ring1][=Branch1][=C][Ring2][Ring1][Ring2][C][Branch1][Ring1][C][#N][=C][Ring2][Ring1][S][C][#N],3.1269,1,test
[C][C][N][=C][Branch1][#Branch2][C][=C][C][=C][C][=C][Ring1][=Branch1][O][N][C][=Ring1][N][C][C][C][C][Ring1][=Branch1],-1.1044,2,test
[C][#C][C][=C][C][=C][C][=C][Ring1][=Branch1][O][C][C][=C][C][=C][C][=Branch1][Ring2][=C][Ring1][=Branch1][C][O][C][=C][C][=C][C][=C][Ring1][=Branch1][Ring2][Ring1][Branch2],-0.1467,2,test
[C][C][N][=C][Branch1][=N][C][=C][C][Branch1][C][F][=C][C][=C][Ring1][#Branch1][O][N][C][=Ring1][=N][C][C][C][C][Ring1][=Branch1],-0.446,2,test
[N][C][=C][C][=C][C][=C][Branch1][=Branch2][C][=C][C][=C][Ring1][#Branch2][Ring1][=Branch1][C][=Branch1][C][=O][C][=C][C][=C][C][=C][Ring1][=Branch1][Ring1][#C],0.9341,2,test
[C][C][=Branch1][C][=O][N][C][=C][C][=C][C][=C][Branch1][=Branch2][C][=C][C][=C][Ring1][#Branch2][Ring1][=Branch1][C][=Branch1][C][=O][C][=C][C][=C][C][=C][Ring1][=Branch1][Ring1][#C],1.3826,2,test
[O][=C][C][=C][Branch1][P][C][=C][C][=C][Branch1][Branch2][C][=C][C][=C][S][Ring1][Branch1][S][Ring1][#Branch2][C][C][Ring1][=C],1.1949,2,test
[N][#C][C][=C][C][Branch1][Ring1][C][#N][=C][Branch2][Ring1][P][C][=N][C][=N][C][Branch2][Ring1][Branch1][C][=C][C][=C][N][=C][C][=C][C][=C][C][Ring1][=Branch1][=N][C][Ring1][#Branch2][=C][Ring1][=C][=N][Ring2][Ring1][Ring2][C][Branch1][Ring1][C][#N][=C][Ring2][Ring1][=C][C][=C][C][=C][C][=C][Ring1][=Branch1],2.5252,2,test
[C][=C][C][=C][C][Branch2][Ring1][O][C][=C][C][Branch1][Branch2][C][=N][C][=C][S][Ring1][Branch1][=N][C][Branch1][Branch2][C][=N][C][=C][S][Ring1][Branch1][=C][Ring1][S][=C][C][=C][C][=C][C][Ring1][=Branch1][=C][C][Ring2][Ring1][#Branch2][=C][Ring2][Ring1][=C],1.4837910614931218,3,test
[F][C][=C][C][Branch1][C][F][=C][Branch2][Ring2][=Branch1][C][=C][C][=C][N][=C][C][=C][Branch1][=C][C][=C][C][=C][C][=N][NH1][N][=C][Ring1][=Branch2][Ring1][Branch1][C][=C][C][Ring1][#C][=N][C][Ring2][Ring1][Ring1][=C][Ring2][Ring1][#Branch1][C][Branch1][C][F][=C][Ring2][Ring1][#C][Cl],2.080827828976237,3,test
