selfies,y,fidelity,source_split,smiles
[C][C][N][Branch1][Ring1][C][C][C][=C][C][=C][C][=C][Branch2][Ring1][Ring1][C][=C][C][=C][Branch1][=Branch2][C][Branch1][C][F][Branch1][C][F][F][C][=C][Ring1][#Branch2][O][C][=Branch1][C][=O][C][Ring1][P][=C][Ring2][Ring1][Branch1],0.8782,1,train,CCN(CC)c1ccc2cc(-c3ccc(C(F)(F)F)cc3)oc(=O)c2c1
[N][C][=C][C][=C][C][=N][Ring1][=Branch1],-1.3309,1,train,Nc1ccccn1
[N][#C][C][Branch1][Ring1][C][#N][=C][C][=C][C][=C][Branch1][=Branch2][C][=C][C][=C][C][=C][Ring1][=Branch1][O][C][Branch1][=Branch2][C][=C][C][=C][C][=C][Ring1][=Branch1][=C][Ring1][P][C][=C][Branch1][=Branch2][C][=C][Branch1][Ring1][C][#N][C][#N][C][Ring2][Ring1][N],2.2396,1,train,N#CC(C#N)=CC1=Cc2c(-c3ccccc3)oc(-c3ccccc3)c2C=C(C=C(C#N)C#N)C1
[C][C][=C][Branch2][Ring1][#Branch1][C][=C][Branch1][Ring1][C][#N][C][Branch1][Ring1][C][#N][=C][C][Branch1][Ring1][C][#N][=C][Ring1][N][C][#N][C][=C][N][Ring2][Ring1][Ring1][C][=C][N][=C][S][C][=N][C][=C][C][=C][Ring1][=Branch1][C][Ring1][=Branch2][=C][Ring1][=N],2.5275,1,train,Cc1c(-c2c(C#N)c(C#N)cc(C#N)c2C#N)ccn1-c1cnc2sc3ncccc3c2c1
[C][O][C][=C][C][=C][C][=C][C][Ring1][=Branch1][=C][Branch1][Ring1][O][C][C][=C][Ring1][N][C][=C][C][=C][C][=C][Ring1][=Branch1][N][Ring1][=Branch2][C],0.3458,1,train,COc1c2ccccc2c(OC)c2c1c1ccccc1n2C
[C][=C][C][=C][C][=C][Ring1][=Branch1],-1.9413,1,train,c1ccccc1
[C][O][C][=C][C][=C][Branch2][Ring1][#Branch2][N][C][=Branch1][C][=O][C][=C][C][=C][C][=C][Ring1][=Branch1][N][C][Ring1][O][C][Branch1][C][C][Branch1][C][C][C][C][=C][Ring2][Ring1][Branch1],-0.1357,1,train,COc1ccc(N2C(=O)c3ccccc3NC2C(C)(C)C)cc1
[N][#C][C][=C][Branch1][C][F][C][Branch1][C][F][=C][Branch1][Ring1][C][#N][C][O][C][=C][C][O][C][=C][Branch1][Ring1][C][#N][C][Branch1][C][F][=C][Branch1][C][F][C][Branch1][Ring1][C][#N][=C][Ring1][N][O][C][=Ring1][S][C][=C][Ring2][Ring1][Ring2][O][C][Ring2][Ring1][S][=Ring2][Ring1][Branch2],2.9261,1,train,N#Cc1c(F)c(F)c(C#N)c2oc3cc4oc5c(C#N)c(F)c(F)c(C#N)c5oc4cc3oc12
[C][C][N][=C][Branch1][=N][C][=C][C][Branch1][C][N][=C][C][=C][Ring1][#Branch1][O][N][C][=Ring1][=N][C][C][C][C][Ring1][=Branch1],-1.1895,1,train,Cc1nc(-c2cc(N)ccc2O)n2c1CCCC2
[O][=C][C][=C][C][=C][Branch2][Ring2][Branch2][C][=C][C][=C][C][=Branch1][Ring2][=C][Ring1][=Branch1][C][=Branch1][C][=O][C][=C][C][Branch1][=N][C][=C][C][=C][Branch1][Ring1][C][=O][C][=C][Ring1][Branch2][=C][C][=C][Ring1][=C][Ring2][Ring1][Ring1][C][=C][Ring2][Ring1][N],2.1491,1,train,O=Cc1ccc(-c2ccc3c(c2)C(=O)c2cc(-c4ccc(C=O)cc4)ccc2-3)cc1
[C][O][C][=C][C][=C][C][=C][Ring1][=Branch1],-1.9335,1,train,COc1ccccc1
[N][#C][C][=C][Branch1][C][F][C][Branch1][C][F][=C][Branch1][Ring1][C][#N][C][O][C][=C][C][O][C][=C][Branch1][Ring1][C][#N][C][Branch1][C][F][=C][Branch1][C][F][C][Branch1][Ring1][C][#N][=C][Ring1][N][O][C][=Ring1][S][C][=C][Ring2][Ring1][Ring2][O][C][Ring2][Ring1][S][=Ring2][Ring1][Branch2],2.9261,1,train,N#Cc1c(F)c(F)c(C#N)c2oc3cc4oc5c(C#N)c(F)c(F)c(C#N)c5oc4cc3oc12
[C][C][=C][C][=C][C][Branch1][C][C][=C][C][=C][C][=C][C][=C][Ring1][=Branch1][NH1][C][Ring1][=Branch2][=C][Ring1][=C][O][Ring1][P],-0.5912,1,train,Cc1cc2cc(C)c3c4ccccc4[nH]c3c2o1
[C][C][Branch1][C][C][Branch1][C][C][C][=C][C][=C][Branch2][Ring2][Ring2][C][=C][C][=C][Branch2][Ring1][Ring1][C][=C][C][=C][Branch1][=Branch2][C][Branch1][C][C][Branch1][C][C][C][C][=C][Ring1][#Branch2][C][=N][S][N][=C][Ring2][Ring1][Ring1][Ring1][Branch1][C][=C][Ring2][Ring1][=Branch2],1.2316,1,train,CC(C)(C)c1ccc(-c2ccc(-c3ccc(C(C)(C)C)cc3)c3nsnc23)cc1
[O][=C][O][C][=C][C][=C][C][=C][Ring1][=Branch1][C][=C][Ring1][#Branch2][C][=N][C][=C][C][=C][C][=C][Ring1][=Branch1][O][Ring1][=Branch2],1.5125,1,train,O=c1oc2ccccc2cc1-c1nc2ccccc2o1
[O][=C][NH1][C][=C][C][=C][C][=C][Ring1][=Branch1][NH1][Ring1][=Branch2],-1.1818,1,train,O=c1[nH]c2ccccc2[nH]1
[C][=C][C][Branch1][Branch2][N][C][C][C][C][Ring1][Branch1][=C][C][=N][Ring1][O],-1.909,1,train,c1cc(N2CCCC2)ccn1
[C][C][Branch1][C][C][Branch1][C][C][C][=C][C][=C][Branch2][Ring2][Ring2][C][=N][N][=C][Branch2][Ring1][=Branch2][C][=C][C][=C][C][=C][C][=C][C][=C][C][=C][C][=C][Ring1][=C][C][Ring1][N][=C][Ring1][#Branch2][Ring1][=Branch1][O][Ring2][Ring1][Branch1][C][=C][Ring2][Ring1][O],1.3809,1,train,CC(C)(C)c1ccc(-c2nnc(-c3ccc4ccc5cccc6ccc3c4c56)o2)cc1
[Br][C][=N][C][=N][C][=N][C][=N][C][Branch2][Ring2][Ring1][C][=C][C][=C][C][=C][C][=C][C][Ring1][=Branch1][=C][Ring1][#Branch2][C][=C][C][=N][C][=C][Ring1][=Branch1][C][=C][C][=C][C][=C][N][=C][Ring1][=Branch1][Ring1][#Branch2][=N][C][=Branch1][Branch1][=N][Ring2][Ring2][Ring2][N][Ring2][Ring2][Ring1][Ring2][Ring1][#C],2.3568,1,train,BrC1=NC2=NC=NC3=NC(c4ccc5ccccc5c4-c4ccnc5c4ccc4cccnc45)=NC(=N1)N23
[O][=C][O][C][=C][C][=C][C][=C][C][=C][C][Ring1][=Branch1][=C][Ring1][#Branch2][N][=C][Ring1][=C][C][=C][C][=C][C][=C][Ring1][=Branch1],1.4379,1,train,O=c1oc2ccc3ccccc3c2nc1-c1ccccc1
[N][#C][C][=C][Branch1][C][F][C][Branch1][C][F][=C][Branch1][Ring1][C][#N][C][O][C][=C][C][O][C][=C][Branch1][Ring1][C][#N][C][Branch1][C][F][=C][Branch1][C][F][C][Branch1][Ring1][C][#N][=C][Ring1][N][O][C][=Ring1][S][C][=C][Ring2][Ring1][Ring2][O][C][Ring2][Ring1][S][=Ring2][Ring1][Branch2],2.9261,1,train,N#Cc1c(F)c(F)c(C#N)c2oc3cc4oc5c(C#N)c(F)c(F)c(C#N)c5oc4cc3oc12
[C][C][N][C][=C][C][=C][C][Branch1][=Branch2][C][Branch1][C][F][Branch1][C][F][F][=C][C][=Branch1][C][=O][O][C][Ring1][O][=C][Ring1][#C],1.0596,1,train,CCNc1ccc2c(C(F)(F)F)cc(=O)oc2c1
[N][#C][C][=C][C][=C][Branch1][C][N][C][=N][O][N][=C][Ring1][#Branch2][Ring1][Branch1],1.5918,1,train,N#Cc1ccc(N)c2nonc12
[C][N][Branch1][C][C][C][=C][C][=C][Branch1][#C][C][#C][C][=C][C][=C][Branch1][Ring1][C][#N][C][=C][Ring1][Branch2][C][=C][Ring1][S],0.2113,1,train,CN(C)c1ccc(C#Cc2ccc(C#N)cc2)cc1
[N][#C][C][=C][Branch1][C][F][C][Branch1][C][F][=C][Branch1][Ring1][C][#N][C][O][C][=C][C][O][C][=C][Branch1][Ring1][C][#N][C][Branch1][C][F][=C][Branch1][C][F][C][Branch1][Ring1][C][#N][=C][Ring1][N][O][C][=Ring1][S][C][=C][Ring2][Ring1][Ring2][O][C][Ring2][Ring1][S][=Ring2][Ring1][Branch2],2.9261,1,train,N#Cc1c(F)c(F)c(C#N)c2oc3cc4oc5c(C#N)c(F)c(F)c(C#N)c5oc4cc3oc12
[C][C][C][=Branch1][C][=O][C][=C][C][=C][C][=C][Branch1][=Branch1][N][Branch1][C][C][C][C][=C][C][Ring1][=Branch2][=C][Ring1][=N],0.3058,1,train,CCC(=O)c1ccc2cc(N(C)C)ccc2c1
[C][O][C][=Branch1][C][=O][C][Branch2][Ring1][=Branch2][C][C][=C][C][=C][O][C][Branch1][=Branch2][C][=C][C][=N][C][=C][Ring1][=Branch1][=N][C][Ring1][O][=C][Ring1][#C][N][C][=Branch1][C][=O][O][C][Branch1][C][C][Branch1][C][C][C],1.1273,1,train,COC(=O)C(Cc1ccc2oc(-c3ccncc3)nc2c1)NC(=O)OC(C)(C)C
[C][C][=C][C][=C][C][Branch1][C][C][=C][Ring1][#Branch1],-1.9837,1,train,Cc1cccc(C)c1
[C][C][Branch1][C][C][C][C][C][C][N][C][C][C][=C][Ring1][Branch1][C][=C][C][=C][C][=Branch1][Branch2][=C][C][=C][Ring1][#Branch2][Ring1][=Branch1][C][C][C][C][Ring1][=Branch2][=O],0.4612,1,train,CC(C)CCCCN1CCc2c1ccc1c3c(ccc21)CCCC3=O
[C][=C][S][C][Branch2][Ring1][#Branch1][C][=C][N][=C][Branch1][Branch2][C][=C][C][=C][S][Ring1][Branch1][C][=N][O][N][=C][Ring1][=C][Ring1][Branch1][=C][Ring2][Ring1][Ring1],2.0225,1,train,c1csc(-c2cnc(-c3cccs3)c3nonc23)c1
[N][#C][C][=C][C][Branch1][Ring1][C][#N][=C][Branch1][Ring1][C][#N][C][Branch2][Ring2][Branch2][C][=C][C][=C][C][=Branch1][Ring2][=C][Ring1][=Branch1][S][C][=C][C][Branch1][=Branch2][C][=C][C][=C][C][=N][Ring1][=Branch1][=C][C][=C][Ring1][N][N][Ring1][P][N][C][=C][C][=C][Ring1][Branch1][=C][Ring2][Ring2][Ring1][C][#N],2.4358,1,train,N#Cc1cc(C#N)c(C#N)c(-c2ccc3c(c2)Sc2cc(-c4ccccn4)ccc2N3n2cccc2)c1C#N
[Cl][C][=N][C][Branch1][#Branch2][N][C][=C][C][=C][C][=C][Ring1][=Branch1][=N][C][Branch2][Ring2][Ring1][N][C][=C][C][=C][C][=C][C][=C][C][=C][C][=C][C][Branch1][=C][C][=C][C][=C][C][Ring2][Ring1][C][=C][Ring1][=Branch1][Ring1][S][=C][Ring1][N][Ring1][S][=N][Ring2][Ring2][C],1.5033,1,train,Clc1nc(Nc2ccccc2)nc(Nc2ccc3c4cccc5cccc(c6cccc2c63)c54)n1
[O][=S][=Branch1][C][=O][C][=C][C][=C][C][=C][Ring1][=Branch1][S][=Branch1][C][=O][=Branch1][C][=O][C][=C][C][Branch2][Ring1][N][C][=C][C][=C][C][=C][C][=C][Branch1][N][C][=C][C][=C][C][Branch1][C][Br][=N][Ring1][#Branch1][C][Ring1][=N][=C][Ring1][P][=C][C][=C][Ring2][Ring1][#Branch1][Ring2][Ring2][C],1.7275,1,train,O=S1(=O)c2ccccc2S(=O)(=O)c2cc(-c3ccc4cccc(-c5cccc(Br)n5)c4c3)ccc21
[C][C][=Branch1][C][=O][C][=C][C][=Branch2][Ring1][Ring1][=C][C][=C][C][Branch1][=Branch1][N][Branch1][C][C][C][=C][C][=C][Ring1][=N][Ring1][=Branch2][C][C][C][Ring1][#C],0.0163,1,train,CC(=O)c1c2c(cc3cc(N(C)C)ccc13)CCC2
[C][O][C][=C][C][=C][Branch1][=N][C][=C][Ring1][=Branch1][C][=C][Branch1][Ring1][C][#N][C][#N][C][=C][C][=C][C][=C][Ring1][=Branch1][N][Ring1][P][C],0.8688,1,train,COc1cc2c(cc1C=C(C#N)C#N)c1ccccc1n2C
[N][C][=C][C][=C][C][C][=N][NH1][C][Ring1][=Branch2][=Ring1][Branch1],-0.7414,1,train,Nc1cccc2cn[nH]c12
[C][N][Branch1][C][C][C][=C][C][=C][Branch1][#C][C][#C][C][=C][C][=C][Branch1][Ring1][C][=O][C][=C][Ring1][Branch2][C][=C][Ring1][S],0.5185,1,train,CN(C)c1ccc(C#Cc2ccc(C=O)cc2)cc1
[C][=N][C][=N][C][Branch2][Ring1][Branch2][C][=C][C][=C][C][Branch1][=C][C][=C][O][C][=C][C][=C][C][=C][Ring1][=Branch2][Ring1][=Branch1][=C][Ring1][#C][=N][C][=N][C][Branch1][=Branch2][C][=N][C][=N][C][=N][Ring1][=Branch1][=N][C][=Branch1][Branch1][=N][Ring2][Ring1][P][N][Ring2][Ring1][S][Ring1][=N],2.4806,1,train,C1=NC2=NC(c3cccc(-c4coc5ccccc45)c3)=NC3=NC(c4ncncn4)=NC(=N1)N23
[N][C][C][C][=C][NH1][C][=C][C][=C][Branch1][C][O][C][=C][Ring1][#Branch2][Ring1][#Branch1],-1.2262,1,train,NCCc1c[nH]c2ccc(O)cc12
[O][=C][C][Branch2][Ring2][#Branch1][N][Branch1][S][C][=C][Branch1][C][F][C][=C][Branch1][C][F][C][=C][Ring1][Branch2][F][C][=C][C][=Branch1][O][=C][C][=N][S][N][=C][Ring1][=Branch2][Ring1][Branch1][N][=S][=N][Ring1][O][=C][C][=C][C][=C][C][=C][Ring1][=Branch1][Ring2][Ring1][#C],2.8181,1,train,O=C1C(N(c2c(F)cc(F)cc2F)c2c3c(cc4nsnc24)N=S=N3)=Cc2ccccc21
[C][O][C][=C][C][=C][Branch2][Ring1][S][C][=Branch1][C][=O][N][N][C][=C][Branch1][=N][C][C][=C][Ring1][=Branch1][C][C][C][C][Ring1][=Branch1][=O][C][=Branch1][C][=O][C][C][C][Ring1][#C][C][=C][Ring2][Ring1][=Branch2],0.9132,1,train,COc1ccc(C(=O)NN2C3=C(CC4=C2CCCC4=O)C(=O)CCC3)cc1
[C][C][=C][C][=C][Branch1][C][C][C][=C][Ring1][#Branch1],-1.9808,1,train,Cc1ccc(C)cc1
[N][#C][C][=C][Branch1][C][F][C][Branch1][C][F][=C][Branch1][Ring1][C][#N][C][O][C][=C][C][O][C][=C][Branch1][Ring1][C][#N][C][Branch1][C][F][=C][Branch1][C][F][C][Branch1][Ring1][C][#N][=C][Ring1][N][O][C][=Ring1][S][C][=C][Ring2][Ring1][Ring2][O][C][Ring2][Ring1][S][=Ring2][Ring1][Branch2],2.9261,1,train,N#Cc1c(F)c(F)c(C#N)c2oc3cc4oc5c(C#N)c(F)c(F)c(C#N)c5oc4cc3oc12
[C][C][O][C][=Branch1][C][=O][C][=C][N][Branch1][=Branch2][C][=C][C][=C][C][=C][Ring1][=Branch1][C][=C][C][Ring1][N][C][=C][C][=C][C][=C][Ring1][=Branch1],0.0257,1,train,CCOC(=O)C1=CN(c2ccccc2)C=CC1c1ccccc1
[C][C][C][=C][C][=C][C][=C][C][=C][Branch2][Ring1][C][C][=C][C][S][C][C][=C][S][C][=Ring1][Branch1][C][=Ring1][Branch2][S][Ring1][O][C][=C][Ring1][P][C][=C][C][=C][Branch1][Branch2][C][C][=C][S][C][=Ring1][Branch1][C][=C][Ring1][O][C][Ring2][Ring1][=C][=C][Ring2][Ring2][C],1.1823,1,train,CCc1ccc2c3ccc(-c4cc5sc6ccsc6c5s4)cc3c3ccc(-c4ccsc4)cc3c2c1
[C][C][=C][C][=C][Branch2][Ring1][=N][C][=C][C][Branch1][N][C][=C][C][=C][Branch1][C][C][C][=C][Ring1][#Branch1][=C][Branch1][Ring1][C][#N][C][=Branch1][C][=O][NH1][Ring1][S][C][=C][Ring2][Ring1][=Branch1],0.7791,1,train,Cc1ccc(-c2cc(-c3ccc(C)cc3)c(C#N)c(=O)[nH]2)cc1
[C][C][N][Branch1][Ring1][C][C][C][=C][C][=C][Branch1][N][N][C][Branch1][C][C][=C][C][=C][Ring1][=Branch1][C][C][=C][Ring1][=N],-1.4394,1,train,CCN(CC)c1ccc(-n2c(C)ccc2C)cc1
[C][C][=C][C][=C][Branch1][C][C][C][=C][Ring1][#Branch1],-1.9808,1,train,Cc1ccc(C)cc1
[C][C][N][Branch1][Ring1][C][C][C][=C][C][=C][Branch1][N][N][C][Branch1][C][C][=C][C][=C][Ring1][=Branch1][C][C][=C][Ring1][=N],-1.4379,1,train,CCN(CC)c1ccc(-n2c(C)ccc2C)cc1
[C][C][=C][C][=C][Branch1][Ring2][O][Ring1][Branch1][C][Branch1][C][C][=C][C][C][=C][C][=Branch1][C][=O][O][C][=Ring1][#Branch1][Ring1][=N],0.3766,1,train,Cc1cc2c(o1)c(C)cc1ccc(=O)oc12
[C][C][O][C][=Branch1][C][=O][C][=C][N][Branch1][=Branch2][C][=C][C][=C][C][=C][Ring1][=Branch1][C][=C][C][Ring1][N][C][=C][C][=C][C][=C][Ring1][=Branch1],0.0226,1,train,CCOC(=O)C1=CN(c2ccccc2)C=CC1c1ccccc1
[C][C][C][C][=C][C][=N][C][Ring1][Branch1][=C][C][=C][NH1][C][Branch1][Branch2][C][=C][Ring1][Branch1][C][C][C][=C][N][=C][Branch2][Ring1][Ring1][C][Branch1][C][O][=C][C][NH1][C][Ring2][Ring1][=Branch1][=C][C][=Ring1][Branch1][C][C][C][C][Branch1][Ring2][C][C][C][=C][Ring2][Ring1][Ring1],2.1782,1,train,CCCC1=Cc2nc1ccc1[nH]c(cc1CCC)c1nc(c(O)cc3[nH]c2cc3CCC)C(CCC)=C1
[C][=C][C][=C][C][=C][C][Branch1][Ring1][O][C][=C][Ring1][Branch2],-0.971,1,train,C=Cc1cccc(OC)c1
[C][=C][C][Branch1][Branch2][N][C][C][C][C][Ring1][Branch1][=C][C][=N][Ring1][O],-1.909,1,train,c1cc(N2CCCC2)ccn1
[O][=C][N][C][=Branch1][C][=O][C][=C][C][Branch2][Ring1][C][C][C][Branch1][Branch2][C][=C][N][=C][NH1][Ring1][Branch1][=C][S][C][=Ring1][#Branch2][Cl][=C][C][=C][Branch1][=N][C][=C][C][Ring2][Ring1][Branch2][=C][Ring2][Ring1][Branch1][Ring1][=Branch1][C][=Branch1][C][=O][N][C][Ring1][O][=O],2.884,1,train,O=C1NC(=O)c2cc(-c3c(-c4cnc[nH]4)csc3Cl)c3c4c(ccc1c24)C(=O)NC3=O
[C][C][=C][Branch2][Ring1][#Branch1][C][=C][Branch1][Ring1][C][#N][C][Branch1][Ring1][C][#N][=C][C][Branch1][Ring1][C][#N][=C][Ring1][N][C][#N][C][=C][N][Ring2][Ring1][Ring1][C][=C][N][=C][S][C][=N][C][=C][C][=C][Ring1][=Branch1][C][Ring1][=Branch2][=C][Ring1][=N],2.5275,1,train,Cc1c(-c2c(C#N)c(C#N)cc(C#N)c2C#N)ccn1-c1cnc2sc3ncccc3c2c1
[O][=C][O][C][C][=C][Ring1][Branch1][C][Branch1][=Branch2][C][=C][C][=C][C][=C][Ring1][=Branch1][C][=C][C][=C][Branch1][O][C][=C][Ring1][=Branch1][N][Ring1][S][C][C][O][C][C][C][Ring1][O],0.0658,1,train,O=C1OCC2=C1C(c1ccccc1)c1cc3c(cc1N2CCO)CCC3
[C][O][C][=C][C][=C][C][Branch1][Branch2][C][C][=Branch1][C][=O][N][N][=C][O][C][Ring1][#Branch2][=C][Ring1][=C],-0.5017,1,train,COc1ccc2c(CC(=O)NN)coc2c1
[N][#C][C][=C][C][Branch1][Ring1][C][#N][=C][Branch1][Ring1][C][#N][C][Branch2][Ring2][=Branch2][N][C][=C][C][=C][Ring1][Branch1][C][=N][C][=C][C][=C][C][=C][Ring1][=Branch1][N][=C][Ring1][#Branch2][C][=C][N][=C][O][C][=N][C][=C][C][=C][Ring1][=Branch1][C][Ring1][=Branch2][=C][Ring1][=N][=C][Ring2][Ring2][=Branch1][C][#N],2.8411,1,train,N#Cc1cc(C#N)c(C#N)c(-n2cccc2-c2nc3ccccc3nc2-c2cnc3oc4ncccc4c3c2)c1C#N
[C][C][N][Branch1][Ring1][C][C][C][=C][C][=C][Branch2][Ring1][=Branch1][C][=C][C][=N][C][=N][C][=C][C][=C][C][=C][Ring1][=Branch1][N][=C][Ring1][#Branch2][S][Ring1][=N][C][Branch1][Ring1][O][C][=C][Ring2][Ring1][#Branch1],1.4506,1,train,CCN(CC)c1ccc(C=Cc2nc3nc4ccccc4nc3s2)c(OC)c1
[N][#C][C][=C][Branch1][Ring1][C][#N][C][Branch1][Ring1][C][#N][=C][Branch2][Ring1][P][C][C][=C][Branch1][P][C][C][C][=C][C][=C][C][=C][C][=C][Ring1][=Branch1][C][Ring1][=Branch2][=O][C][=N][S][N][=C][Ring1][Branch1][C][=Ring2][Ring1][Branch1][C][Branch1][Ring1][C][#N][=C][Ring2][Ring1][P][C][#N],2.9483,1,train,N#Cc1c(C#N)c(C#N)c(-c2cc(CCC3=Cc4ccccc4C3=O)c3nsnc3c2)c(C#N)c1C#N
[N][#C][C][=C][C][Branch1][Ring1][C][#N][=C][Branch2][Ring2][Ring2][C][Branch1][=C][C][=C][C][=C][S][C][=N][C][Ring1][Branch1][=C][Ring1][=Branch2][C][=C][C][=C][NH1][C][=C][C][=N][C][=C][Ring1][=Branch1][C][Ring1][=Branch2][=C][Ring1][=N][C][Branch1][Ring1][C][#N][=C][Ring2][Ring1][P],1.7081,1,train,N#Cc1cc(C#N)c(C(c2ccc3scnc3c2)c2ccc3[nH]c4ccncc4c3c2)c(C#N)c1
[O][=C][N][C][=Branch1][C][=O][C][=C][C][=C][Branch1][=C][N][N][=C][C][=C][C][=C][C][Ring1][=Branch1][=N][Ring1][=Branch2][C][=C][Branch2][Ring1][Ring1][C][=C][C][=C][Branch1][=Branch2][C][=C][C][=C][N][=C][Ring1][=Branch1][C][=C][Ring1][N][C][=C][C][Ring2][Ring2][C][=C][Ring2][Ring1][#C][Ring2][Ring1][C],2.318,1,train,O=C1NC(=O)c2ccc(-n3nc4ccccc4n3)c3c(-c4ccc(-c5cccnc5)cc4)ccc1c23
[C][O][C][=C][C][=C][C][=C][C][Branch1][C][C][=C][C][=C][C][=C][C][=C][Ring1][=Branch1][N][Branch1][C][C][C][Ring1][#Branch2][=C][Ring2][Ring1][Ring1][Ring1][#C],-0.0323,1,train,COc1cccc2cc(C)c3c4ccccc4n(C)c3c12
[C][C][=C][C][=C][Branch1][C][O][C][=C][Ring1][#Branch1],-1.9375,1,train,Cc1ccc(O)cc1
[O][=C][C][=Branch2][Ring2][=Branch1][=C][C][=C][N][=C][Branch2][Ring1][=Branch2][C][=C][N][=C][Branch1][#C][C][=C][C][=C][C][=C][C][=C][C][Ring1][=Branch1][=N][Ring1][#Branch2][C][=N][Ring1][S][C][=N][Ring2][Ring1][=Branch1][C][=Branch1][C][=O][C][=C][C][=C][C][=C][Ring1][=Branch1][Ring2][Ring1][P],2.4061,1,train,O=C1C(=Cc2cnc(-c3cnc(-c4ccc5ccccc5n4)cn3)cn2)C(=O)c2ccccc21
[N][#C][C][=C][Branch1][C][F][C][Branch1][C][F][=C][Branch1][Ring1][C][#N][C][O][C][=C][C][O][C][=C][Branch1][Ring1][C][#N][C][Branch1][C][F][=C][Branch1][C][F][C][Branch1][Ring1][C][#N][=C][Ring1][N][O][C][=Ring1][S][C][=C][Ring2][Ring1][Ring2][O][C][Ring2][Ring1][S][=Ring2][Ring1][Branch2],2.9261,1,train,N#Cc1c(F)c(F)c(C#N)c2oc3cc4oc5c(C#N)c(F)c(F)c(C#N)c5oc4cc3oc12
[O][=C][C][=C][C][=C][C][=Branch1][Ring2][=C][Ring1][=Branch1][C][=C][C][=N][C][=C][Ring1][=Branch1][N][Ring1][#Branch2][C][=N][C][=C][C][=C][C][=C][Ring1][=Branch1][N][=C][Ring1][#Branch2][C][=C][C][=C][C][=C][C][=C][Ring1][=Branch1][C][=C][C][=C][C][=C][Ring1][=C][Ring1][=Branch1],1.8486,1,train,O=Cc1ccc2c(c1)c1ccncc1n2-c1nc2ccccc2nc1-c1cc2ccccc2c2ccccc12
[N][#C][C][=C][C][Branch1][Ring1][C][#N][=C][Branch2][Ring2][=Branch2][C][=C][Branch2][Ring1][Branch1][O][C][=Branch1][C][=O][C][=C][C][=C][Branch1][=Branch1][C][=Branch1][C][=O][O][C][=C][Ring1][=Branch2][C][=Branch1][C][=O][C][=C][C][=C][C][=C][Ring1][=Branch1][Ring2][Ring1][=Branch1][C][Branch1][Ring1][C][#N][=C][Ring2][Ring1][S][Br],2.8405,1,train,N#Cc1cc(C#N)c(C2=C(OC(=O)c3ccc(C(=O)O)cc3)C(=O)c3ccccc32)c(C#N)c1Br
[O][=C][C][=C][C][Branch1][C][Cl][=C][C][=C][Ring1][#Branch1][S][=Branch1][C][=O][=Branch1][C][=O][C][=C][C][=C][Branch2][Ring1][=N][C][=C][O][C][Branch2][Ring1][Ring1][C][=N][C][=C][C][N][=C][O][C][=Ring1][Branch1][C][=C][Ring1][=Branch2][O][Ring1][N][=C][Ring1][P][C][=C][Ring2][Ring1][#Branch1][Ring2][Ring2][C],2.3254,1,train,O=C1c2cc(Cl)ccc2S(=O)(=O)c2ccc(-c3coc(-c4nc5cc6ncoc6cc5o4)c3)cc21
[C][=C][N][=C][C][Branch2][Ring2][#Branch1][C][=C][C][Branch2][Ring1][N][N][C][=C][C][=C][C][O][C][Branch1][Branch2][C][C][=C][O][C][=Ring1][Branch1][=C][C][=Ring1][#Branch2][C][=C][Ring1][=C][Ring1][P][=C][NH1][Ring2][Ring1][=Branch1][=C][N][=C][C][Ring2][Ring1][N][=N][Ring2][Ring1][S],1.6985,1,train,c1cnc2c(-c3cc(-n4ccc5cc6oc(-c7ccoc7)cc6cc54)c[nH]3)cncc2n1
[C][C][C][C][N][C][=C][C][=C][C][=C][Ring1][=Branch1][C][=C][C][=C][C][=C][C][Branch1][=N][C][=C][C][=C][Branch1][Ring1][O][C][C][=C][Ring1][Branch2][=C][C][=C][Ring1][=C][N][Branch1][Branch1][C][C][C][C][C][Ring2][Ring1][Branch1][=C][Ring2][Ring1][=Branch2][Ring2][Ring1][S],-0.0191,1,train,CCCCn1c2ccccc2c2ccc3c4cc(-c5ccc(OC)cc5)ccc4n(CCCC)c3c21
[N][#C][C][=C][Branch1][Ring1][C][#N][C][Branch1][Ring1][C][#N][=C][Branch2][Ring1][=Branch2][C][=C][C][=C][Branch1][#C][C][=C][C][=C][C][=N][C][=C][N][=C][Ring1][#Branch2][Ring1][=Branch1][N][Ring1][#C][F][C][Branch1][Ring1][C][#N][=C][Ring2][Ring1][N][C][#N],2.9643,1,train,N#Cc1c(C#N)c(C#N)c(-c2ccc(-c3cccc4nccnc34)n2F)c(C#N)c1C#N
[C][=C][C][=C][C][=C][C][=C][C][=C][C][Ring1][=Branch1][=C][C][Ring1][#Branch2][=C][Ring1][=C],0.5852,1,train,c1ccc2cc3ccccc3cc2c1
[C][=C][C][=C][C][=C][C][Branch1][Ring1][O][C][=C][Ring1][Branch2],-0.9585,1,train,C=Cc1cccc(OC)c1
[C][C][Branch1][C][C][Branch1][C][C][C][=C][C][=C][Branch2][Ring2][Ring2][C][=N][N][=C][Branch2][Ring1][=Branch2][C][=C][C][=C][C][=C][C][=C][C][=C][C][=C][C][=C][Ring1][=C][C][Ring1][N][=C][Ring1][#Branch2][Ring1][=Branch1][O][Ring2][Ring1][Branch1][C][=C][Ring2][Ring1][O],1.3914,1,train,CC(C)(C)c1ccc(-c2nnc(-c3ccc4ccc5cccc6ccc3c4c56)o2)cc1
[O][=S][=Branch1][C][=O][C][=C][Branch1][O][C][=C][C][=C][C][=C][Ring1][=Branch1][Ring1][#Branch2][C][Branch1][O][C][=C][C][=C][C][=C][Ring1][=Branch1][Ring1][#C][C][=C][C][=C][C][=C][Ring1][=Branch1][C][S][C][=C][C][=C][C][=C][Ring1][=Branch1][C][=Ring1][=Branch2][Ring2][Ring1][=Branch1],1.3971,1,train,O=S1(=O)C2=C(c3ccccc31)C1(c3ccccc32)c2ccccc2-c2sc3ccccc3c21
[C][N][Branch1][C][C][C][=C][C][=C][Branch1][O][C][#C][C][=C][C][=C][C][=C][Ring1][=Branch1][C][=C][Ring1][=C],-0.7723,1,train,CN(C)c1ccc(C#Cc2ccccc2)cc1
[N][#C][C][=C][Branch1][Ring1][C][#N][C][Branch1][Ring1][C][#N][=C][Branch2][Ring1][P][C][=C][Branch2][Ring1][Ring2][C][=C][C][=C][Branch1][#Branch2][N][C][=C][C][=C][C][=C][Ring1][=Branch1][C][=C][Ring1][=N][C][=N][C][=N][C][=N][Ring1][=Branch1][C][Branch1][Ring1][C][#N][=C][Ring2][Ring1][P][C][#N],2.8811,1,train,N#Cc1c(C#N)c(C#N)c(C=C(c2ccc(Nc3ccccc3)cc2)c2ncncn2)c(C#N)c1C#N
[C][=N][C][=C][C][=C][C][=C][C][=C][C][=Branch1][=Branch1][=C][Ring1][#Branch2][Ring1][=Branch1][N][Ring1][=N],-0.5159,1,train,C1=Nc2cccc3cccc(c23)N1
[C][=C][Branch2][Ring1][#C][C][=N][C][=C][C][=C][Branch1][#C][C][=C][N][=C][C][=N][N][=C][C][Ring1][=Branch1][=C][Ring1][#Branch2][C][=C][Ring1][S][NH1][Ring2][Ring1][Ring1][C][=C][Branch1][Ring1][C][#N][C][Branch1][Ring1][C][#N][=C][C][Branch1][Ring1][C][#N][=C][Ring1][N][C][#N],2.8614,1,train,C=C(c1nc2ccc(-c3cnc4cnncc4c3)cc2[nH]1)c1c(C#N)c(C#N)cc(C#N)c1C#N
[N][C][=C][C][=C][C][=C][C][=C][C][=C][Ring1][#Branch2][Ring1][=Branch1],-0.5719,1,train,Nc1cccc2ccccc12
[C][C][C][C][C][C][N][C][=Branch1][C][=O][C][=C][C][=C][C][=C][Branch1][O][C][=C][C][=C][Branch1][C][C][S][Ring1][=Branch1][C][=C][C][=Branch1][=Branch1][=C][Ring1][S][Ring1][N][C][Ring2][Ring1][Ring2][=O],1.5547,1,train,CCCCCCN1C(=O)c2cccc3c(-c4ccc(C)s4)ccc(c23)C1=O
[O][=C][Branch1][=Branch2][O][C][C][=C][O][C][=Ring1][Branch1][C][=C][C][=C][Branch2][Ring2][Branch1][C][=Branch1][C][=O][O][C][=C][C][=C][C][=C][C][Branch1][#C][C][=C][N][=C][C][=C][C][=C][C][Ring1][=Branch1][=N][Ring1][#Branch2][=N][C][Ring1][S][=N][Ring2][Ring1][Ring2][C][=C][Ring2][Ring1][=N],2.3008,1,train,O=C(Oc1ccoc1)c1ccc(C(=O)Oc2ccc3ccc(-c4cnc5ccccc5n4)nc3n2)cc1
[C][=C][C][Branch1][Branch2][N][C][C][C][C][Ring1][Branch1][=C][C][=N][Ring1][O],-1.909,1,train,c1cc(N2CCCC2)ccn1
[C][C][=C][C][=C][C][Branch1][Branch2][C][C][=Branch1][C][=O][N][N][=C][O][C][Ring1][#Branch2][=C][Ring1][=C],-0.4553,1,train,Cc1ccc2c(CC(=O)NN)coc2c1
[C][=C][C][Branch1][Branch2][N][C][C][C][C][Ring1][Branch1][=C][C][=N][Ring1][O],-1.909,1,train,c1cc(N2CCCC2)ccn1
[N][#C][C][=C][Branch1][C][F][C][Branch1][C][F][=C][Branch1][Ring1][C][#N][C][O][C][=C][C][O][C][=C][Branch1][Ring1][C][#N][C][Branch1][C][F][=C][Branch1][C][F][C][Branch1][Ring1][C][#N][=C][Ring1][N][O][C][=Ring1][S][C][=C][Ring2][Ring1][Ring2][O][C][Ring2][Ring1][S][=Ring2][Ring1][Branch2],2.9261,1,train,N#Cc1c(F)c(F)c(C#N)c2oc3cc4oc5c(C#N)c(F)c(F)c(C#N)c5oc4cc3oc12
[C][C][Branch1][C][C][C][C][C][C][N][C][C][C][=C][Ring1][Branch1][C][=C][C][=C][C][=Branch1][Branch2][=C][C][=C][Ring1][#Branch2][Ring1][=Branch1][C][C][C][C][Ring1][=Branch2][=O],0.482,1,train,CC(C)CCCCN1CCc2c1ccc1c3c(ccc21)CCCC3=O
[C][C][Branch1][C][C][Branch1][C][C][C][N][C][=C][C][=C][C][=C][Ring1][=Branch1][C][=Branch1][C][=O][N][Ring1][O][C][=C][C][=C][C][=C][Ring1][=Branch1],-0.0808,1,train,CC(C)(C)C1Nc2ccccc2C(=O)N1c1ccccc1
[C][=C][N][=C][C][Branch2][Branch1][Ring1][C][=N][C][=N][C][NH1][C][=N][C][=Ring1][Branch1][N][=C][Ring1][=Branch2][N][Ring1][N][C][=C][C][O][C][C][=C][Branch1][=N][C][=N][C][S][C][=N][C][=Ring1][Branch1][S][Ring1][Branch2][S][C][=Ring1][=N][C][=Ring1][S][S][Ring2][Ring1][Ring1][=C][Ring2][Ring2][Branch1],2.2564,1,train,c1cncc(-c2nc3nc4[nH]cnc4nc3n2-c2cc3oc4cc(-c5nc6scnc6s5)sc4c3s2)c1
[C][=C][C][C][C][=C][C][=C][C][Branch2][Ring1][Branch1][C][=C][C][=Branch1][O][=C][C][=N][S][N][=C][Ring1][=Branch2][Ring1][Branch1][N][=S][=N][Ring1][O][=C][C][=C][C][Ring2][Ring1][C][=N][Ring2][Ring1][=Branch1],2.4952,1,train,C=CCCc1ccc2c(-c3c4c(cc5nsnc35)N=S=N4)cccc2n1
[C][N][Branch1][C][C][C][=C][C][=C][C][=C][Ring1][=Branch1],-2.2302,1,train,CN(C)c1ccccc1
[C][=C][C][Branch1][Branch2][N][C][C][C][C][Ring1][Branch1][=C][C][=N][Ring1][O],-1.909,1,train,c1cc(N2CCCC2)ccn1
[C][=C][C][Branch1][Branch2][N][C][C][C][C][Ring1][Branch1][=C][C][=N][Ring1][O],-1.909,1,train,c1cc(N2CCCC2)ccn1
[C][N][Branch1][C][C][C][=C][C][=C][C][=C][Branch1][=Branch2][C][=C][C][Ring1][=Branch1][=C][Ring1][#Branch2][C][=Branch1][C][=O][C][C][C][Ring1][O],0.269,1,train,CN(C)c1ccc2c3c(ccc2c1)C(=O)CCC3
[C][=C][C][=C][O][C][Branch2][Ring2][O][C][=N][C][=C][C][=C][Branch2][Ring1][=Branch2][C][=C][C][=C][C][=C][Branch1][=Branch2][C][=C][N][=C][C][=N][Ring1][=Branch1][C][=C][C][=C][Ring1][S][Ring1][N][C][=C][Ring2][Ring1][=Branch1][NH1][Ring2][Ring1][=Branch2][=N][C][Ring2][Ring1][=C][=C][Ring2][Ring2][C],1.5909,1,train,c1ccc2oc(-c3nc4ccc(-c5cccc6c(-c7cnccn7)cccc56)cc4[nH]3)nc2c1
[C][O][C][=C][C][=C][Branch2][Ring1][C][C][=C][S][C][Branch1][=Branch2][C][=C][C][=N][C][=C][Ring1][=Branch1][=N][Ring1][O][C][=C][Ring1][P],0.7866,1,train,COc1ccc(-c2csc(-c3ccncc3)n2)cc1
[C][C][Branch1][C][C][C][=C][C][=C][C][=C][Ring1][=Branch1][N][Branch2][Ring2][C][C][=C][Branch1][C][F][C][=C][Branch2][Ring1][C][C][=N][N][=C][Branch1][=Branch2][C][=C][C][=C][C][=C][Ring1][=Branch1][O][Ring1][O][C][=C][Ring2][Ring1][C][F][C][=C][C][=C][C][=C][Ring1][=Branch1][Ring2][Ring2][C],1.4251,1,train,CC1(C)c2ccccc2N(c2c(F)cc(-c3nnc(-c4ccccc4)o3)cc2F)c2ccccc21
[O][=C][C][=C][C][=C][C][=C][Ring1][=Branch1][S][=Branch1][C][=O][=Branch1][C][=O][C][=C][C][=C][Branch2][Ring1][P][C][=C][N][C][=N][C][Branch2][Ring1][Ring2][C][=C][C][=C][O][C][=C][C][=C][C][=C][Ring1][=Branch1][C][Ring1][=Branch2][=C][Ring1][=N][=C][Ring2][Ring1][C][C][=C][Ring2][Ring1][#Branch2][Ring2][Ring2][Ring2],1.9614,1,train,O=C1c2ccccc2S(=O)(=O)c2ccc(C=Cn3cnc(-c4ccc5oc6ccccc6c5c4)c3)cc21
[C][C][N][Branch1][Ring1][C][C][C][=C][C][=C][Branch2][Ring1][=Branch1][C][=C][C][=N][C][=N][C][=C][C][=C][C][=C][Ring1][=Branch1][N][=C][Ring1][#Branch2][S][Ring1][=N][C][=C][Ring2][Ring1][Branch1],1.5756,1,train,CCN(CC)c1ccc(C=Cc2nc3nc4ccccc4nc3s2)cc1
[C][C][O][C][=Branch1][C][=O][C][=C][C][=C][Branch1][C][N][C][=C][Ring1][#Branch1],-0.5747,1,train,CCOC(=O)c1ccc(N)cc1
[C][=C][C][=C][Branch2][Ring1][=C][N][Branch1][=Branch2][C][=C][C][=C][C][=C][Ring1][=Branch1][C][=C][C][=C][Branch1][=Branch2][C][=C][C][=N][C][=N][Ring1][=Branch1][C][=C][Ring1][N][C][=C][Ring2][Ring1][=Branch2],0.58,1,train,c1ccc(N(c2ccccc2)c2ccc(-c3ccncn3)cc2)cc1
[N][C][C][=C][NH1][C][=Branch1][C][=S][N][=Ring1][#Branch1],-0.1949,1,train,Nc1cc[nH]c(=S)n1
[C][=C][C][=C][C][=Branch1][Ring2][=C][Ring1][=Branch1][C][=C][N][Ring1][=Branch1][C][=C][C][Branch2][Ring2][=Branch1][C][=C][S][C][=C][C][=C][Branch2][Ring1][Ring2][N][C][=C][C][=C][C][=C][Ring1][=Branch1][C][=N][C][=C][C][=C][Ring1][=Branch1][Ring1][=N][C][=C][Ring2][Ring1][=Branch1][Ring2][Ring1][Ring1][=C][NH1][Ring2][Ring1][O],0.725,1,train,c1ccc2c(c1)ccn2-c1cc(-c2csc3ccc(-n4c5ccccc5c5ncccc54)cc23)c[nH]1
[N][#C][C][=C][Branch1][Ring1][C][#N][C][Branch1][Ring1][C][#N][=C][Branch2][Ring1][P][C][C][=C][Branch1][P][C][C][C][=C][C][=C][C][=C][C][=C][Ring1][=Branch1][C][Ring1][=Branch2][=O][C][=N][S][N][=C][Ring1][Branch1][C][=Ring2][Ring1][Branch1][C][Branch1][Ring1][C][#N][=C][Ring2][Ring1][P][C][#N],2.9483,1,train,N#Cc1c(C#N)c(C#N)c(-c2cc(CCC3=Cc4ccccc4C3=O)c3nsnc3c2)c(C#N)c1C#N
[N][#C][C][=C][Branch1][C][F][C][Branch1][C][F][=C][Branch1][Ring1][C][#N][C][O][C][=C][C][O][C][=C][Branch1][Ring1][C][#N][C][Branch1][C][F][=C][Branch1][C][F][C][Branch1][Ring1][C][#N][=C][Ring1][N][O][C][=Ring1][S][C][=C][Ring2][Ring1][Ring2][O][C][Ring2][Ring1][S][=Ring2][Ring1][Branch2],2.9261,1,train,N#Cc1c(F)c(F)c(C#N)c2oc3cc4oc5c(C#N)c(F)c(F)c(C#N)c5oc4cc3oc12
[C][N][Branch1][C][C][C][=C][C][=C][Branch1][=C][C][=N][C][=C][N][=C][C][=C][Ring1][=Branch1][NH1][Ring1][=Branch2][C][=C][Ring1][#C],0.0204,1,train,CN(C)c1ccc(-c2nc3cnccc3[nH]2)cc1
[N][#C][C][=N][C][=C][C][O][C][Branch2][Ring1][P][C][=N][C][=N][C][=N][C][=N][C][Branch1][=Branch2][C][=C][N][=C][C][=N][Ring1][=Branch1][=N][C][=Branch1][Branch1][=N][Ring2][Ring1][C][N][Ring1][P][Ring1][=N][=N][C][=Ring2][Ring1][Branch2][C][=C][Ring2][Ring1][N][O][Ring2][Ring1][#C],3.1446,1,train,N#Cc1nc2cc3oc(C4=NC5=NC=NC6=NC(c7cnccn7)=NC(=N4)N56)nc3cc2o1
[C][C][C][C][C][C][C][C][C][C][C][C][O][C][=C][C][=C][C][Branch1][=Branch1][N][Branch1][C][C][C][=C][C][=C][Ring1][=Branch2][C][=C][Ring1][=N][C][#N],0.1943,1,train,CCCCCCCCCCCCOc1cc2cc(N(C)C)ccc2cc1C#N
[C][O][C][=C][C][=C][C][=C][Ring1][=Branch1],-1.9335,1,train,COc1ccccc1
[N][#C][C][Branch1][Ring1][C][#N][=C][C][=C][C][=C][C][=Branch1][Ring2][=C][Ring1][=Branch1][C][=C][C][Branch1][=Branch2][C][=C][Branch1][Ring1][C][#N][C][#N][=C][C][=C][Ring1][N][N][Ring1][S][C][=C][C][=C][C][=C][C][=C][C][=C][Ring1][#Branch2][Ring1][=Branch1],2.0791,1,train,N#CC(C#N)=Cc1ccc2c(c1)c1cc(C=C(C#N)C#N)ccc1n2-c1cccc2ccccc12
[N][C][=C][C][=C][C][=C][Ring1][=Branch1][C][=Branch1][C][=O][O],-0.3595,1,train,Nc1ccccc1C(=O)O
[C][C][=C][C][=C][Branch1][C][C][C][Branch1][C][C][=C][Ring1][Branch2],-1.9996,1,train,Cc1ccc(C)c(C)c1
[C][=C][C][Branch1][Branch2][N][C][C][C][C][Ring1][Branch1][=C][C][=N][Ring1][O],-1.909,1,train,c1cc(N2CCCC2)ccn1
[C][C][C][C][C][=C][C][=C][C][=C][C][=C][C][=C][C][=C][C][=C][Ring1][=C][C][Ring1][N][=C][Ring1][#Branch2][Ring1][=Branch1],0.5325,1,train,CCCCc1ccc2ccc3cccc4ccc1c2c34
[C][#C][C][=C][C][=C][C][=Branch1][Ring2][=C][Ring1][=Branch1][S][C][=C][C][Branch2][Ring1][=N][C][=C][Branch1][Ring1][C][#N][C][=C][Branch1][Ring1][C][#N][C][Branch1][=Branch2][C][=C][C][=C][C][=N][Ring1][=Branch1][=C][Ring1][S][C][#N][=C][C][=C][Ring2][Ring1][Branch2][N][Ring2][Ring1][=N],1.551,1,train,C#Cc1ccc2c(c1)Sc1cc(-c3c(C#N)cc(C#N)c(-c4ccccn4)c3C#N)ccc1N2
[C][=C][C][Branch1][Branch2][N][C][C][C][C][Ring1][Branch1][=C][C][=N][Ring1][O],-1.909,1,train,c1cc(N2CCCC2)ccn1
[O][=C][C][Branch2][Ring2][#Branch1][N][Branch1][S][C][=C][Branch1][C][F][C][=C][Branch1][C][F][C][=C][Ring1][Branch2][F][C][=C][C][=Branch1][O][=C][C][=N][S][N][=C][Ring1][=Branch2][Ring1][Branch1][N][=S][=N][Ring1][O][=C][C][=C][C][=C][C][=C][Ring1][=Branch1][Ring2][Ring1][#C],2.8181,1,train,O=C1C(N(c2c(F)cc(F)cc2F)c2c3c(cc4nsnc24)N=S=N3)=Cc2ccccc21
[C][C][=Branch1][C][=O][N][Branch1][#Branch2][C][C][=C][C][=C][C][=N][Ring1][=Branch1][C][=C][C][=C][C][=C][C][Ring1][=Branch1][=C][C][=C][Branch1][=Branch2][C][=C][C][=C][Ring1][=C][Ring1][=Branch1][C][=Branch1][C][=O][N][Branch1][#Branch2][C][C][=C][C][=C][C][=N][Ring1][=Branch1][C][Ring2][Ring1][C][=O],1.9471,1,train,CC(=O)N(Cc1ccccn1)c1c2ccccc2c2c3c(cccc13)C(=O)N(Cc1ccccn1)C2=O
[N][#C][C][=C][C][Branch1][Ring1][C][#N][=C][Branch1][=N][C][=N][C][S][C][=N][C][=Ring1][Branch1][S][Ring1][Branch2][C][Branch1][Ring1][C][#N][=C][Ring2][Ring1][C][C][=C][C][=C][C][Branch2][Ring1][Ring2][C][=C][N][Ring1][Branch1][C][=C][C][=C][C][=N][C][=N][C][Ring1][=Branch1][=C][Ring1][#Branch2][=C][Ring2][Ring1][Ring1],2.3086,1,train,N#Cc1cc(C#N)c(-c2nc3scnc3s2)c(C#N)c1-c1ccc2c(ccn2-c2ccc3cncnc3c2)c1
[N][#C][C][=C][C][=C][C][Branch1][C][N][=C][Ring1][#Branch1],-0.5111,1,train,N#Cc1cccc(N)c1
[C][N][C][=C][C][=C][C][=C][Ring1][=Branch1][C][=Branch1][C][=O][C][=C][C][=C][C][=C][Ring1][=Branch1][C][Ring1][O][=O],1.5664,1,train,CNc1cccc2c1C(=O)c1ccccc1C2=O
[C][C][N][Branch1][Ring1][C][C][C][=C][C][=C][Branch1][Branch2][N][C][=C][C][=C][Ring1][Branch1][C][=C][Ring1][O],-1.2775,1,train,CCN(CC)c1ccc(-n2cccc2)cc1
[C][=C][C][Branch1][Branch2][N][C][C][C][C][Ring1][Branch1][=C][C][=N][Ring1][O],-1.909,1,train,c1cc(N2CCCC2)ccn1
[C][N][Branch1][C][C][C][C][C][N][C][=C][C][=C][C][=C][Ring1][=Branch1][S][C][=C][C][=C][C][=C][Ring1][=Branch1][Ring1][=C],-0.5243,1,train,CN(C)CCCN1c2ccccc2Sc2ccccc21
[C][N][C][C][N][Branch2][Ring2][Ring1][C][C][C][N][C][=C][C][=C][C][=C][Ring1][=Branch1][S][C][=C][C][=C][Branch1][=Branch2][C][Branch1][C][F][Branch1][C][F][F][C][=C][Ring1][#Branch2][Ring2][Ring1][C][C][C][Ring2][Ring1][O],0.2076,1,train,CN1CCN(CCCN2c3ccccc3Sc3ccc(C(F)(F)F)cc32)CC1
[O][=C][C][=C][C][=C][C][=C][Ring1][=Branch1][N][C][=C][C][=C][C][=C][Ring1][=Branch1][C][=Branch1][C][=O][C][=C][C][Branch1][=Branch2][C][=C][C][=C][C][=C][Ring1][=Branch1][=C][C][Ring2][Ring1][O][=C][Ring1][N][Ring2][Ring1][Branch1],1.4504,1,train,O=c1c2ccccc2n2c3ccccc3c(=O)c3cc(-c4ccccc4)cc1c32
[C][#Branch1][#Branch2][#C][C][=C][C][=C][C][=C][Ring1][=Branch1][C][=C][C][=C][C][=C][Ring1][=Branch1],-0.4963,1,train,C(#Cc1ccccc1)c1ccccc1
[N][C][=C][C][=C][NH1][N][=C][C][Ring1][Branch1][=C][Ring1][=Branch2],-0.846,1,train,Nc1ccc2[nH]ncc2c1
[C][O][C][=C][C][Branch1][=Branch1][C][=Branch1][C][=O][O][=C][C][=C][Ring1][=Branch2][O],-0.2483,1,train,COc1cc(C(=O)O)ccc1O
[C][=C][C][=C][C][=Branch1][Ring2][=C][Ring1][=Branch1][C][C][C][=C][Ring1][#Branch1][C][=N][C][=C][Ring1][=Branch1][C][=C][C][=C][C][=C][Ring1][=Branch1][C][C][Ring1][#Branch2],0.1385,1,train,c1ccc2c(c1)CCc1c-2cnc2c1-c1ccccc1CC2
[O][C][=C][C][=C][C][=C][C][=C][C][=C][C][=C][C][=C][Ring1][=C][C][Ring1][N][=C][Ring1][#Branch2][Ring1][=Branch1],0.4573,1,train,Oc1ccc2ccc3cccc4ccc1c2c34
[C][C][=C][C][=C][Branch1][C][C][N][Ring1][=Branch1][C][=C][C][=C][Branch1][=Branch1][N][Branch1][C][C][C][C][=C][Ring1][=Branch2],-1.4001,1,train,Cc1ccc(C)n1-c1ccc(N(C)C)cc1
[C][C][=C][C][=C][C][=C][Ring1][=Branch1][C],-1.9817,1,train,Cc1ccccc1C
[C][C][C][=Branch1][C][=O][C][=C][C][=C][C][=C][Branch1][=Branch1][N][Branch1][C][C][C][C][=C][C][Ring1][=Branch2][=C][Ring1][=N],0.2283,1,train,CCC(=O)c1ccc2cc(N(C)C)ccc2c1
[C][=C][C][Branch1][Branch2][N][C][C][C][C][Ring1][Branch1][=C][C][=N][Ring1][O],-1.909,1,train,c1cc(N2CCCC2)ccn1
[C][C][C][C][=Branch1][C][=O][C][=C][C][=Branch2][Ring2][Ring2][=C][Branch1][Branch2][C][=Branch1][C][=O][C][C][C][C][=C][Ring1][O][O][C][Branch1][Branch2][C][C][=Branch1][C][=O][O][C][Branch1][=Branch1][C][=Branch1][C][=O][O][O][Ring1][=N][O][C][O][Ring2][Ring1][Branch2],1.2233,1,train,CCCC(=O)c1c2c(c(C(=O)CCC)c3c1OC(CC(=O)OC)(C(=O)O)O3)OCO2
[O][=C][Branch1][C][O][C][=C][C][=C][Branch2][Ring2][=N][C][=Branch1][C][=O][O][C][=C][N][=C][Branch2][Ring1][=N][C][=Branch1][C][=O][C][=C][C][=C][C][=Branch1][Ring2][=C][Ring1][=Branch1][C][=Branch1][C][=O][C][=C][C][=C][C][=C][Ring1][=Branch1][Ring1][O][S][Ring2][Ring1][Branch1][C][=C][Ring2][Ring1][=C],2.5406,1,train,O=C(O)c1ccc(C(=O)Oc2cnc(C(=O)c3ccc4c(c3)C(=O)c3ccccc3-4)s2)cc1
[C][=C][C][=C][C][=Branch1][Ring2][=C][Ring1][=Branch1][NH1][C][=C][C][=C][C][=C][Ring1][=Branch1][Ring1][#Branch2],-0.6111,1,train,c1ccc2c(c1)[nH]c1ccccc12
[N][#C][C][=C][Branch1][C][F][C][Branch1][C][F][=C][Branch1][Ring1][C][#N][C][O][C][=C][C][O][C][=C][Branch1][Ring1][C][#N][C][Branch1][C][F][=C][Branch1][C][F][C][Branch1][Ring1][C][#N][=C][Ring1][N][O][C][=Ring1][S][C][=C][Ring2][Ring1][Ring2][O][C][Ring2][Ring1][S][=Ring2][Ring1][Branch2],2.9261,1,train,N#Cc1c(F)c(F)c(C#N)c2oc3cc4oc5c(C#N)c(F)c(F)c(C#N)c5oc4cc3oc12
[C][C][N][Branch1][Ring1][C][C][C][=C][C][=C][C][=C][Ring1][=Branch1][C][=C][C][C][=Branch1][C][=O][O][C][Branch2][Ring1][Ring1][C][=C][C][=C][Branch1][=Branch2][C][Branch1][C][F][Branch1][C][F][F][C][=C][Ring1][#Branch2][=C][C][=Ring1][P][Ring2][Ring1][Branch1],1.5021,1,train,CCN(CC)c1cccc2c1ccc1c(=O)oc(-c3ccc(C(F)(F)F)cc3)cc12
[N][C][=C][C][=C][N][=C][Ring1][=Branch1],-1.471,1,train,Nc1cccnc1
[C][C][C][C][C][C][C][Branch1][#Branch1][C][C][C][C][C][C][N][C][=Branch1][C][=O][C][=C][C][=C][C][=C][Branch1][=N][C][=C][C][=C][Branch1][Ring1][C][#N][C][=C][Ring1][Branch2][C][=C][C][=Branch1][#Branch1][=C][Ring2][Ring1][C][Ring1][=C][C][Ring2][Ring1][=Branch1][=O],1.8006,1,train,CCCCCCC(CCCCCC)N1C(=O)c2cccc3c(-c4ccc(C#N)cc4)ccc(c23)C1=O
[C][C][=C][C][=C][C][=C][Ring1][=Branch1],-1.9627,1,train,Cc1ccccc1
[Cl][C][=C][Branch1][C][Cl][C][Branch2][Ring1][Branch2][C][=C][C][=C][Branch1][#C][C][=C][C][=C][C][=C][C][=C][C][Ring1][=Branch1][=N][Ring1][#Branch2][NH1][Ring1][#C][=C][Branch1][C][Cl][C][Branch1][C][Cl][=C][Ring2][Ring1][Branch2][C][=C][N][=C][C][=N][Ring1][=Branch1],1.546,1,train,Clc1c(Cl)c(-c2ccc(-c3ccc4ccccc4n3)[nH]2)c(Cl)c(Cl)c1-c1cnccn1
[C][C][C][C][C][C][C][Branch1][#Branch1][C][C][C][C][C][C][N][C][=Branch1][C][=O][C][=C][C][=C][C][=C][Branch1][=N][C][=C][C][=C][Branch1][Ring1][C][#N][C][=C][Ring1][Branch2][C][=C][C][=Branch1][#Branch1][=C][Ring2][Ring1][C][Ring1][=C][C][Ring2][Ring1][=Branch1][=O],1.8006,1,train,CCCCCCC(CCCCCC)N1C(=O)c2cccc3c(-c4ccc(C#N)cc4)ccc(c23)C1=O
[C][=C][C][Branch1][Branch2][N][C][C][C][C][Ring1][Branch1][=C][C][=N][Ring1][O],-1.909,1,train,c1cc(N2CCCC2)ccn1
[C][C][=C][C][=Branch1][C][=O][O][C][=C][C][=C][C][=C][C][Branch1][C][O][=C][C][Ring1][#Branch1][=C][Ring1][S][Ring1][O],0.9232,1,train,Cc1cc(=O)oc2ccc3ccc(O)cc3c12
[C][=C][C][=C][Branch2][Ring1][Branch2][C][N][=C][Branch1][=Branch2][C][=C][C][=C][C][=C][Ring1][=Branch1][N][C][=C][C][=C][C][=Ring1][#C][Ring1][=Branch1][C][=C][Ring2][Ring1][Branch1],0.0499,1,train,c1ccc(-c2nc(-c3ccccc3)n3ccccc23)cc1
[C][C][=C][C][=C][C][=C][Ring1][=Branch1][C][=C][C][=C][C][=C][Ring1][=Branch1][C],-1.1142,1,train,Cc1ccccc1-c1ccccc1C
[C][O][C][=C][C][Branch1][=Branch1][C][=Branch1][C][=O][O][=C][C][=C][Ring1][=Branch2][O],-0.2433,1,train,COc1cc(C(=O)O)ccc1O
[F][C][Branch1][C][F][Branch1][C][F][C][=C][C][=C][N][=C][C][=C][Branch2][Ring1][Branch2][C][=N][C][=C][Branch1][#C][C][=C][N][=C][C][=C][C][=C][C][Ring1][=Branch1][=N][Ring1][#Branch2][O][Ring1][#C][C][=C][C][Ring2][Ring1][Branch1][=N][C][Ring2][Ring1][=Branch2][=C][Ring2][Ring1][=N],2.7283,1,train,FC(F)(F)c1ccc2nc3cc(-c4ncc(-c5cnc6ccccc6n5)o4)ccc3nc2c1
[C][O][C][=Branch1][C][=O][C][N][=C][Branch1][=Branch2][C][=C][C][=C][C][=C][Ring1][=Branch1][O][C][=Ring1][O][C],0.2881,1,train,COC(=O)c1nc(-c2ccccc2)oc1C
[N][C][=C][C][=C][C][=C][Ring1][=Branch1][C][=Branch1][C][=O][O],-0.3595,1,train,Nc1ccccc1C(=O)O
[N][C][=C][C][=C][N][=C][Ring1][=Branch1],-1.471,1,train,Nc1cccnc1
[C][C][O][C][=Branch1][C][=O][C][=C][N][Branch1][=Branch2][C][=C][C][=C][C][=C][Ring1][=Branch1][C][=C][C][Ring1][N][C][=C][C][=C][C][=C][Ring1][=Branch1],0.0226,1,train,CCOC(=O)C1=CN(c2ccccc2)C=CC1c1ccccc1
[C][C][=Branch1][C][=O][N][C][=C][C][=C][Branch1][C][O][C][=C][Ring1][#Branch1],-1.0536,1,train,CC(=O)Nc1ccc(O)cc1
[O][=C][C][=C][Branch1][=C][N][C][=C][C][Branch1][C][F][=C][C][=C][Ring1][#Branch1][F][C][=Branch1][C][=O][C][=C][C][=C][C][=C][Ring1][=Branch1][Ring2][Ring1][Ring2],1.9913,1,train,O=C1C=C(Nc2cc(F)ccc2F)C(=O)c2ccccc21
[O][=C][C][=C][NH1][C][=Branch1][C][=O][NH1][Ring1][#Branch1],-0.5536,1,train,O=c1cc[nH]c(=O)[nH]1
[N][#C][C][=C][C][Branch1][Ring1][C][#N][=C][Branch2][Ring2][Ring2][C][Branch1][=C][C][=C][C][=C][S][C][=N][C][Ring1][Branch1][=C][Ring1][=Branch2][C][=C][C][=C][NH1][C][=C][C][=N][C][=C][Ring1][=Branch1][C][Ring1][=Branch2][=C][Ring1][=N][C][Branch1][Ring1][C][#N][=C][Ring2][Ring1][P],1.7081,1,train,N#Cc1cc(C#N)c(C(c2ccc3scnc3c2)c2ccc3[nH]c4ccncc4c3c2)c(C#N)c1
[O][=C][C][=C][C][=C][C][=C][C][=C][C][=C][C][=C][C][=C][Ring1][=C][C][Ring1][N][=C][Ring1][#Branch2][Ring1][=Branch1],1.4047,1,train,O=Cc1ccc2ccc3cccc4ccc1c2c34
[N][#C][C][=C][C][=C][C][C][=C][NH1][C][Ring1][=Branch2][=Ring1][Branch1],-0.0971,1,train,N#Cc1cccc2cc[nH]c12
[C][O][C][=C][C][=C][Branch2][Ring1][P][C][#C][C][=N][C][=C][C][=C][C][=C][Ring1][=Branch1][N][=C][Ring1][#Branch2][C][=C][N][Branch1][C][C][C][=C][C][=C][C][=C][Ring1][#Branch2][Ring1][=Branch1][C][=C][Ring2][Ring1][N],1.0246,1,train,COc1ccc(C#Cc2nc3ccccc3nc2-c2cn(C)c3ccccc23)cc1
[N][#C][C][=C][Branch1][Ring1][C][#N][C][Branch1][Ring1][C][#N][=C][Branch2][Ring1][P][C][=C][Branch2][Ring1][Ring2][C][=C][C][=C][Branch1][#Branch2][N][C][=C][C][=C][C][=C][Ring1][=Branch1][C][=C][Ring1][=N][C][=N][C][=N][C][=N][Ring1][=Branch1][C][Branch1][Ring1][C][#N][=C][Ring2][Ring1][P][C][#N],2.8811,1,train,N#Cc1c(C#N)c(C#N)c(C=C(c2ccc(Nc3ccccc3)cc2)c2ncncn2)c(C#N)c1C#N
[C][=C][C][=C][C][=Branch1][Ring2][=C][Ring1][=Branch1][NH1][C][=C][C][=C][N][=C][Ring1][=Branch1][Ring1][#Branch2],-0.2136,1,train,c1ccc2c(c1)[nH]c1cccnc12
[C][=C][C][=C][C][=Branch1][Ring2][=C][Ring1][=Branch1][NH1][C][=C][C][=C][C][=C][Ring1][=Branch1][Ring1][#Branch2],-0.6111,1,train,c1ccc2c(c1)[nH]c1ccccc12
[C][N][Branch1][C][C][C][C][C][N][C][=C][C][=C][C][=C][Ring1][=Branch1][S][C][=C][C][=C][Branch1][C][Cl][C][=C][Ring1][#Branch1][Ring1][#C],-0.2543,1,train,CN(C)CCCN1c2ccccc2Sc2ccc(Cl)cc21
[C][C][=C][C][=C][C][=C][Ring1][=Branch1],-1.9627,1,train,Cc1ccccc1
[C][C][N][Branch1][Ring1][C][C][C][=C][C][=C][Branch2][Ring1][=Branch1][C][=C][C][=N][C][=N][C][=C][C][=C][C][=C][Ring1][=Branch1][N][=C][Ring1][#Branch2][S][Ring1][=N][C][=C][Ring2][Ring1][Branch1],1.6248,1,train,CCN(CC)c1ccc(C=Cc2nc3nc4ccccc4nc3s2)cc1
[C][=C][C][=C][Branch2][Ring2][P][C][=C][C][=C][Branch2][Ring1][S][C][=C][C][=C][Branch2][Ring1][Ring2][N][C][=C][C][=C][C][=C][Ring1][=Branch1][C][=C][C][=C][C][=C][Ring1][=Branch1][Ring1][=N][C][=C][Ring2][Ring1][Ring1][C][=N][S][N][=C][Ring2][Ring1][N][Ring1][Branch1][C][=C][Ring2][Ring2][C],1.5233,1,train,c1ccc(-c2ccc(-c3ccc(-n4c5ccccc5c5ccccc54)cc3)c3nsnc23)cc1
[C][C][C][C][N][C][=Branch1][C][=O][C][=C][C][=C][C][=C][C][=C][C][=Branch1][=Branch1][=C][Ring1][#Branch2][Ring1][=Branch1][C][Ring1][=C][=O],1.4209,1,train,CCCCN1C(=O)c2cccc3cccc(c23)C1=O
[C][C][=Branch1][C][=O][N][C][=C][C][=C][Branch1][C][O][C][=C][Ring1][#Branch1],-1.0536,1,train,CC(=O)Nc1ccc(O)cc1
[O][=C][C][=C][C][=C][C][=C][C][=C][C][=C][C][=C][Ring1][=Branch1][C][=Branch1][=Branch1][=C][Ring1][=C][Ring1][#Branch2][C][=Branch1][C][=O][N][Ring2][Ring1][C][C][C][=C][C][=C][C][=N][Ring1][=Branch1],1.805,1,train,O=C1c2cccc3cc4ccccc4c(c23)C(=O)N1Cc1ccccn1
[C][O][C][=C][C][Branch1][=Branch1][C][=Branch1][C][=O][O][=C][C][=C][Ring1][=Branch2][O],-0.2483,1,train,COc1cc(C(=O)O)ccc1O
[C][N][Branch1][C][C][C][=C][C][=C][Branch1][S][C][=C][C][C][=C][C][=C][C][=C][Ring1][=Branch1][C][Ring1][=Branch2][=O][C][=C][Ring1][P],0.4002,1,train,CN(C)c1ccc(C=C2Cc3ccccc3C2=O)cc1
[O][=C][C][=C][C][Branch1][=Branch2][S][=Branch1][C][=O][=Branch1][C][=O][O][=C][C][=C][Ring1][#Branch2][NH1][C][=C][C][=C][Branch1][=Branch2][S][=Branch1][C][=O][=Branch1][C][=O][O][C][=C][Ring2][Ring1][=Branch1][Ring1][#Branch2],1.538,1,train,O=c1c2cc(S(=O)(=O)O)ccc2[nH]c2ccc(S(=O)(=O)O)cc12
[N][#C][C][=C][Branch1][N][C][=C][C][=C][Branch1][C][Br][C][=C][Ring1][#Branch1][C][=C][Branch1][N][C][=C][C][=C][Branch1][C][Br][C][=C][Ring1][#Branch1][NH1][C][Ring2][Ring1][Ring2][=O],1.5374,1,train,N#Cc1c(-c2ccc(Br)cc2)cc(-c2ccc(Br)cc2)[nH]c1=O
[O][C][=C][C][=C][C][=C][Ring1][=Branch1],-1.9217,1,train,Oc1ccccc1
[C][N][Branch1][C][C][C][=C][C][=C][C][Branch1][Ring1][C][#N][=C][Ring1][Branch2],-0.6032,1,train,CN(C)c1cccc(C#N)c1
[C][O][C][=C][C][=C][C][Branch1][Branch2][C][C][=Branch1][C][=O][N][N][=C][O][C][Ring1][#Branch2][=C][Ring1][=C],-0.4542,1,train,COc1ccc2c(CC(=O)NN)coc2c1
[C][N][Branch1][C][C][C][=C][C][=C][Branch1][=N][C][=Branch1][C][=O][C][=C][C][=C][C][=C][Ring1][=Branch1][C][=C][Ring1][=C],0.1117,1,train,CN(C)c1ccc(C(=O)c2ccccc2)cc1
[N][#C][C][=N][C][Branch2][Ring1][Branch2][N][Branch1][O][C][C][=C][C][=C][C][=C][Ring1][=Branch1][F][C][C][=C][C][=C][C][=C][Ring1][=Branch1][F][=C][Branch1][Ring1][C][#N][N][=C][Ring2][Ring1][=Branch2][N][Branch1][O][C][C][=C][C][=C][C][=C][Ring1][=Branch1][F][C][C][=C][C][=C][C][=C][Ring1][=Branch1][F],1.6084,1,train,N#Cc1nc(N(Cc2ccccc2F)Cc2ccccc2F)c(C#N)nc1N(Cc1ccccc1F)Cc1ccccc1F
[N][#C][C][=C][Branch1][Ring1][C][#N][C][Branch1][Ring1][C][#N][=C][Branch2][Ring2][Ring1][C][=C][C][=C][C][Branch2][Ring1][#Branch1][C][S][C][Branch1][Branch2][C][=C][N][=C][NH1][Ring1][Branch1][=C][N][=C][C][=N][C][=Ring1][=C][Ring1][=Branch1][=C][Ring2][Ring1][Ring2][C][Branch1][Ring1][C][#N][=C][Ring2][Ring1][S][C][#N],3.1269,1,train,N#Cc1c(C#N)c(C#N)c(-c2cccc(-c3sc(-c4cnc[nH]4)c4nccnc34)c2)c(C#N)c1C#N
[C][=C][C][=C][C][=C][Branch1][Ring1][O][C][C][Branch1][Ring1][O][C][=C][Ring1][#Branch2],-1.0763,1,train,C=Cc1ccc(OC)c(OC)c1
[C][O][C][=C][C][=C][Branch2][Ring1][=C][N][C][=Branch1][C][=O][C][=C][C][=C][C][=C][Ring1][=Branch1][C][Ring1][#Branch2][C][=Branch1][C][=O][O][C][Branch1][C][C][Branch1][C][C][C][C][=C][Ring2][Ring1][#Branch1][O][C],0.348,1,train,COc1ccc(N2C(=O)c3ccccc3C2C(=O)OC(C)(C)C)cc1OC
[N][C][=C][C][=C][Branch1][N][C][=C][C][=C][Branch1][C][N][C][=C][Ring1][#Branch1][C][=C][Ring1][=N],-1.2263,1,train,Nc1ccc(-c2ccc(N)cc2)cc1
[N][C][=C][C][=C][Branch1][N][C][=C][C][=C][Branch1][C][N][C][=C][Ring1][#Branch1][C][=C][Ring1][=N],-1.2281,1,train,Nc1ccc(-c2ccc(N)cc2)cc1
[C][C][C][C][C][C][N][C][=Branch1][C][=O][C][=C][C][=C][C][=C][Branch1][P][C][=C][C][=C][Branch1][Branch2][C][=C][C][=C][S][Ring1][Branch1][S][Ring1][#Branch2][C][=C][C][=Branch1][#Branch1][=C][Ring2][Ring1][Ring2][Ring1][S][C][Ring2][Ring1][Branch2][=O],1.7454,1,train,CCCCCCN1C(=O)c2cccc3c(-c4ccc(-c5cccs5)s4)ccc(c23)C1=O
[C][=C][C][Branch1][Branch2][N][C][C][C][C][Ring1][Branch1][=C][C][=N][Ring1][O],-1.909,1,train,c1cc(N2CCCC2)ccn1
[O][=C][O][C][=C][C][=C][C][=C][Ring1][=Branch1][C][=C][Ring1][#Branch2][C][=N][C][=C][C][=C][C][=C][Ring1][=Branch1][O][Ring1][=Branch2],1.5107,1,train,O=c1oc2ccccc2cc1-c1nc2ccccc2o1
[O][=C][Branch1][C][O][C][C][C][C][N][Ring1][Branch1][C][=Branch1][C][=O][C][=C][C][=C][Branch2][Ring1][S][C][C][C][Branch1][#C][C][=C][C][=C][C][=C][C][=C][C][=C][Ring1][#Branch2][Ring1][=Branch1][=N][N][Ring1][#C][C][=C][C][=C][C][=C][Ring1][=Branch1][C][=C][Ring2][Ring1][O],0.8361,1,train,O=C(O)C1CCCN1C(=O)c1ccc(C2CC(c3cccc4ccccc34)=NN2c2ccccc2)cc1
[C][C][C][Branch2][Ring1][#Branch1][C][C][=C][C][=C][C][=Branch1][Ring2][=C][Ring1][=Branch1][C][C][C][N][Ring1][#Branch1][C][C][C][Ring1][O][C][=C][C][=C][NH1][C][=C][C][=C][Branch1][O][C][=C][Ring1][=Branch1][C][Ring1][=Branch2][=C][Ring1][=N][NH1][C][=C][C][=C][C][=C][Ring1][=Branch1][Ring1][=N],0.0431,1,train,CCC(Cc1cc2c3c(c1)CCCN3CCC2)c1ccc2[nH]c3cc4c(cc3c2c1)[nH]c1ccccc14
[N][#C][C][=C][Branch1][Ring1][C][#N][C][Branch1][Ring1][C][#N][=C][Branch2][Ring1][=Branch2][C][=C][C][=C][Branch1][#C][C][=C][C][=C][C][=N][C][=C][N][=C][Ring1][#Branch2][Ring1][=Branch1][N][Ring1][#C][F][C][Branch1][Ring1][C][#N][=C][Ring2][Ring1][N][C][#N],2.9643,1,train,N#Cc1c(C#N)c(C#N)c(-c2ccc(-c3cccc4nccnc34)n2F)c(C#N)c1C#N
[O][=C][C][=C][C][=C][C][=C][Ring1][=Branch1][N][C][N][Ring1][#Branch2][C][C][=C][C][=C][C][=C][Ring1][=Branch1],-0.087,1,train,O=C1c2ccccc2NCN1Cc1ccccc1
[C][S][=Branch1][C][=O][=Branch1][C][=O][C][=C][C][=C][C][=C][Ring1][=Branch1][C][=C][C][=C][NH1][C][Branch1][Branch2][C][C][=C][S][C][=Ring1][Branch1][=C][C][Ring1][#Branch2][=C][Ring1][=C],0.313,1,train,CS(=O)(=O)c1ccccc1-c1ccc2[nH]c(-c3ccsc3)cc2c1
[C][C][Branch1][C][C][C][=C][C][=C][C][=C][Ring1][=Branch1][C][=C][C][=C][Branch2][Ring2][Ring2][C][=C][N][=C][C][Branch2][Ring1][C][C][=N][C][=N][C][Branch1][Branch2][C][C][=C][S][C][=Ring1][Branch1][=N][Ring1][O][=C][C][=C][C][Ring1][P][=N][Ring2][Ring1][Branch1][C][=C][Ring2][Ring1][O][Ring2][Ring2][Ring1],1.7096,1,train,CC1(C)c2ccccc2-c2ccc(-c3cnc4c(-c5ncnc(-c6ccsc6)n5)cccc4n3)cc21
[N][#C][C][=C][Branch1][Ring1][C][#N][C][Branch1][Ring1][C][#N][=C][Branch2][Ring1][P][C][C][=C][Branch1][P][C][C][C][=C][C][=C][C][=C][C][=C][Ring1][=Branch1][C][Ring1][=Branch2][=O][C][=N][S][N][=C][Ring1][Branch1][C][=Ring2][Ring1][Branch1][C][Branch1][Ring1][C][#N][=C][Ring2][Ring1][P][C][#N],2.9483,1,train,N#Cc1c(C#N)c(C#N)c(-c2cc(CCC3=Cc4ccccc4C3=O)c3nsnc3c2)c(C#N)c1C#N
[C][=C][C][Branch1][Branch2][N][C][C][C][C][Ring1][Branch1][=C][C][=N][Ring1][O],-1.909,1,train,c1cc(N2CCCC2)ccn1
[C][O][C][=C][C][=C][C][=C][Ring1][=Branch1][C][=N][C][Branch1][=Branch2][C][=C][C][=C][C][=C][Ring1][=Branch1][=C][Branch1][=Branch2][C][=C][C][=C][C][=C][Ring1][=Branch1][NH1][Ring1][P],0.0373,1,train,COc1ccccc1-c1nc(-c2ccccc2)c(-c2ccccc2)[nH]1
[C][N][C][=C][C][=C][C][=Branch1][Ring2][=C][Ring1][=Branch1][C][=C][C][=C][C][=C][Ring1][=Branch1][C][Ring1][#Branch2][=O],0.7167,1,train,CNc1ccc2c(c1)-c1ccccc1C2=O
[C][N][Branch1][C][C][C][=C][C][=C][C][=C][Ring1][=Branch1],-2.2302,1,train,CN(C)c1ccccc1
[C][C][=C][C][=C][C][=C][Ring1][=Branch1][C][=Branch1][C][=O][N][N][C][=C][Branch2][Ring1][Ring1][C][C][=C][Ring1][=Branch1][C][C][Branch1][C][C][Branch1][C][C][C][C][Ring1][Branch2][=O][C][=Branch1][C][=O][C][C][Branch1][C][C][Branch1][C][C][C][Ring2][Ring1][Ring1],0.8411,1,train,Cc1ccccc1C(=O)NN1C2=C(CC3=C1CC(C)(C)CC3=O)C(=O)CC(C)(C)C2
[C][=C][C][Branch1][Branch2][N][C][C][C][C][Ring1][Branch1][=C][C][=N][Ring1][O],-1.909,1,train,c1cc(N2CCCC2)ccn1
[N][#C][C][=C][Branch1][C][F][C][Branch1][C][F][=C][Branch1][Ring1][C][#N][C][O][C][=C][C][O][C][=C][Branch1][Ring1][C][#N][C][Branch1][C][F][=C][Branch1][C][F][C][Branch1][Ring1][C][#N][=C][Ring1][N][O][C][=Ring1][S][C][=C][Ring2][Ring1][Ring2][O][C][Ring2][Ring1][S][=Ring2][Ring1][Branch2],2.9261,1,train,N#Cc1c(F)c(F)c(C#N)c2oc3cc4oc5c(C#N)c(F)c(F)c(C#N)c5oc4cc3oc12
[C][N][C][C][C][C][=C][C][C][Branch1][=Branch2][C][Branch1][C][F][Branch1][C][F][F][=C][C][=Branch1][C][=O][O][C][=Ring1][O][C][=C][Ring1][#C][Ring2][Ring1][Ring1],0.9982,1,train,CN1CCCc2cc3c(C(F)(F)F)cc(=O)oc3cc21
[C][N][Branch1][C][C][C][=C][C][=C][Branch2][Ring1][Branch1][C][=C][C][=C][C][=Branch1][C][=O][C][Branch1][C][O][=C][O][C][Ring1][Branch2][=C][Ring1][N][C][=C][Ring2][Ring1][C],0.3983,1,train,CN(C)c1ccc(-c2ccc3c(=O)c(O)coc3c2)cc1
[N][#C][C][=C][C][=C][C][=C][C][=C][C][=C][Ring1][#Branch2][Ring1][=Branch1],0.6331,1,train,N#Cc1cccc2ccccc12
[C][O][C][=C][C][=C][Branch1][N][N][C][Branch1][C][C][=C][C][=C][Ring1][=Branch1][C][C][=C][Ring1][=N],-1.1401,1,train,COc1ccc(-n2c(C)ccc2C)cc1
[C][=C][Branch2][Ring1][#C][C][=N][C][=C][C][=C][Branch1][#C][C][=C][N][=C][C][=N][N][=C][C][Ring1][=Branch1][=C][Ring1][#Branch2][C][=C][Ring1][S][NH1][Ring2][Ring1][Ring1][C][=C][Branch1][Ring1][C][#N][C][Branch1][Ring1][C][#N][=C][C][Branch1][Ring1][C][#N][=C][Ring1][N][C][#N],2.8614,1,train,C=C(c1nc2ccc(-c3cnc4cnncc4c3)cc2[nH]1)c1c(C#N)c(C#N)cc(C#N)c1C#N
[N][#C][C][=C][C][=C][Branch1][C][N][C][=C][Ring1][#Branch1],-0.7114,1,train,N#Cc1ccc(N)cc1
[N][#C][C][=C][C][=C][Branch2][Ring1][C][C][=C][C][=C][Branch1][=Branch2][C][=C][C][C][C][C][Ring1][=Branch1][S][Ring1][O][S][Ring1][S],0.9494,1,train,N#Cc1ccc(-c2ccc(C3=CCCCC3)s2)s1
[N][#C][C][=C][C][=C][Branch1][C][N][C][Branch1][Ring1][C][#N][=C][Ring1][=Branch2],0.2843,1,train,N#Cc1ccc(N)c(C#N)c1
[C][N][Branch1][C][C][C][=C][C][=C][Branch1][P][C][=Branch1][C][=O][N][C][=C][C][=C][C][Branch1][C][Cl][=C][Ring1][#Branch1][C][=C][Ring1][S],-0.0546,1,train,CN(C)c1ccc(C(=O)Nc2cccc(Cl)c2)cc1
[O][=C][C][=C][C][=C][Branch2][Ring1][Ring2][C][C][=N][C][=C][C][S][C][=N][C][=Ring1][Branch1][C][=C][Ring1][=Branch2][S][Ring1][N][C][=C][Ring2][Ring1][Ring1][C][=Branch1][C][=O][C][=C][C][Branch1][=C][C][=C][C][=C][S][C][=N][C][Ring1][Branch1][=C][Ring1][=Branch2][=C][C][=C][Ring1][#C][Ring2][Ring2][Branch1],2.241,1,train,O=C1c2ccc(Cc3nc4cc5scnc5cc4s3)cc2C(=O)c2cc(-c3ccc4scnc4c3)ccc21
[N][C][=C][C][=C][Branch1][N][C][=C][C][=C][Branch1][C][N][C][=C][Ring1][#Branch1][C][=C][Ring1][=N],-1.2281,1,train,Nc1ccc(-c2ccc(N)cc2)cc1
[O][=C][N][C][Branch2][Ring2][Branch1][C][C][=C][O][C][=Ring1][Branch1][C][=C][C][=C][C][S][C][Branch1][=Branch2][C][=C][N][=C][C][=N][Ring1][=Branch1][=C][C][=Ring1][O][C][=C][Ring1][#C][S][Ring2][Ring1][C][=C][C][=Branch1][C][=O][N][C][=C][Ring2][Ring1][S][Ring1][=Branch1],2.1372,1,train,O=C1NC(c2ccoc2-c2cc3cc4sc(-c5cnccn5)cc4cc3s2)=C2C(=O)NC=C12
[C][O][C][=C][C][=C][C][=C][Ring1][=Branch1][C][=N][C][Branch1][=Branch2][C][=C][C][=C][C][=C][Ring1][=Branch1][=C][Branch1][=Branch2][C][=C][C][=C][C][=C][Ring1][=Branch1][NH1][Ring1][P],0.0373,1,train,COc1ccccc1-c1nc(-c2ccccc2)c(-c2ccccc2)[nH]1
[C][C][O][C][=Branch1][C][=O][C][=C][C][=C][Branch1][=Branch1][N][Branch1][C][C][C][C][=C][Ring1][=Branch2],-0.6716,1,train,CCOC(=O)c1ccc(N(C)C)cc1
[C][C][=C][C][Branch1][C][C][=C][C][Branch1][P][N][C][=Branch1][C][=O][C][S][C][Branch1][C][Br][=N][C][=Ring1][=Branch1][C][=C][Ring1][P],0.9839,1,train,Cc1cc(C)cc(NC(=O)c2sc(Br)nc2C)c1
[N][C][=C][C][=C][Branch1][N][C][=C][C][=C][Branch1][C][N][C][=C][Ring1][#Branch1][C][=C][Ring1][=N],-1.2263,1,train,Nc1ccc(-c2ccc(N)cc2)cc1
[C][C][Branch1][C][C][C][C][=C][Branch2][Ring1][#Branch2][C][=C][C][=C][C][=C][Ring1][=Branch1][C][=N][C][=C][C][=C][C][=C][Ring1][=Branch1][N][=C][Ring2][Ring1][C][Ring1][#Branch2][O][Ring2][Ring1][=Branch1],1.2707,1,train,CC1(C)Cc2c(c3ccccc3c3nc4ccccc4nc23)O1
[N][#C][C][=C][Branch1][C][F][C][Branch1][C][F][=C][Branch1][Ring1][C][#N][C][O][C][=C][C][O][C][=C][Branch1][Ring1][C][#N][C][Branch1][C][F][=C][Branch1][C][F][C][Branch1][Ring1][C][#N][=C][Ring1][N][O][C][=Ring1][S][C][=C][Ring2][Ring1][Ring2][O][C][Ring2][Ring1][S][=Ring2][Ring1][Branch2],2.9261,1,train,N#Cc1c(F)c(F)c(C#N)c2oc3cc4oc5c(C#N)c(F)c(F)c(C#N)c5oc4cc3oc12
[N][#C][C][=C][C][=C][C][=C][Ring1][=Branch1][N],-0.5363,1,train,N#Cc1ccccc1N
[C][=N][C][=N][C][Branch2][Branch1][Ring1][C][=C][C][=C][C][O][C][Branch2][Ring1][O][C][=C][C][=C][C][O][C][=C][C][=Ring1][Branch1][C][=C][Ring1][=Branch2][N][Ring1][N][C][=N][C][=N][C][=N][Ring1][=Branch1][=C][C][=Ring2][Ring1][#Branch1][C][=C][Ring2][Ring1][O][NH1][Ring2][Ring1][=C][=N][Ring2][Ring2][Ring2],1.7573,1,train,c1ncnc(-c2cc3cc4oc(-c5cc6cc7occc7cc6n5-c5ncncn5)cc4cc3[nH]2)n1
[C][C][C][=C][C][=C][C][=C][C][Branch1][=Branch2][C][=C][C][=C][C][=C][Ring1][=Branch1][=N][N][Ring1][#C][Ring1][N],0.0274,1,train,CCc1ccc2ccc(-c3ccccc3)nn12
[C][C][C][C][C][C][C][C][N][C][=C][C][=C][Branch1][#C][C][#C][C][=C][C][=C][Branch1][Ring1][O][C][C][=C][Ring1][Branch2][C][=C][Ring1][S][S][C][=C][C][Branch1][Ring1][C][=O][=C][C][=C][Ring1][Branch2][Ring2][Ring1][#Branch2],0.8683,1,train,CCCCCCCCN1c2ccc(C#Cc3ccc(OC)cc3)cc2Sc2cc(C=O)ccc21
[C][C][=C][C][=C][Branch1][N][N][C][Branch1][C][C][=C][C][=C][Ring1][=Branch1][C][C][=C][Ring1][=N],-1.1052,1,train,Cc1ccc(-n2c(C)ccc2C)cc1
[N][#C][C][=C][C][Branch1][Ring1][C][#N][=C][Branch2][Ring2][#Branch1][C][=N][C][=C][C][N][=C][Branch1][P][C][=C][C][=C][N][=C][N][Branch1][C][Br][C][Ring1][=Branch1][=C][Ring1][#Branch2][O][C][=Ring1][#C][C][=C][Ring2][Ring1][Ring1][O][Ring2][Ring1][=Branch1][C][Branch1][Ring1][C][#N][=C][Ring2][Ring1][S],2.4921,1,train,N#Cc1cc(C#N)c(-c2nc3cc4nc(-c5ccc6ncn(Br)c6c5)oc4cc3o2)c(C#N)c1
[C][N][Branch1][C][C][C][=C][C][=C][C][=Branch1][Ring2][=C][Ring1][=Branch1][C][C][=C][C][=C][C][=C][Ring1][=Branch1][Ring1][#Branch2],-0.8533,1,train,CN(C)c1ccc2c(c1)Cc1ccccc1-2
[C][C][C][=Branch1][C][=O][C][=C][C][=C][C][=C][Branch1][=Branch1][N][Branch1][C][C][C][C][=C][C][Ring1][=Branch2][=C][Ring1][=N],0.2584,1,train,CCC(=O)c1ccc2cc(N(C)C)ccc2c1
[C][C][=C][C][=C][C][Branch1][Branch2][C][C][=Branch1][C][=O][N][N][=C][O][C][Ring1][#Branch2][=C][Ring1][=C],-0.5174,1,train,Cc1ccc2c(CC(=O)NN)coc2c1
[O][=C][O][C][=C][C][=C][C][=C][Ring1][=Branch1][C][=C][C][Branch2][Ring1][Branch1][N][C][=C][C][=C][C][=C][Ring1][=Branch1][O][C][=C][C][=C][C][=C][Ring1][=Branch1][Ring1][=C][=C][C][=C][Ring2][Ring1][N][Ring2][Ring1][Ring2],0.9821,1,train,O=c1oc2ccccc2c2cc(N3c4ccccc4Oc4ccccc43)ccc12
[C][C][=C][C][=C][Branch2][Ring1][#Branch2][C][=C][C][Branch1][=Branch2][C][=C][C][=C][C][=C][Ring1][=Branch1][=C][Branch1][Ring1][C][#N][C][=Branch1][C][=S][NH1][Ring1][#C][C][=C][Ring2][Ring1][Branch1],1.0517,1,train,Cc1ccc(-c2cc(-c3ccccc3)c(C#N)c(=S)[nH]2)cc1
[C][C][=C][C][=Branch1][C][=O][O][C][=C][Ring1][#Branch1][C][=C][Branch1][C][Br][C][O][C][=C][Branch1][C][C][C][=Ring1][=Branch1][Ring1][O],0.8746,1,train,Cc1cc(=O)oc2c1cc(Br)c1occ(C)c12
[N][#C][C][=C][Branch1][C][F][C][Branch1][C][F][=C][Branch1][Ring1][C][#N][C][O][C][=C][C][O][C][=C][Branch1][Ring1][C][#N][C][Branch1][C][F][=C][Branch1][C][F][C][Branch1][Ring1][C][#N][=C][Ring1][N][O][C][=Ring1][S][C][=C][Ring2][Ring1][Ring2][O][C][Ring2][Ring1][S][=Ring2][Ring1][Branch2],2.9261,1,train,N#Cc1c(F)c(F)c(C#N)c2oc3cc4oc5c(C#N)c(F)c(F)c(C#N)c5oc4cc3oc12
[N][#C][C][=C][Branch1][C][F][C][Branch1][C][F][=C][Branch1][Ring1][C][#N][C][O][C][=C][C][O][C][=C][Branch1][Ring1][C][#N][C][Branch1][C][F][=C][Branch1][C][F][C][Branch1][Ring1][C][#N][=C][Ring1][N][O][C][=Ring1][S][C][=C][Ring2][Ring1][Ring2][O][C][Ring2][Ring1][S][=Ring2][Ring1][Branch2],2.9261,1,train,N#Cc1c(F)c(F)c(C#N)c2oc3cc4oc5c(C#N)c(F)c(F)c(C#N)c5oc4cc3oc12
[C][C][=C][C][=C][Branch2][Ring2][Branch2][N][C][Branch1][#Branch2][C][=C][C][=C][C][=C][Ring1][=Branch1][O][=N][C][Branch1][#Branch2][C][=C][C][=C][C][=C][Ring1][=Branch1][O][=C][Ring2][Ring1][Ring1][C][=C][C][=C][C][=C][Ring1][=Branch1][O][C][=C][Ring2][Ring1][S],0.1241,1,train,Cc1ccc(-n2c(-c3ccccc3O)nc(-c3ccccc3O)c2-c2ccccc2O)cc1
[C][=C][C][=C][Branch1][S][N][C][=C][C][=C][C][=C][C][=C][C][Ring1][=Branch1][=N][Ring1][#Branch2][C][=C][Ring1][P],0.2636,1,train,c1ccc(Nc2ccc3ccccc3n2)cc1
[C][N][Branch1][C][C][C][=C][C][=C][C][=Branch1][Ring2][=C][Ring1][=Branch1][C][C][=C][C][=C][C][=C][Ring1][=Branch1][Ring1][#Branch2],-0.8533,1,train,CN(C)c1ccc2c(c1)Cc1ccccc1-2
[C][=C][S][C][Branch2][Ring1][#Branch1][C][=C][N][=C][Branch1][Branch2][C][=C][C][=C][S][Ring1][Branch1][C][=N][O][N][=C][Ring1][=C][Ring1][Branch1][=C][Ring2][Ring1][Ring1],2.0555,1,train,c1csc(-c2cnc(-c3cccs3)c3nonc23)c1
[C][=C][C][=C][Branch2][Ring2][#Branch2][N][C][=C][C][=C][C][=C][C][Ring1][=Branch1][=C][Branch1][Branch2][C][=N][C][=C][S][Ring1][Branch1][C][=C][C][Branch1][=Branch2][C][=C][C][=N][C][=N][Ring1][=Branch1][=C][C][=C][Ring2][Ring1][=Branch2][Ring1][N][C][=C][Ring2][Ring1][S],1.6073,1,train,c1ccc(Nc2c3ccccc3c(-c3nccs3)c3cc(-c4ccncn4)ccc23)cc1
[C][N][Branch1][C][C][C][=C][C][Branch1][Ring1][C][#N][=C][Branch1][=Branch1][N][Branch1][C][C][C][C][Branch1][Ring1][C][#N][=C][Ring1][=N],0.3022,1,train,CN(C)c1cc(C#N)c(N(C)C)c(C#N)c1
[O][=C][N][C][=Branch1][C][=O][C][=C][Ring1][=Branch1][C][=C][C][=C][Ring1][=Branch1][C][=C][C][=C][N][=C][Ring1][=Branch1][C][=C][C][=C][NH1][C][=C][C][=C][Branch1][Branch2][C][=C][C][=C][S][Ring1][Branch1][C][=C][Ring1][O][C][Ring1][=C][=C][Ring2][Ring1][C],1.4385,1,train,O=C1NC(=O)c2c1cccc2-c1cccnc1-c1ccc2[nH]c3ccc(-c4cccs4)cc3c2c1
[C][O][C][=Branch1][C][=O][C][Branch1][#C][N][C][=Branch1][C][=O][O][C][Branch1][C][C][Branch1][C][C][C][C][=C][C][=C][O][C][Branch1][=N][C][=C][C][=C][Branch1][C][O][C][=C][Ring1][#Branch1][O][=N][C][Ring1][=N][=C][Ring1][P],0.6526,1,train,COC(=O)C(NC(=O)OC(C)(C)C)c1ccc2oc(-c3ccc(O)cc3O)nc2c1
[O][=C][NH1][C][=C][C][=C][C][=C][Ring1][=Branch1][NH1][Ring1][=Branch2],-1.1818,1,train,O=c1[nH]c2ccccc2[nH]1
[C][C][N][Branch1][Ring1][C][C][C][=C][C][=C][C][Branch1][C][C][=C][C][=Branch1][C][=O][O][C][Ring1][Branch2][=C][Ring1][N],0.0091,1,train,CCN(CC)c1ccc2c(C)cc(=O)oc2c1
[C][C][=C][C][=C][C][Branch1][N][C][=C][C][=C][C][Branch1][C][C][=C][Ring1][#Branch1][=C][Ring1][=N],-0.8127,1,train,Cc1cccc(-c2cccc(C)c2)c1
[C][N][Branch1][C][C][C][=C][C][=C][Branch1][O][C][#C][C][=C][C][=C][C][=C][Ring1][=Branch1][C][=C][Ring1][=C],-0.7723,1,train,CN(C)c1ccc(C#Cc2ccccc2)cc1
[N][#C][C][=C][Branch1][C][F][C][Branch1][C][F][=C][Branch1][Ring1][C][#N][C][O][C][=C][C][O][C][=C][Branch1][Ring1][C][#N][C][Branch1][C][F][=C][Branch1][C][F][C][Branch1][Ring1][C][#N][=C][Ring1][N][O][C][=Ring1][S][C][=C][Ring2][Ring1][Ring2][O][C][Ring2][Ring1][S][=Ring2][Ring1][Branch2],2.9261,1,train,N#Cc1c(F)c(F)c(C#N)c2oc3cc4oc5c(C#N)c(F)c(F)c(C#N)c5oc4cc3oc12
[C][N][Branch1][C][C][C][=C][C][=C][C][=Branch1][Ring2][=C][Ring1][=Branch1][C][=Branch1][C][=O][N][C][Ring1][#Branch1][=O],0.6814,1,train,CN(C)c1ccc2c(c1)C(=O)NC2=O
[N][#C][C][=C][C][=C][C][=C][Ring1][=Branch1][N],-0.5363,1,train,N#Cc1ccccc1N
[N][C][=C][C][=N][C][=C][Ring1][=Branch1],-1.6927,1,train,Nc1ccncc1
[O][=C][C][Branch1][=C][C][S][C][=C][N][=C][C][=N][C][=Ring1][=Branch2][Ring1][=Branch1][=C][Branch2][Ring1][N][C][=N][C][=N][C][NH1][C][=N][C][=Ring1][Branch1][N][=C][Ring1][=Branch2][N][Ring1][N][N][C][=C][C][=C][C][=C][Ring1][=Branch1][C][=C][C][=C][C][=C][Ring1][=Branch1][Ring2][Ring2][Branch1],2.5127,1,train,O=C1C(c2scc3nccnc23)=C(c2nc3nc4[nH]cnc4nc3n2Nc2ccccc2)c2ccccc21
[N][#C][C][=C][Branch1][C][F][C][Branch1][C][F][=C][Branch1][Ring1][C][#N][C][O][C][=C][C][O][C][=C][Branch1][Ring1][C][#N][C][Branch1][C][F][=C][Branch1][C][F][C][Branch1][Ring1][C][#N][=C][Ring1][N][O][C][=Ring1][S][C][=C][Ring2][Ring1][Ring2][O][C][Ring2][Ring1][S][=Ring2][Ring1][Branch2],2.9261,1,train,N#Cc1c(F)c(F)c(C#N)c2oc3cc4oc5c(C#N)c(F)c(F)c(C#N)c5oc4cc3oc12
[C][=Branch1][#C][=C][C][S][C][=C][N][=C][C][=N][C][=Ring1][=Branch2][Ring1][=Branch1][C][=C][N][C][=C][N][=C][Ring1][Branch1][C][Branch1][#C][C][=C][N][=C][C][=C][C][=C][C][Ring1][=Branch1][=N][Ring1][#Branch2][=N][Ring2][Ring1][Ring1],2.2569,1,train,C(=Cc1scc2nccnc12)c1cn2ccnc2c(-c2cnc3ccccc3n2)n1
[C][C][=C][C][=C][O][C][=C][Branch1][Branch2][C][C][=Branch1][C][=O][N][N][C][Ring1][#Branch2][=C][Ring1][=C],-0.5058,1,train,Cc1ccc2occ(CC(=O)NN)c2c1
[O][=C][NH1][C][=C][C][=C][C][=C][Ring1][=Branch1][NH1][Ring1][=Branch2],-1.1818,1,train,O=c1[nH]c2ccccc2[nH]1
[F][C][Branch1][C][F][Branch1][C][F][C][Branch1][C][F][Branch1][C][F][C][Branch1][C][F][Branch1][C][F][C][Branch1][C][F][Branch1][C][F][C][Branch1][C][F][Branch1][C][F][C][Branch1][C][F][Branch1][C][F][C][C][O][C][=N][N][=C][Branch1][C][Cl][N][=N][Ring1][#Branch1],2.3104,1,train,FC(F)(F)C(F)(F)C(F)(F)C(F)(F)C(F)(F)C(F)(F)CCOc1nnc(Cl)nn1
[N][#C][C][=C][C][=C][NH1][C][=C][Branch1][#Branch1][C][Ring1][Branch1][=C][Ring1][=Branch2][C][=C][C][=C][C][=C][Ring1][=Branch1][N][Ring1][O][C][=C][C][=C][Branch2][Ring1][Branch1][C][=N][N][=C][Branch1][N][C][=C][C][=C][Branch1][C][Br][C][=C][Ring1][#Branch1][O][Ring1][N][C][=C][Ring2][Ring1][C],1.6916,1,train,N#Cc1ccc2[nH]c3c(c2c1)c1ccccc1n3-c1ccc(-c2nnc(-c3ccc(Br)cc3)o2)cc1
[O][=C][C][=C][C][=C][C][=C][Ring1][=Branch1][C][=C][C][=C][Branch1][=Branch2][N][C][C][O][C][C][Ring1][=Branch1][C][=C][C][=C][C][Ring2][Ring1][=Branch1][=C][Ring1][S][Ring1][=Branch1],1.2162,1,train,O=C1c2ccccc2-c2ccc(N3CCOCC3)c3cccc1c23
[N][C][=C][C][=C][Branch1][N][C][=C][C][=C][Branch1][C][N][C][=C][Ring1][#Branch1][C][=C][Ring1][=N],-1.2263,1,train,Nc1ccc(-c2ccc(N)cc2)cc1
[C][O][C][=C][C][=C][Branch2][Ring1][Branch1][N][N][=C][Branch1][Ring1][C][#N][C][Branch1][Branch2][N][C][C][C][C][Ring1][Branch1][=N][Ring1][N][C][=C][Ring2][Ring1][C],0.2506,1,train,COc1ccc(-n2nc(C#N)c(N3CCCC3)n2)cc1
[C][N][Branch1][C][C][C][=C][C][=C][C][=Branch1][Ring2][=C][Ring1][=Branch1][C][C][=C][C][=C][C][=C][Ring1][=Branch1][Ring1][#Branch2],-0.8533,1,train,CN(C)c1ccc2c(c1)Cc1ccccc1-2
[C][O][C][=C][C][=C][C][=C][Ring1][=Branch1],-1.9335,1,train,COc1ccccc1
[C][C][=C][C][Branch1][C][C][=C][C][Branch1][C][C][=C][Ring1][Branch2],-2.0033,1,train,Cc1cc(C)cc(C)c1
[C][O][C][=C][C][=C][Branch2][Ring1][Ring2][N][Branch1][=Branch2][C][=C][C][=C][C][=C][Ring1][=Branch1][C][=C][C][=C][C][=C][Ring1][=Branch1][C][=C][Ring2][Ring1][Ring1],-0.5464,1,train,COc1ccc(N(c2ccccc2)c2ccccc2)cc1
[O][=C][C][=C][C][=C][C][=C][Ring1][=Branch1][C][=Branch1][C][=O][C][=C][Branch2][Ring1][Ring1][N][C][C][N][C][=N][C][Branch1][C][Cl][=N][C][Branch1][C][Cl][=N][Ring1][Branch2][C][=C][C][=C][Ring2][Ring1][C][Ring2][Ring1][O],2.1825,1,train,O=C1c2ccccc2C(=O)c2c(NCCNc3nc(Cl)nc(Cl)n3)cccc21
[Cl][C][=C][Branch1][C][Cl][C][Branch2][Ring1][Branch2][C][=C][C][=C][Branch1][#C][C][=C][C][=C][C][=C][C][=C][C][Ring1][=Branch1][=N][Ring1][#Branch2][NH1][Ring1][#C][=C][Branch1][C][Cl][C][Branch1][C][Cl][=C][Ring2][Ring1][Branch2][C][=C][N][=C][C][=N][Ring1][=Branch1],1.546,1,train,Clc1c(Cl)c(-c2ccc(-c3ccc4ccccc4n3)[nH]2)c(Cl)c(Cl)c1-c1cnccn1
[C][C][N][Branch1][Ring1][C][C][C][=C][C][=C][Branch1][Branch2][N][C][=C][C][=C][Ring1][Branch1][C][=C][Ring1][O],-1.2775,1,train,CCN(CC)c1ccc(-n2cccc2)cc1
[C][N][C][=Branch2][Ring1][#Branch1][=C][C][=C][C][=N][C][=N][C][=C][C][=C][C][=C][Ring1][=Branch1][N][=C][Ring1][#Branch2][S][Ring1][=N][C][Branch1][C][C][Branch1][C][C][C][=C][C][=C][C][=C][Ring1][=Branch1][Ring2][Ring1][O],1.5366,1,train,CN1C(=CC=Cc2nc3nc4ccccc4nc3s2)C(C)(C)c2ccccc21
[O][=C][C][=C][C][=C][C][=Branch1][Ring2][=C][Ring1][=Branch1][C][=C][C][=C][C][=C][Ring1][=Branch1][N][Ring1][#Branch2][C][=C][C][=C][C][=C][C][=C][Ring1][=Branch1][C][=C][C][=C][C][=C][Ring1][=C][Ring1][=Branch1],1.0892,1,train,O=Cc1ccc2c(c1)c1ccccc1n2-c1cc2ccccc2c2ccccc12
[C][C][=C][C][=C][Branch1][C][C][N][Ring1][=Branch1][C][=C][C][=C][C][=C][Ring1][=Branch1],-1.0574,1,train,Cc1ccc(C)n1-c1ccccc1
[C][=C][C][=C][C][=C][C][=Branch1][Ring2][=C][Ring1][=Branch1][C][=C][C][Branch2][Ring1][Ring1][C][=C][Branch1][C][Cl][C][Branch1][C][Cl][=C][C][Branch1][C][Cl][=C][Ring1][=Branch2][Cl][=C][C][=C][Ring1][S][N][Ring2][Ring1][Ring2][C][=C][C][O][C][C][=C][S][C][=Ring1][Branch1][C][=Ring1][Branch2][S][Ring1][O],1.2291,1,train,C=Cc1ccc2c(c1)c1cc(-c3c(Cl)c(Cl)cc(Cl)c3Cl)ccc1n2-c1cc2oc3ccsc3c2s1
[C][C][N][=C][Branch1][=N][C][=C][C][Branch1][C][N][=C][C][=C][Ring1][#Branch1][O][N][C][=Ring1][=N][C][C][C][C][Ring1][=Branch1],-1.1895,1,train,Cc1nc(-c2cc(N)ccc2O)n2c1CCCC2
[N][C][=C][C][=C][Branch1][N][C][=C][C][=C][Branch1][C][N][C][=C][Ring1][#Branch1][C][=C][Ring1][=N],-1.2263,1,train,Nc1ccc(-c2ccc(N)cc2)cc1
[N][#C][C][=C][C][=C][C][Branch1][C][N][=C][Ring1][#Branch1],-0.5111,1,train,N#Cc1cccc(N)c1
[O][=C][N][C][=Branch1][C][=O][C][Branch1][=C][C][=C][NH1][C][=C][C][=C][C][=C][Ring1][=Branch2][Ring1][=Branch1][=C][Ring1][#C][C][=C][NH1][C][=C][C][=C][C][=C][Ring1][=Branch2][Ring1][=Branch1],1.1526,1,train,O=C1NC(=O)C(c2c[nH]c3ccccc23)=C1c1c[nH]c2ccccc12
[C][#Branch2][Ring1][=Branch1][#C][C][=C][C][=C][Branch1][O][C][#C][C][=C][C][=C][C][=C][Ring1][=Branch1][C][=C][Ring1][=C][C][=C][C][=C][C][=C][Ring1][=Branch1],0.1329,1,train,C(#Cc1ccc(C#Cc2ccccc2)cc1)c1ccccc1
[C][O][C][=C][C][=C][Branch2][Ring2][=N][C][=C][C][=C][C][=Branch1][Ring2][=C][Ring1][=Branch1][C][C][C][=C][C][Branch1][=N][C][=C][C][=C][Branch1][Ring1][O][C][C][=C][Ring1][Branch2][=C][C][=Branch1][#Branch1][=C][Ring1][=C][Ring2][Ring1][Ring1][C][C][Ring2][Ring1][=Branch1][C][=C][Ring2][Ring1][=C],0.188,1,train,COc1ccc(-c2cc3c4c(c2)CCc2cc(-c5ccc(OC)cc5)cc(c2-4)CC3)cc1
[O][=C][C][=Branch2][Ring2][Ring2][=C][C][=Branch1][C][=O][C][=C][C][=C][C][=C][C][Ring1][=Branch1][=C][C][=C][C][=C][C][=C][C][=C][Ring1][=Branch1][C][Ring2][Ring1][Ring2][=C][Ring1][#Branch2][Ring2][Ring1][C][C][=Branch1][C][=O][C][=C][C][=C][C][=C][Ring1][=Branch1][Ring2][Ring1][#C],2.2566,1,train,O=C1C(=c2c(=O)c3c4ccccc4cc4cc5ccccc5c2c43)C(=O)c2ccccc21
[C][C][C][C][C][C][N][Branch1][#Branch1][C][C][C][C][C][C][C][=C][C][=C][Branch1][#C][C][#C][C][=C][C][=C][Branch1][Ring1][C][#N][C][=C][Ring1][Branch2][C][=C][Ring1][S],0.4303,1,train,CCCCCCN(CCCCCC)c1ccc(C#Cc2ccc(C#N)cc2)cc1
[O][=C][NH1][C][=C][C][=C][C][=C][Ring1][=Branch1][NH1][Ring1][=Branch2],-1.1818,1,train,O=c1[nH]c2ccccc2[nH]1
[N][#C][C][=C][Branch1][Branch2][C][=C][C][=C][S][Ring1][Branch1][C][=C][Branch2][Ring1][=Branch1][C][=C][C][=C][C][=Branch1][Ring2][=C][Ring1][=Branch1][C][C][=C][C][=C][C][=C][Ring1][=Branch1][Ring1][#Branch2][NH1][C][Ring2][Ring1][Branch2][=O],1.3246,1,train,N#Cc1c(-c2cccs2)cc(-c2ccc3c(c2)Cc2ccccc2-3)[nH]c1=O
[C][O][C][=C][C][=C][C][=Branch1][Ring2][=C][Ring1][=Branch1][C][=C][C][=C][N][=C][Ring1][=Branch1][N][Ring1][#Branch2][C][C][=C][C][=N][S][N][=C][Ring1][Branch1][C][=Ring1][=Branch2][N][C][=C][C][=C][C][=C][Ring1][=Branch1][C][=N][C][=C][C][=C][Ring1][=Branch1][Ring1][=N],1.7001,1,train,COc1ccc2c(c1)c1cccnc1n2-c1ccc2nsnc2c1-n1c2ccccc2c2ncccc21
[C][N][Branch1][C][C][C][=C][C][Branch1][Ring1][C][#N][=C][Branch1][=Branch1][N][Branch1][C][C][C][C][Branch1][Ring1][C][#N][=C][Ring1][=N],0.3022,1,train,CN(C)c1cc(C#N)c(N(C)C)c(C#N)c1
[C][C][C][C][=C][C][=N][C][Ring1][Branch1][=C][C][=C][NH1][C][Branch1][Branch2][C][=C][Ring1][Branch1][C][C][C][=C][N][=C][Branch2][Ring1][Ring1][C][Branch1][C][O][=C][C][NH1][C][Ring2][Ring1][=Branch1][=C][C][=Ring1][Branch1][C][C][C][C][Branch1][Ring2][C][C][C][=C][Ring2][Ring1][Ring1],2.1782,1,train,CCCC1=Cc2nc1ccc1[nH]c(cc1CCC)c1nc(c(O)cc3[nH]c2cc3CCC)C(CCC)=C1
[C][C][Branch1][C][C][C][C][C][N][C][=C][C][=C][C][=C][Ring1][=Branch1][C][C][C][=C][C][=C][C][=C][Ring1][=Branch1][Ring1][#C],-1.0212,1,train,CC(C)CCCN1c2ccccc2CCc2ccccc21
[C][=C][C][Branch1][Branch2][N][C][C][C][C][Ring1][Branch1][=C][C][=N][Ring1][O],-1.909,1,train,c1cc(N2CCCC2)ccn1
[C][C][C][C][C][C][C][C][N][C][=C][C][=C][Branch2][Ring1][Branch1][C][#C][C][=C][C][=C][Branch1][=Branch2][C][Branch1][C][F][Branch1][C][F][F][C][=C][Ring1][#Branch2][C][=C][Ring2][Ring1][C][S][C][=C][C][Branch1][Ring1][C][=O][=C][C][=C][Ring1][Branch2][Ring2][Ring1][N],1.3507,1,train,CCCCCCCCN1c2ccc(C#Cc3ccc(C(F)(F)F)cc3)cc2Sc2cc(C=O)ccc21
[C][C][Branch1][C][C][O][C][=C][Branch2][Ring1][#Branch2][C][=N][C][=C][C][=C][C][=C][Ring1][=Branch1][N][=C][Ring1][#Branch2][C][=C][C][=C][C][=C][Ring2][Ring1][C][Ring1][=Branch1][C][C][Ring2][Ring1][#Branch1][Br],1.5077,1,train,CC1(C)Oc2c(c3nc4ccccc4nc3c3ccccc23)CC1Br
[O][=C][C][Branch1][N][C][=C][C][=C][Branch1][C][O][C][=C][Ring1][#Branch1][=C][O][C][=C][C][Branch1][C][O][=C][C][Branch1][C][O][=C][Ring2][Ring1][Ring1][Ring1][Branch2],0.1703,1,train,O=c1c(-c2ccc(O)cc2)coc2cc(O)cc(O)c12
[C][C][=C][C][=C][Branch1][C][C][C][Branch1][C][C][=C][Ring1][Branch2],-1.9996,1,train,Cc1ccc(C)c(C)c1
[C][C][=C][C][Branch1][C][C][=N][C][Branch1][C][N][=N][Ring1][Branch2],-1.2655,1,train,Cc1cc(C)nc(N)n1
[C][O][C][=C][C][=C][Branch1][#C][C][#C][C][=C][C][=C][Branch1][Ring1][C][#N][C][=C][Ring1][Branch2][C][=C][Ring1][S][O][C],0.3832,1,train,COc1ccc(C#Cc2ccc(C#N)cc2)cc1OC
[N][C][=C][C][=C][C][=Branch1][Ring2][=C][Ring1][=Branch1][C][C][=C][C][=C][C][=C][Ring1][=Branch1][Ring1][#Branch2],-0.7825,1,train,Nc1ccc2c(c1)Cc1ccccc1-2
[O][=C][C][=C][C][=C][C][=C][Ring1][=Branch1][C][=Branch1][C][=O][C][=C][C][Branch2][Ring2][Ring2][N][C][=N][C][Branch2][Ring1][=Branch2][C][=C][C][=C][C][=C][Ring1][=Branch1][C][=C][C][=C][C][=Branch1][Ring2][=C][Ring1][=Branch1][S][C][=C][N][Ring1][#Branch1][=C][Ring2][Ring1][Branch1][=C][C][=C][Ring2][Ring1][O][Ring2][Ring2][Ring2],2.1978,1,train,O=C1c2ccccc2C(=O)c2cc(-n3cnc(-c4ccccc4-c4ccc5c(c4)SC=CN5)c3)ccc21
[N][#C][C][=C][C][=C][C][=C][NH1][C][Ring1][Branch1][=C][Ring1][=Branch2],-0.2147,1,train,N#Cc1ccc2cc[nH]c2c1
[O][=C][C][=C][C][Branch1][C][Cl][=C][C][=C][Ring1][#Branch1][S][=Branch1][C][=O][=Branch1][C][=O][C][=C][C][=C][Branch2][Ring1][=N][C][=C][O][C][Branch2][Ring1][Ring1][C][=N][C][=C][C][N][=C][O][C][=Ring1][Branch1][C][=C][Ring1][=Branch2][O][Ring1][N][=C][Ring1][P][C][=C][Ring2][Ring1][#Branch1][Ring2][Ring2][C],2.3254,1,train,O=C1c2cc(Cl)ccc2S(=O)(=O)c2ccc(-c3coc(-c4nc5cc6ncoc6cc5o4)c3)cc21
[Cl][C][=C][C][Branch1][C][Cl][=C][Branch2][Ring2][N][C][=N][C][=C][C][=C][C][=C][Ring1][=Branch1][N][Ring1][=Branch2][C][=N][C][=N][C][=N][C][=N][C][Branch1][Branch2][N][C][=C][C][=C][Ring1][Branch1][=N][C][=Branch1][Ring2][=N][Ring1][P][N][Ring1][S][Ring1][N][C][Branch1][C][Cl][=C][Ring2][Ring2][Ring1],2.1424,1,train,Clc1cc(Cl)c(-c2nc3ccccc3n2C2=NC3=NC=NC4=NC(n5cccc5)=NC(=N2)N34)c(Cl)c1
[N][#C][C][=C][Branch1][Ring1][C][#N][C][Branch1][Ring1][C][#N][=C][Branch2][Ring1][=Branch2][C][=C][C][=C][Branch1][#C][C][=C][C][=C][C][=N][C][=C][N][=C][Ring1][#Branch2][Ring1][=Branch1][N][Ring1][#C][F][C][Branch1][Ring1][C][#N][=C][Ring2][Ring1][N][C][#N],2.9643,1,train,N#Cc1c(C#N)c(C#N)c(-c2ccc(-c3cccc4nccnc34)n2F)c(C#N)c1C#N
[N][C][=C][C][=C][C][C][=N][NH1][C][Ring1][=Branch2][=Ring1][Branch1],-0.7414,1,train,Nc1cccc2cn[nH]c12
[O][=C][N][C][Branch2][Ring2][Branch1][C][C][=C][O][C][=Ring1][Branch1][C][=C][C][=C][C][S][C][Branch1][=Branch2][C][=C][N][=C][C][=N][Ring1][=Branch1][=C][C][=Ring1][O][C][=C][Ring1][#C][S][Ring2][Ring1][C][=C][C][=Branch1][C][=O][N][C][=C][Ring2][Ring1][S][Ring1][=Branch1],2.1372,1,train,O=C1NC(c2ccoc2-c2cc3cc4sc(-c5cnccn5)cc4cc3s2)=C2C(=O)NC=C12
[C][C][Branch1][C][C][C][C][=Branch1][C][=O][C][=C][Branch1][Ring2][C][Ring1][Branch2][O][C][=C][C][=C][C][=C][C][=C][C][Ring1][=Branch1][=C][Ring1][#Branch2][C][Ring1][#C][C][=C][C][=C][C][=N][Ring1][=Branch1],0.7049,1,train,CC1(C)CC(=O)C2=C(C1)Oc1ccc3ccccc3c1C2c1ccccn1
[C][=C][C][=C][N][=C][Branch2][Ring1][Ring2][N][C][=C][C][=C][C][=C][Ring1][=Branch1][C][=C][C][=C][C][=C][Ring1][=Branch1][Ring1][=N][C][Branch2][Ring1][Ring2][N][C][=C][C][=C][C][=C][Ring1][=Branch1][C][=C][C][=C][C][=C][Ring1][=Branch1][Ring1][=N][=N][C][Ring2][Ring1][S][=C][Ring2][Ring2][Ring2],1.3956,1,train,c1ccc2nc(-n3c4ccccc4c4ccccc43)c(-n3c4ccccc4c4ccccc43)nc2c1
[C][C][=C][C][=C][Branch2][Ring2][O][N][C][=C][C][=C][C][=C][Ring1][=Branch1][C][=C][C][Branch2][Ring1][Ring1][C][=Branch1][Branch2][=C][Branch1][Ring1][C][#N][C][#N][C][=C][C][=C][C][=C][Ring1][=Branch1][=C][C][=C][Ring2][Ring1][C][Ring2][Ring1][=Branch2][C][=C][Ring2][Ring1][#C],1.0678,1,train,Cc1ccc(-n2c3ccccc3c3cc(C(=C(C#N)C#N)c4ccccc4)ccc32)cc1
[O][=C][C][Branch2][Ring2][#Branch1][N][Branch1][S][C][=C][Branch1][C][F][C][=C][Branch1][C][F][C][=C][Ring1][Branch2][F][C][=C][C][=Branch1][O][=C][C][=N][S][N][=C][Ring1][=Branch2][Ring1][Branch1][N][=S][=N][Ring1][O][=C][C][=C][C][=C][C][=C][Ring1][=Branch1][Ring2][Ring1][#C],2.8181,1,train,O=C1C(N(c2c(F)cc(F)cc2F)c2c3c(cc4nsnc24)N=S=N3)=Cc2ccccc21
[O][=C][N][C][=Branch1][C][=O][C][C][Ring1][=Branch1][=C][C][C][=C][C][=C][C][=Ring1][=Branch1][NH1][C][Ring1][=Branch2][=C][NH1][C][=C][C][=C][C][=C][Ring1][=Branch1][C][=Ring2][Ring1][Ring2][Ring1][=Branch2],1.127,1,train,O=C1NC(=O)c2c1c1c3ccccc3[nH]c1c1[nH]c3ccccc3c21
[N][#C][C][=N][C][=C][C][O][C][Branch2][Ring1][P][C][=N][C][=N][C][=N][C][=N][C][Branch1][=Branch2][C][=C][N][=C][C][=N][Ring1][=Branch1][=N][C][=Branch1][Branch1][=N][Ring2][Ring1][C][N][Ring1][P][Ring1][=N][=N][C][=Ring2][Ring1][Branch2][C][=C][Ring2][Ring1][N][O][Ring2][Ring1][#C],3.1446,1,train,N#Cc1nc2cc3oc(C4=NC5=NC=NC6=NC(c7cnccn7)=NC(=N4)N56)nc3cc2o1
[C][C][Branch1][C][C][C][=C][C][=C][C][=C][Ring1][=Branch1][O][C][=C][C][=C][Branch2][Ring2][Ring2][C][=C][C][=C][C][Branch2][Ring1][Branch2][C][=C][C][=C][S][C][=C][Branch1][=Branch2][C][=C][C][=C][N][=C][Ring1][=Branch1][C][Ring1][O][=C][Ring1][#C][=C][Ring2][Ring1][Branch1][C][=C][Ring2][Ring1][O][Ring2][Ring2][Ring2],0.6439,1,train,CC1(C)c2ccccc2Oc2ccc(-c3cccc(-c4ccc5scc(-c6cccnc6)c5c4)c3)cc21
[C][=C][C][=C][Branch2][Ring2][P][C][=C][C][=C][Branch2][Ring1][S][C][=C][C][=C][Branch2][Ring1][Ring2][N][C][=C][C][=C][C][=C][Ring1][=Branch1][C][=C][C][=C][C][=C][Ring1][=Branch1][Ring1][=N][C][=C][Ring2][Ring1][Ring1][C][=N][S][N][=C][Ring2][Ring1][N][Ring1][Branch1][C][=C][Ring2][Ring2][C],1.5233,1,train,c1ccc(-c2ccc(-c3ccc(-n4c5ccccc5c5ccccc54)cc3)c3nsnc23)cc1
[C][C][N][Branch1][Ring1][C][C][C][=C][C][=C][Branch1][Branch2][N][C][=C][C][=C][Ring1][Branch1][C][=C][Ring1][O],-1.2776,1,train,CCN(CC)c1ccc(-n2cccc2)cc1
[O][=C][Branch1][=Branch2][C][=C][C][=N][C][=C][Ring1][=Branch1][C][=C][C][=C][C][Branch2][Ring2][=Branch2][C][=C][C][=C][O][C][Branch1][Branch2][C][C][=C][S][C][=Ring1][Branch1][=C][Branch1][#C][C][=C][C][=C][C][=C][C][=C][Ring1][=Branch1][C][Ring1][=Branch2][=O][C][Ring2][Ring1][Ring2][=C][Ring2][Ring1][Branch2][=C][Ring2][Ring1][=C],2.0169,1,train,O=C(c1ccncc1)c1cccc(-c2ccc3oc(-c4ccsc4)c(C4=Cc5ccccc5C4=O)c3c2)c1
[C][=C][C][Branch1][Branch2][N][C][C][C][C][Ring1][Branch1][=C][C][=N][Ring1][O],-1.909,1,train,c1cc(N2CCCC2)ccn1
[C][=C][C][Branch1][Branch2][N][C][C][C][C][Ring1][Branch1][=C][C][=N][Ring1][O],-1.909,1,train,c1cc(N2CCCC2)ccn1
[O][=C][O][C][C][=C][Ring1][Branch1][C][Branch1][=Branch2][C][=C][C][=C][C][=C][Ring1][=Branch1][C][=C][C][=C][Branch1][O][C][=C][Ring1][=Branch1][N][Ring1][S][C][C][O][C][C][C][Ring1][O],0.068,1,train,O=C1OCC2=C1C(c1ccccc1)c1cc3c(cc1N2CCO)CCC3
[O][=C][NH1][C][=C][C][=C][C][=C][Ring1][=Branch1][NH1][Ring1][=Branch2],-1.1818,1,train,O=c1[nH]c2ccccc2[nH]1
[C][N][Branch1][C][C][C][=C][C][=C][Branch1][=C][C][=N][C][=C][N][=C][C][=C][Ring1][=Branch1][NH1][Ring1][=Branch2][C][=C][Ring1][#C],0.0204,1,train,CN(C)c1ccc(-c2nc3cnccc3[nH]2)cc1
[C][=C][C][=C][C][=C][C][=C][Branch2][Ring1][=C][C][=C][C][Branch1][Branch2][C][=C][N][=C][S][Ring1][Branch1][=C][N][Ring1][#Branch2][C][=C][C][=C][C][=N][S][N][=C][Ring1][=Branch2][Ring1][Branch1][C][=C][C][=C][C][=Branch1][Branch1][=C][Ring2][Ring1][P][C][Ring2][Ring1][S][=C][Ring2][Ring1][=C][Ring1][#Branch1],1.917,1,train,c1cc2ccc3cc(-c4cc(-c5cncs5)cn4-c4cccc5nsnc45)cc4ccc(c1)c2c34
[N][#C][C][N][=N][N][Branch2][Ring1][C][C][=C][C][=N][C][=C][C][Branch1][C][Cl][=C][C][=C][Ring1][O][Ring1][#Branch1][C][=Ring1][S][N],1.6412,1,train,N#Cc1nnn(-c2ccnc3cc(Cl)ccc23)c1N
[N][#C][C][=C][C][Branch1][Ring1][C][#N][=C][Branch2][Ring2][=Branch2][C][=C][Branch2][Ring1][Branch1][O][C][=Branch1][C][=O][C][=C][C][=C][Branch1][=Branch1][C][=Branch1][C][=O][O][C][=C][Ring1][=Branch2][C][=Branch1][C][=O][C][=C][C][=C][C][=C][Ring1][=Branch1][Ring2][Ring1][=Branch1][C][Branch1][Ring1][C][#N][=C][Ring2][Ring1][S][Br],2.8405,1,train,N#Cc1cc(C#N)c(C2=C(OC(=O)c3ccc(C(=O)O)cc3)C(=O)c3ccccc32)c(C#N)c1Br
[C][O][C][=C][C][=C][Branch1][N][N][C][Branch1][C][C][=C][C][=C][Ring1][=Branch1][C][C][=C][Ring1][=N],-1.1401,1,train,COc1ccc(-n2c(C)ccc2C)cc1
[N][#C][C][=C][Branch1][C][F][C][Branch1][C][F][=C][Branch1][Ring1][C][#N][C][O][C][=C][C][O][C][=C][Branch1][Ring1][C][#N][C][Branch1][C][F][=C][Branch1][C][F][C][Branch1][Ring1][C][#N][=C][Ring1][N][O][C][=Ring1][S][C][=C][Ring2][Ring1][Ring2][O][C][Ring2][Ring1][S][=Ring2][Ring1][Branch2],2.9261,1,train,N#Cc1c(F)c(F)c(C#N)c2oc3cc4oc5c(C#N)c(F)c(F)c(C#N)c5oc4cc3oc12
[C][=C][C][Branch1][Branch2][N][C][C][C][C][Ring1][Branch1][=C][C][=N][Ring1][O],-1.909,1,train,c1cc(N2CCCC2)ccn1
[C][=C][Branch2][Ring1][#C][C][=N][C][=C][C][=C][Branch1][#C][C][=C][N][=C][C][=N][N][=C][C][Ring1][=Branch1][=C][Ring1][#Branch2][C][=C][Ring1][S][NH1][Ring2][Ring1][Ring1][C][=C][Branch1][Ring1][C][#N][C][Branch1][Ring1][C][#N][=C][C][Branch1][Ring1][C][#N][=C][Ring1][N][C][#N],2.8614,1,train,C=C(c1nc2ccc(-c3cnc4cnncc4c3)cc2[nH]1)c1c(C#N)c(C#N)cc(C#N)c1C#N
[C][C][Branch1][C][C][N][C][=C][C][=C][C][=C][Ring1][=Branch1][C][NH1][C][=C][C][=C][C][=C][Ring1][=Branch1][C][=Branch1][C][=O][C][=Ring1][O][Ring2][Ring1][Ring2],0.4101,1,train,CC1(C)Nc2ccccc2-c2[nH]c3ccccc3c(=O)c21
[C][C][=C][C][=C][N][=C][C][=Branch1][C][=O][NH1][C][=Branch1][C][=O][NH1][C][Ring1][Branch2][=N][C][Ring1][N][=C][Ring1][S],1.7777,1,train,Cc1ccc2nc3c(=O)[nH]c(=O)[nH]c3nc2c1
[N][#C][C][=C][C][=C][C][=C][Ring1][=Branch1][N],-0.5363,1,train,N#Cc1ccccc1N
[O][=C][C][=C][C][=C][C][=C][Ring1][=Branch1][C][=C][C][=C][Branch2][Ring1][Ring1][N][C][C][N][Branch1][=Branch2][C][=C][C][=C][C][=C][Ring1][=Branch1][C][C][Ring1][N][C][=C][C][=C][C][Ring2][Ring1][N][=C][Ring2][Ring1][=Branch1][Ring1][=Branch1],1.3281,1,train,O=C1c2ccccc2-c2ccc(N3CCN(c4ccccc4)CC3)c3cccc1c23
[O][=C][NH1][C][=C][C][=C][C][=C][Ring1][=Branch1][NH1][Ring1][=Branch2],-1.1818,1,train,O=c1[nH]c2ccccc2[nH]1
[C][=C][C][Branch1][Branch2][N][C][C][C][C][Ring1][Branch1][=C][C][=N][Ring1][O],-1.9089,1,train,c1cc(N2CCCC2)ccn1
[C][C][=C][C][=C][Branch1][C][C][C][Branch1][C][C][=C][Ring1][Branch2],-1.9996,1,train,Cc1ccc(C)c(C)c1
[O][=C][N][C][=Branch1][C][=O][C][=C][C][Branch2][Ring1][C][C][C][Branch1][Branch2][C][=C][N][=C][NH1][Ring1][Branch1][=C][S][C][=Ring1][#Branch2][Cl][=C][C][=C][Branch1][=N][C][=C][C][Ring2][Ring1][Branch2][=C][Ring2][Ring1][Branch1][Ring1][=Branch1][C][=Branch1][C][=O][N][C][Ring1][O][=O],2.884,1,train,O=C1NC(=O)c2cc(-c3c(-c4cnc[nH]4)csc3Cl)c3c4c(ccc1c24)C(=O)NC3=O
[N][C][=C][C][=C][N][=C][Ring1][=Branch1],-1.471,1,train,Nc1cccnc1
[Cl][C][=C][C][=C][C][=Branch1][Ring2][=C][Ring1][=Branch1][C][=C][N][=C][C][=C][Ring1][=Branch1][N][Ring1][#Branch2][N][C][=C][C][=C][C][=C][Ring1][=Branch1][O][C][=C][C][Branch1][=C][C][=C][C][=C][C][=N][S][N][=C][Ring1][=Branch2][Ring1][Branch1][=C][C][=C][Ring1][#C][Ring2][Ring1][#Branch1],1.7181,1,train,Clc1ccc2c(c1)c1cnccc1n2N1c2ccccc2Oc2cc(-c3cccc4nsnc34)ccc21
[C][C][Branch1][C][C][Branch1][C][C][C][=C][C][=C][S][C][Branch2][Ring2][C][C][=C][C][Branch2][Ring1][#Branch1][C][=C][Branch1][Ring1][C][#N][C][Branch1][Ring1][C][#N][=C][C][Branch1][Ring1][C][#N][=C][Ring1][N][C][#N][=C][O][Ring2][Ring1][Ring1][=N][C][Ring2][Ring1][Branch2][=C][Ring2][Ring1][N],2.5184,1,train,CC(C)(C)c1ccc2sc(-c3cc(-c4c(C#N)c(C#N)cc(C#N)c4C#N)co3)nc2c1
[N][#C][C][=C][Branch1][C][F][C][Branch1][C][F][=C][Branch1][Ring1][C][#N][C][O][C][=C][C][O][C][=C][Branch1][Ring1][C][#N][C][Branch1][C][F][=C][Branch1][C][F][C][Branch1][Ring1][C][#N][=C][Ring1][N][O][C][=Ring1][S][C][=C][Ring2][Ring1][Ring2][O][C][Ring2][Ring1][S][=Ring2][Ring1][Branch2],2.9261,1,train,N#Cc1c(F)c(F)c(C#N)c2oc3cc4oc5c(C#N)c(F)c(F)c(C#N)c5oc4cc3oc12
[C][C][Branch1][C][C][Branch1][C][C][C][=C][C][=C][C][=Branch1][Ring2][=C][Ring1][=Branch1][C][C][=C][C][=C][C][=C][Ring1][=Branch1][N][Branch1][Branch2][C][C][=C][O][C][=Ring1][Branch1][C][=Ring1][=C][N][Ring2][Ring1][C][C][=C][C][=C][Branch1][#Branch2][N][C][=C][C][=C][C][=C][Ring1][=Branch1][C][=C][Ring1][=N],0.0926,1,train,CC(C)(C)c1ccc2c(c1)c1c3ccccc3n(-c3ccoc3)c1n2-c1ccc(Nc2ccccc2)cc1
[C][C][=C][C][=C][Branch1][C][C][C][=C][Ring1][#Branch1],-1.9808,1,train,Cc1ccc(C)cc1
[N][C][=C][C][=C][C][=C][Ring1][=Branch1],-2.1704,1,train,Nc1ccccc1
[N][#C][C][=C][C][Branch1][Ring1][C][#N][=C][Branch1][Ring1][C][#N][C][Branch2][Ring1][P][C][=C][C][=C][C][=C][C][Branch1][#C][C][=C][N][=C][C][=N][N][=C][C][Ring1][=Branch1][=C][Ring1][#Branch2][=C][C][=C][Ring1][S][S][Ring2][Ring1][Ring1][=C][Ring2][Ring1][#C][C][#N],2.8619,1,train,N#Cc1cc(C#N)c(C#N)c(C=Cc2cc3cc(-c4cnc5cnncc5c4)ccc3s2)c1C#N
[N][#C][C][=C][C][=C][C][=C][NH1][C][Ring1][Branch1][=C][Ring1][=Branch2],-0.2147,1,train,N#Cc1ccc2cc[nH]c2c1
[C][C][=C][C][=C][Branch2][Ring2][#Branch1][C][C][C][Branch1][N][C][=C][C][=C][Branch1][C][O][C][=C][Ring1][#Branch1][=N][N][Ring1][N][C][=C][C][=C][Branch1][=Branch2][S][Branch1][C][N][=Branch1][C][=O][=O][C][=C][Ring1][#Branch2][C][=C][Ring2][Ring1][N],0.5211,1,train,Cc1ccc(C2CC(c3ccc(O)cc3)=NN2c2ccc(S(N)(=O)=O)cc2)cc1
[C][=C][C][=C][Branch2][Ring1][=C][C][N][=C][Branch1][=C][C][=C][NH1][C][=C][C][=C][C][=C][Ring1][=Branch2][Ring1][=Branch1][N][C][=C][C][=C][C][=Ring2][Ring1][C][Ring1][=Branch1][C][=C][Ring2][Ring1][Branch2],0.0504,1,train,c1ccc(-c2nc(-c3c[nH]c4ccccc34)n3ccccc23)cc1
[N][#C][C][=C][Branch1][C][F][C][Branch1][C][F][=C][Branch1][Ring1][C][#N][C][O][C][=C][C][O][C][=C][Branch1][Ring1][C][#N][C][Branch1][C][F][=C][Branch1][C][F][C][Branch1][Ring1][C][#N][=C][Ring1][N][O][C][=Ring1][S][C][=C][Ring2][Ring1][Ring2][O][C][Ring2][Ring1][S][=Ring2][Ring1][Branch2],2.9261,1,train,N#Cc1c(F)c(F)c(C#N)c2oc3cc4oc5c(C#N)c(F)c(F)c(C#N)c5oc4cc3oc12
[O][=C][C][=C][N][=C][Branch2][Ring2][Branch1][C][=C][C][=C][C][=C][Branch1][=C][C][S][C][=C][N][=C][C][=N][C][=Ring1][=Branch2][Ring1][=Branch1][C][=C][Ring1][#C][C][=C][C][=C][C][=C][Ring2][Ring1][#Branch1][Ring1][=Branch1][C][=N][Ring2][Ring1][=N],2.3592,1,train,O=Cc1cnc(-c2cc3ccc(-c4scc5nccnc45)cc3c3ccccc23)cn1
[N][#C][C][=C][C][=C][Branch1][C][N][C][=C][Ring1][#Branch1],-0.7114,1,train,N#Cc1ccc(N)cc1
[C][=C][C][=C][Branch2][Ring2][P][C][=C][C][=C][C][=C][C][=C][C][=C][Branch1][=Branch2][C][=C][C][=C][C][=C][Ring1][=Branch1][C][=C][C][=C][C][=C][C][=C][Ring2][Ring1][Branch2][C][Ring1][=Branch1][=C][Ring2][Ring1][Branch2][C][Ring1][#Branch2][=C][Ring2][Ring1][Branch2][Ring2][Ring1][Ring2][C][=C][Ring2][Ring2][C],1.3435,1,train,c1ccc(-c2cc3cc4cccc5c(-c6ccccc6)cc6cc7cccc2c7c3c6c45)cc1
[C][S][=Branch1][C][=O][=Branch1][C][=O][C][=C][C][=C][Branch2][Ring1][Branch1][C][=C][C][=C][C][=C][Branch1][C][N][C][=C][Ring1][#Branch1][C][=Branch1][C][=O][O][Ring1][N][C][=C][Ring2][Ring1][C],1.0008,1,train,CS(=O)(=O)c1ccc(-c2cc3ccc(N)cc3c(=O)o2)cc1
[C][=C][C][=C][C][=Branch1][Ring2][=C][Ring1][=Branch1][NH1][C][C][=C][C][=C][C][=C][Ring1][=Branch1][NH1][C][Ring1][=N][=Ring1][=Branch2],-0.4744,1,train,c1ccc2c(c1)[nH]c1c3ccccc3[nH]c21
[C][N][Branch1][C][C][C][=C][C][=C][C][=C][Ring1][=Branch1],-2.2302,1,train,CN(C)c1ccccc1
[C][O][C][=C][C][=C][C][=C][C][Ring1][=Branch1][=C][Branch1][=Branch2][C][=C][C][=C][C][=C][Ring1][=Branch1][C][=C][C][=C][C][=C][Ring2][Ring1][Ring2][Ring1][=Branch1],0.7733,1,train,COc1c2ccccc2c(-c2ccccc2)c2ccccc12
[O][=C][C][=C][C][=C][C][Branch2][Ring1][=C][N][C][=N][C][=N][C][=C][Branch1][=C][N][=C][N][Ring1][Branch1][C][=C][C][=C][N][=C][Ring1][=Branch1][N][=C][Ring1][#C][Ring2][Ring1][C][=C][Ring2][Ring1][Branch2][C][=Branch1][C][=O][N][Ring2][Ring1][N][C][=C][C][=C][C][=C][Ring1][=Branch1],2.1363,1,train,O=C1c2cccc(-n3cnc4nc5c(ncn5-c5cccnc5)nc43)c2C(=O)N1c1ccccc1
[N][C][=C][C][=C][C][=C][Ring1][=Branch1][C][=Branch1][C][=O][O],-0.3595,1,train,Nc1ccccc1C(=O)O
[C][=C][C][=C][N][=C][Branch2][Ring1][Ring2][N][C][=C][C][=C][C][=C][Ring1][=Branch1][C][=C][C][=C][C][=C][Ring1][=Branch1][Ring1][=N][C][Branch2][Ring1][Ring2][N][C][=C][C][=C][C][=C][Ring1][=Branch1][C][=C][C][=C][C][=C][Ring1][=Branch1][Ring1][=N][=N][C][Ring2][Ring1][S][=C][Ring2][Ring2][Ring2],1.3956,1,train,c1ccc2nc(-n3c4ccccc4c4ccccc43)c(-n3c4ccccc4c4ccccc43)nc2c1
[O][=C][C][C][C][C][=C][Ring1][=Branch1][C][C][=C][Branch1][Branch2][C][C][C][C][Ring1][=Branch1][=O][N][Ring1][O][N][C][=Branch1][C][=O][C][=C][C][=C][Branch1][C][O][C][=C][Ring1][#Branch1],0.9351,1,train,O=C1CCCC2=C1CC1=C(CCCC1=O)N2NC(=O)c1ccc(O)cc1
[C][=Branch1][#C][=C][C][S][C][=C][N][=C][C][=N][C][=Ring1][=Branch2][Ring1][=Branch1][C][=C][N][C][=C][N][=C][Ring1][Branch1][C][Branch1][#C][C][=C][N][=C][C][=C][C][=C][C][Ring1][=Branch1][=N][Ring1][#Branch2][=N][Ring2][Ring1][Ring1],2.2569,1,train,C(=Cc1scc2nccnc12)c1cn2ccnc2c(-c2cnc3ccccc3n2)n1
[N][C][=C][C][=C][NH1][N][=C][C][Ring1][Branch1][=C][Ring1][=Branch2],-0.846,1,train,Nc1ccc2[nH]ncc2c1
[N][C][=C][C][=N][C][=C][Ring1][=Branch1],-1.6927,1,train,Nc1ccncc1
[C][#Branch1][#Branch2][#C][C][=C][C][=C][C][=C][Ring1][=Branch1][C][=C][C][=C][C][=C][Ring1][=Branch1],-0.4963,1,train,C(#Cc1ccccc1)c1ccccc1
[O][=C][Branch1][C][O][C][O][C][=C][C][=C][NH1][C][=C][Branch1][#Branch1][C][Ring1][Branch1][=C][Ring1][=Branch2][C][C][C][C][Ring1][Branch2][=O],0.623,1,train,O=C(O)COc1ccc2[nH]c3c(c2c1)CCCC3=O
[C][O][C][=C][C][=C][C][=C][Ring1][=Branch1],-1.9335,1,train,COc1ccccc1
[C][O][C][=C][C][=C][C][=C][C][Ring1][=Branch1][=C][Branch1][Ring1][O][C][C][=C][Ring1][N][C][=C][C][=C][Branch1][=Branch2][C][Branch1][C][F][Branch1][C][F][F][C][=C][Ring1][#Branch2][N][Ring1][=N][C],0.9214,1,train,COc1c2ccccc2c(OC)c2c1c1ccc(C(F)(F)F)cc1n2C
[C][C][=C][C][=Branch1][C][=O][C][=C][C][=C][Branch1][C][N][C][=C][Ring1][#Branch1][O][Ring1][N],-0.156,1,train,Cc1cc(=O)c2ccc(N)cc2o1
[N][#C][C][=C][Branch1][Ring1][C][#N][C][Branch1][Ring1][C][#N][=C][Branch2][Ring2][Ring1][C][=C][C][=C][C][Branch2][Ring1][#Branch1][C][S][C][Branch1][Branch2][C][=C][N][=C][NH1][Ring1][Branch1][=C][N][=C][C][=N][C][=Ring1][=C][Ring1][=Branch1][=C][Ring2][Ring1][Ring2][C][Branch1][Ring1][C][#N][=C][Ring2][Ring1][S][C][#N],3.1269,1,train,N#Cc1c(C#N)c(C#N)c(-c2cccc(-c3sc(-c4cnc[nH]4)c4nccnc34)c2)c(C#N)c1C#N
[N][#C][C][=C][C][Branch2][Ring1][Branch1][C][#C][C][=C][Branch1][C][F][C][Branch1][C][F][=N][C][Branch1][C][F][=C][Ring1][=Branch2][F][=C][Branch2][Ring1][Branch1][C][#C][C][=C][Branch1][C][F][C][Branch1][C][F][=N][C][Branch1][C][F][=C][Ring1][=Branch2][F][C][=C][Ring2][Ring1][=C][C][#N],3.1597,1,train,N#Cc1cc(C#Cc2c(F)c(F)nc(F)c2F)c(C#Cc2c(F)c(F)nc(F)c2F)cc1C#N
[C][C][N][Branch1][Ring1][C][C][C][=C][C][=C][C][=C][Branch1][=C][C][=C][N][C][=C][C][=C][C][Ring1][=Branch1][=N][Ring1][=Branch2][C][=Branch1][C][=O][O][C][Ring1][S][=C][Ring2][Ring1][Ring2],0.6257,1,train,CCN(CC)c1ccc2cc(-c3cn4ccccc4n3)c(=O)oc2c1
[C][O][C][C][=C][S][C][=Ring1][Branch1][C][=C][C][=C][Branch2][Ring1][Ring1][C][=C][C][=C][Branch1][#Branch2][C][S][C][=C][C][=Ring1][Branch1][O][C][S][Ring1][N][S][Ring1][P],0.8538,1,train,COc1ccsc1-c1ccc(-c2ccc(-c3sccc3OC)s2)s1
[C][O][C][=C][C][=C][C][=C][Ring1][=Branch1][C][=N][C][=C][C][=C][C][=C][C][Ring1][=Branch1][=C][C][=C][C][=C][C][Ring1][=Branch1][=C][Ring1][=C][O][Ring1][P],0.5689,1,train,COc1ccccc1-c1nc2c3ccccc3c3ccccc3c2o1
[C][=C][C][=C][Branch2][Ring1][#C][C][=N][N][Branch1][=Branch2][C][=C][C][=C][C][=C][Ring1][=Branch1][C][=N][C][=C][C][=C][C][=C][Ring1][=Branch1][C][=C][Ring2][Ring1][Ring1][Ring1][#Branch2][C][=C][Ring2][Ring1][=Branch2],1.1226,1,train,c1ccc(-c2nn(-c3ccccc3)c3nc4ccccc4cc23)cc1
[N][C][=C][C][=C][C][=Branch1][Ring2][=C][Ring1][=Branch1][C][C][=C][C][=C][C][=C][Ring1][=Branch1][Ring1][#Branch2],-0.7825,1,train,Nc1ccc2c(c1)Cc1ccccc1-2
[C][=C][C][=C][C][=C][Ring1][=Branch1],-1.9413,1,train,c1ccccc1
[C][S][C][S][C][Branch1][=N][C][=Branch1][C][=O][C][=C][C][=C][C][=C][Ring1][=Branch1][=C][N][=N][NH1][C][=Branch1][C][=O][C][=Ring2][Ring1][C][Ring1][#Branch1],2.0519,1,train,CSc1sc(C(=O)c2ccccc2)c2nn[nH]c(=O)c12
[N][#C][C][C][=C][O][C][=Ring1][Branch1][N][Branch1][=Branch2][C][=C][C][=C][C][=C][Ring1][=Branch1][C][=C][C][=C][Branch2][Ring1][#Branch1][C][=C][Branch1][Ring1][C][#N][C][Branch1][Ring1][C][#N][=C][C][Branch1][Ring1][C][#N][=C][Ring1][N][C][#N][C][=C][Ring2][Ring1][Ring2],2.3312,1,train,N#Cc1ccoc1N(c1ccccc1)c1ccc(-c2c(C#N)c(C#N)cc(C#N)c2C#N)cc1
[C][=C][C][=C][Branch2][Ring1][=Branch2][C][N][=C][Branch1][Branch2][C][=C][C][=C][S][Ring1][Branch1][NH1][C][=Ring1][#Branch2][C][=C][C][=C][C][=C][Ring1][=Branch1][C][=C][Ring2][Ring1][=Branch1],0.3146,1,train,c1ccc(-c2nc(-c3cccs3)[nH]c2-c2ccccc2)cc1
[N][#C][C][=C][C][=C][Branch2][Ring2][O][C][#C][C][=C][C][=C][Branch2][Ring1][O][C][#C][C][=C][C][=C][Branch1][=N][C][#C][C][=C][C][=C][C][=C][Ring1][=Branch1][C][#N][C][=C][Ring1][S][C][#N][C][=C][Ring2][Ring1][#Branch2][C][#N][C][=C][Ring2][Ring2][Ring2],2.1898,1,train,N#Cc1ccc(C#Cc2ccc(C#Cc3ccc(C#Cc4ccccc4C#N)cc3C#N)cc2C#N)cc1
[N][#C][C][=C][Branch1][Branch2][C][=C][C][=C][S][Ring1][Branch1][C][=C][Branch1][Branch2][C][=C][C][=C][S][Ring1][Branch1][NH1][C][Ring1][S][=O],1.37,1,train,N#Cc1c(-c2cccs2)cc(-c2cccs2)[nH]c1=O
[C][N][Branch1][C][C][C][=C][C][=C][Branch1][O][C][#C][C][=C][C][=C][C][=C][Ring1][=Branch1][C][=C][Ring1][=C],-0.7723,1,train,CN(C)c1ccc(C#Cc2ccccc2)cc1
[C][O][N][C][=C][C][=C][C][=C][Ring1][=Branch1][C][=C][C][Branch2][Ring1][O][N][C][=C][N][=C][Ring1][Branch1][N][C][=C][C][=C][C][=C][Ring1][=Branch1][C][=C][C][=C][C][=C][Ring1][=Branch1][Ring1][=N][=C][N][=C][Ring2][Ring1][Branch2][Ring2][Ring1][#C],0.786,1,train,COn1c2ccccc2c2cc(-n3ccnc3-n3c4ccccc4c4ccccc43)cnc21
[C][C][=C][C][=C][C][Branch1][C][C][=C][Ring1][#Branch1],-1.9837,1,train,Cc1cccc(C)c1
[C][O][C][=C][C][NH1][C][=C][Branch1][#Branch2][C][=Ring1][Branch1][C][=C][Ring1][=Branch2][O][C][C][C][C][C][Ring1][O][=O],0.1934,1,train,COc1cc2[nH]c3c(c2cc1OC)CCCC3=O
[C][O][C][=Branch1][C][=O][C][=C][C][=C][Branch2][Ring1][Branch1][C][=N][C][=C][C][=C][Branch1][=Branch1][N][Branch1][C][C][C][C][=C][Ring1][=Branch2][S][Ring1][N][C][=C][Ring2][Ring1][C],1.007,1,train,COC(=O)c1ccc(-c2nc3ccc(N(C)C)cc3s2)cc1
[C][=C][C][Branch1][Branch2][N][C][C][C][C][Ring1][Branch1][=C][C][=N][Ring1][O],-1.909,1,train,c1cc(N2CCCC2)ccn1
[C][C][C][S][C][Branch2][Ring2][Branch1][C][=C][C][=C][C][=Branch1][Ring2][=C][Ring1][=Branch1][S][=Branch1][C][=O][=Branch1][C][=O][C][=C][C][Branch1][Ring1][C][#N][=C][C][=C][Ring1][Branch2][S][Ring1][#C][=Branch1][C][=O][=O][=C][N][=C][C][=N][C][=Ring2][Ring1][=N][Ring1][=Branch1],2.4716,1,train,CCc1sc(-c2ccc3c(c2)S(=O)(=O)c2cc(C#N)ccc2S3(=O)=O)c2nccnc12
[O][=C][O][C][=C][C][=C][Branch1][C][Cl][C][=C][Ring1][#Branch1][C][=C][Ring1][O][C][=C][C][=C][C][Branch1][C][Cl][=C][C][=C][Ring1][#Branch1][O][Ring1][#Branch2],1.7401,1,train,O=c1oc2ccc(Cl)cc2cc1-c1cc2cc(Cl)ccc2o1
[C][S][=Branch1][C][=O][=Branch1][C][=O][C][C][Branch2][Ring1][#Branch1][C][=C][S][C][Branch1][=C][C][=C][C][=C][C][=N][S][N][=C][Ring1][=Branch2][Ring1][Branch1][=C][Ring1][=C][=C][N][C][=C][C][=C][C][=Ring2][Ring1][#Branch1][Ring1][=Branch1],1.6156,1,train,CS(=O)(=O)c1c(-c2csc(-c3cccc4nsnc34)c2)cn2ccccc12
[C][O][C][=C][C][S][C][C][=C][Branch2][Ring1][N][N][C][=N][C][=N][C][=C][Branch1][=N][N][=C][N][Ring1][Branch1][C][=N][C][=C][NH1][Ring1][Branch1][N][=C][Ring1][=C][Ring1][P][S][C][=Ring2][Ring1][=Branch1][C][=Ring2][Ring1][=Branch2][S][Ring2][Ring1][N],1.6008,1,train,COc1cc2sc3cc(-n4cnc5nc6c(ncn6-c6ncc[nH]6)nc54)sc3c2s1
[C][N][Branch1][C][C][C][=C][C][=C][C][=C][Ring1][=Branch1],-2.2302,1,train,CN(C)c1ccccc1
[C][C][=C][C][=C][Branch1][C][C][N][Ring1][=Branch1][C][=C][C][=C][Branch1][=Branch1][N][Branch1][C][C][C][C][=C][Ring1][=Branch2],-1.4002,1,train,Cc1ccc(C)n1-c1ccc(N(C)C)cc1
[C][=C][C][Branch1][Branch2][C][=C][N][=C][S][Ring1][Branch1][=C][C][=C][C][Branch2][Ring2][C][C][=C][C][=C][N][Ring1][Branch1][C][=C][C][=C][Branch1][N][C][=C][C][=N][S][N][=C][Ring1][Branch1][Ring1][=Branch2][C][=N][S][N][=C][Ring1][S][Ring1][Branch1][=N][C][Ring2][Ring1][O][=C][Ring2][Ring2][Ring2],2.241,1,train,c1cc(-c2cncs2)c2ccc(-c3cccn3-c3cc4c(ccc5nsnc54)c4nsnc34)nc2c1
[N][C][=C][C][=C][Branch1][N][C][=C][C][=C][Branch1][C][N][C][=C][Ring1][#Branch1][C][=C][Ring1][=N],-1.2263,1,train,Nc1ccc(-c2ccc(N)cc2)cc1
[C][C][Branch1][C][C][C][C][=C][Branch2][Ring1][#Branch2][C][=C][C][=C][C][=C][Ring1][=Branch1][C][=N][C][=C][C][=C][C][=C][Ring1][=Branch1][N][=C][Ring2][Ring1][C][Ring1][#Branch2][O][Ring2][Ring1][=Branch1],1.2707,1,train,CC1(C)Cc2c(c3ccccc3c3nc4ccccc4nc23)O1
[C][C][Branch1][C][C][Branch1][C][C][C][N][C][=C][Branch1][C][Br][C][=C][Branch1][C][Br][C][=C][Ring1][Branch2][C][=Branch1][C][=O][N][Ring1][=N][C][C][=C][C][=C][C][=C][Ring1][=Branch1],0.6982,1,train,CC(C)(C)C1Nc2c(Br)cc(Br)cc2C(=O)N1Cc1ccccc1
[N][#C][C][=C][Branch1][C][F][C][Branch1][C][F][=C][Branch1][Ring1][C][#N][C][O][C][=C][C][O][C][=C][Branch1][Ring1][C][#N][C][Branch1][C][F][=C][Branch1][C][F][C][Branch1][Ring1][C][#N][=C][Ring1][N][O][C][=Ring1][S][C][=C][Ring2][Ring1][Ring2][O][C][Ring2][Ring1][S][=Ring2][Ring1][Branch2],2.9261,1,train,N#Cc1c(F)c(F)c(C#N)c2oc3cc4oc5c(C#N)c(F)c(F)c(C#N)c5oc4cc3oc12
[N][C][=C][C][=C][C][=C][Ring1][=Branch1],-2.1704,1,train,Nc1ccccc1
[O][=C][N][C][=Branch1][C][=O][C][=C][C][Branch2][Ring1][C][C][C][Branch1][Branch2][C][=C][N][=C][NH1][Ring1][Branch1][=C][S][C][=Ring1][#Branch2][Cl][=C][C][=C][Branch1][=N][C][=C][C][Ring2][Ring1][Branch2][=C][Ring2][Ring1][Branch1][Ring1][=Branch1][C][=Branch1][C][=O][N][C][Ring1][O][=O],2.884,1,train,O=C1NC(=O)c2cc(-c3c(-c4cnc[nH]4)csc3Cl)c3c4c(ccc1c24)C(=O)NC3=O
[C][=C][C][=C][Branch2][Ring1][Ring1][C][=C][C][=C][Branch1][=Branch2][C][=C][C][=C][C][=C][Ring1][=Branch1][C][=C][Ring1][N][C][=C][Ring2][Ring1][C],-0.1153,1,train,c1ccc(-c2ccc(-c3ccccc3)cc2)cc1
[C][O][C][=C][C][=C][C][=C][Ring1][=Branch1][C][=N][C][Branch1][=Branch2][C][=C][C][=C][C][=C][Ring1][=Branch1][=C][C][=C][C][=C][N][Ring1][#C][Ring1][=Branch1],0.0469,1,train,COc1ccccc1-c1nc(-c2ccccc2)c2ccccn12
[O][C][=C][C][=C][N][=C][C][=C][C][Ring1][=Branch1][=C][Ring1][#Branch2],0.1392,1,train,Oc1ccc2ncccc2c1
[N][#C][C][=C][Branch1][C][F][C][Branch1][C][F][=C][Branch1][Ring1][C][#N][C][O][C][=C][C][O][C][=C][Branch1][Ring1][C][#N][C][Branch1][C][F][=C][Branch1][C][F][C][Branch1][Ring1][C][#N][=C][Ring1][N][O][C][=Ring1][S][C][=C][Ring2][Ring1][Ring2][O][C][Ring2][Ring1][S][=Ring2][Ring1][Branch2],2.9261,1,train,N#Cc1c(F)c(F)c(C#N)c2oc3cc4oc5c(C#N)c(F)c(F)c(C#N)c5oc4cc3oc12
[C][C][C][=C][C][C][=C][C][=C][C][=Ring1][=Branch1][O][C][Ring1][=Branch2][=C][NH1][C][=C][C][=C][C][=C][Ring1][=Branch1][C][=Ring2][Ring1][Ring2][Ring1][=Branch2],-0.0049,1,train,Cc1cc2c3ccccc3oc2c2[nH]c3ccccc3c12
[C][C][=Branch1][C][=O][N][C][=C][C][=C][Branch1][C][O][C][=C][Ring1][#Branch1],-1.0536,1,train,CC(=O)Nc1ccc(O)cc1
[N][#C][C][=C][Branch1][C][F][C][Branch1][C][F][=C][Branch1][Ring1][C][#N][C][O][C][=C][C][O][C][=C][Branch1][Ring1][C][#N][C][Branch1][C][F][=C][Branch1][C][F][C][Branch1][Ring1][C][#N][=C][Ring1][N][O][C][=Ring1][S][C][=C][Ring2][Ring1][Ring2][O][C][Ring2][Ring1][S][=Ring2][Ring1][Branch2],2.9261,1,train,N#Cc1c(F)c(F)c(C#N)c2oc3cc4oc5c(C#N)c(F)c(F)c(C#N)c5oc4cc3oc12
[C][C][Branch1][C][C][C][C][=Branch1][C][=O][C][=C][Branch1][Ring2][C][Ring1][Branch2][O][C][=C][C][=C][C][=C][C][Branch1][C][O][=C][C][Ring1][#Branch1][=C][Ring1][O][C][Ring1][S][C][=C][C][=C][C][=N][Ring1][=Branch1],0.6691,1,train,CC1(C)CC(=O)C2=C(C1)Oc1ccc3ccc(O)cc3c1C2c1ccccn1
[F][C][=C][C][Branch1][C][F][=C][Branch1][C][F][C][Branch2][Ring2][=Branch1][C][=N][C][=N][C][Branch2][Ring1][#Branch2][C][=C][Branch1][C][F][C][=C][Branch1][C][F][C][Branch1][=Branch2][C][=C][C][=C][C][=C][Ring1][=Branch1][=C][Ring1][=C][F][=N][Ring2][Ring1][Branch1][=C][Ring2][Ring1][=N][F],1.8405,1,train,Fc1cc(F)c(F)c(-c2ncnc(-c3c(F)cc(F)c(-c4ccccc4)c3F)n2)c1F
[N][C][C][C][=C][NH1][C][=C][C][=C][Branch1][C][O][C][=C][Ring1][#Branch2][Ring1][#Branch1],-1.2262,1,train,NCCc1c[nH]c2ccc(O)cc12
[O][=C][NH1][C][=C][C][=C][C][=C][Ring1][=Branch1][NH1][Ring1][=Branch2],-1.1818,1,train,O=c1[nH]c2ccccc2[nH]1
[N][#C][C][=C][Branch1][C][F][C][Branch1][C][F][=C][Branch1][Ring1][C][#N][C][O][C][=C][C][O][C][=C][Branch1][Ring1][C][#N][C][Branch1][C][F][=C][Branch1][C][F][C][Branch1][Ring1][C][#N][=C][Ring1][N][O][C][=Ring1][S][C][=C][Ring2][Ring1][Ring2][O][C][Ring2][Ring1][S][=Ring2][Ring1][Branch2],2.9261,1,train,N#Cc1c(F)c(F)c(C#N)c2oc3cc4oc5c(C#N)c(F)c(F)c(C#N)c5oc4cc3oc12
[C][C][=C][C][Branch1][C][C][=C][C][Branch1][C][C][=C][Ring1][Branch2],-2.0033,1,train,Cc1cc(C)cc(C)c1
[C][C][O][C][=Branch1][C][=O][C][C][C][Branch2][Ring1][#Branch1][C][=C][Branch1][Ring1][C][#N][C][Branch1][C][C][=N][N][Ring1][Branch2][C][=C][C][=C][C][=C][Ring1][=Branch1][=C][N][Ring2][Ring1][Ring1][C][=C][C][=C][Branch1][C][Br][C][=C][Ring1][#Branch1],0.8919,1,train,CCOC(=O)C1CC(c2c(C#N)c(C)nn2-c2ccccc2)=CN1c1ccc(Br)cc1
[N][#C][C][=C][Branch1][C][F][C][Branch1][C][F][=C][Branch1][Ring1][C][#N][C][O][C][=C][C][O][C][=C][Branch1][Ring1][C][#N][C][Branch1][C][F][=C][Branch1][C][F][C][Branch1][Ring1][C][#N][=C][Ring1][N][O][C][=Ring1][S][C][=C][Ring2][Ring1][Ring2][O][C][Ring2][Ring1][S][=Ring2][Ring1][Branch2],2.9261,1,train,N#Cc1c(F)c(F)c(C#N)c2oc3cc4oc5c(C#N)c(F)c(F)c(C#N)c5oc4cc3oc12
[N][#C][C][=C][C][Branch2][Ring1][Branch1][C][#C][C][=C][Branch1][C][F][C][Branch1][C][F][=N][C][Branch1][C][F][=C][Ring1][=Branch2][F][=C][Branch2][Ring1][Branch1][C][#C][C][=C][Branch1][C][F][C][Branch1][C][F][=N][C][Branch1][C][F][=C][Ring1][=Branch2][F][C][=C][Ring2][Ring1][=C][C][#N],3.1597,1,train,N#Cc1cc(C#Cc2c(F)c(F)nc(F)c2F)c(C#Cc2c(F)c(F)nc(F)c2F)cc1C#N
[N][#C][C][=C][C][=C][Branch1][C][N][C][=C][Ring1][#Branch1],-0.7114,1,train,N#Cc1ccc(N)cc1
[N][#C][C][=C][Branch1][Ring1][C][#N][C][Branch1][Ring1][C][#N][=C][Branch2][Ring1][P][C][C][=C][Branch1][P][C][C][C][=C][C][=C][C][=C][C][=C][Ring1][=Branch1][C][Ring1][=Branch2][=O][C][=N][S][N][=C][Ring1][Branch1][C][=Ring2][Ring1][Branch1][C][Branch1][Ring1][C][#N][=C][Ring2][Ring1][P][C][#N],2.9483,1,train,N#Cc1c(C#N)c(C#N)c(-c2cc(CCC3=Cc4ccccc4C3=O)c3nsnc3c2)c(C#N)c1C#N
[C][C][=C][C][=Branch1][C][=O][C][=C][C][=C][Branch1][C][N][C][=C][Ring1][#Branch1][O][Ring1][N],-0.156,1,train,Cc1cc(=O)c2ccc(N)cc2o1
[C][#C][C][=C][C][=C][Branch1][C][F][C][Branch1][Ring1][C][=O][=C][Ring1][=Branch2],0.6301,1,train,C#Cc1ccc(F)c(C=O)c1
[N][#C][C][=C][Branch1][C][F][C][Branch1][C][F][=C][Branch1][Ring1][C][#N][C][O][C][=C][C][O][C][=C][Branch1][Ring1][C][#N][C][Branch1][C][F][=C][Branch1][C][F][C][Branch1][Ring1][C][#N][=C][Ring1][N][O][C][=Ring1][S][C][=C][Ring2][Ring1][Ring2][O][C][Ring2][Ring1][S][=Ring2][Ring1][Branch2],2.9261,1,train,N#Cc1c(F)c(F)c(C#N)c2oc3cc4oc5c(C#N)c(F)c(F)c(C#N)c5oc4cc3oc12
[O][=C][C][=C][Branch1][=C][N][C][=C][C][=C][Branch1][C][F][C][=C][Ring1][#Branch1][F][C][=Branch1][C][=O][C][=C][C][=C][C][=C][Ring1][=Branch1][Ring2][Ring1][Ring2],2.0068,1,train,O=C1C=C(Nc2ccc(F)cc2F)C(=O)c2ccccc21
[O][=C][C][Branch2][Ring2][#Branch1][N][Branch1][S][C][=C][Branch1][C][F][C][=C][Branch1][C][F][C][=C][Ring1][Branch2][F][C][=C][C][=Branch1][O][=C][C][=N][S][N][=C][Ring1][=Branch2][Ring1][Branch1][N][=S][=N][Ring1][O][=C][C][=C][C][=C][C][=C][Ring1][=Branch1][Ring2][Ring1][#C],2.8181,1,train,O=C1C(N(c2c(F)cc(F)cc2F)c2c3c(cc4nsnc24)N=S=N3)=Cc2ccccc21
[C][C][O][C][=Branch1][C][=O][C][S][C][Branch1][Ring1][S][C][=C][C][=Branch1][C][=O][N][Branch1][C][C][N][=N][C][=Ring1][=N][Ring1][Branch2],1.8861,1,train,CCOC(=O)c1sc(SC)c2c(=O)n(C)nnc12
[C][C][=C][C][=C][Branch1][C][C][N][Ring1][=Branch1][C][=C][C][=C][C][=C][Ring1][=Branch1],-1.0573,1,train,Cc1ccc(C)n1-c1ccccc1
[C][N][Branch1][C][C][C][=C][C][=C][Branch1][O][C][#C][C][=C][C][=C][C][=C][Ring1][=Branch1][C][=C][Ring1][=C],-0.7723,1,train,CN(C)c1ccc(C#Cc2ccccc2)cc1
[C][=C][C][=C][NH1][C][=C][C][Ring1][Branch1][=C][Ring1][=Branch2],-1.3957,1,train,c1ccc2[nH]ccc2c1
[O][=C][O][C][=C][C][=C][C][=C][Ring1][=Branch1][C][=C][Ring1][#Branch2][C][=C][C][=C][Branch1][S][C][=C][C][=C][C][=C][C][=C][Ring1][=Branch1][O][C][Ring1][#Branch2][=O][C][=C][Ring1][P],1.5617,1,train,O=c1oc2ccccc2cc1-c1ccc(-c2cc3ccccc3oc2=O)cc1
[C][C][=N][C][=C][Branch2][Ring2][O][C][=C][S][C][=C][Ring1][Branch1][C][=C][C][=C][N][=C][Branch2][Ring1][Ring1][N][C][=N][C][=N][C][NH1][C][=N][C][=Ring1][Branch1][N][=C][Ring1][=Branch2][Ring1][N][NH1][C][Ring1][P][=C][Ring2][Ring1][Branch1][S][C][=C][Ring2][Ring1][#C][N][=Ring2][Ring2][Ring1],2.2432,1,train,c1cnc2c(-c3cscc3-c3ccc4nc(-n5cnc6nc7[nH]cnc7nc65)[nH]c4c3)scc2n1
[C][N][Branch1][C][C][C][=C][C][=C][C][=Branch1][Ring2][=C][Ring1][=Branch1][C][C][=C][C][=C][C][=C][Ring1][=Branch1][Ring1][#Branch2],-0.8533,1,train,CN(C)c1ccc2c(c1)Cc1ccccc1-2
[C][C][C][C][C][C][N][Branch1][#Branch1][C][C][C][C][C][C][C][=C][C][=C][Branch2][Ring1][=N][C][#C][C][=C][C][=C][Branch1][S][N][Branch1][#Branch1][C][C][C][C][C][C][C][C][C][C][C][C][C][=C][Ring2][Ring1][Ring1][C][=C][Ring2][Ring1][O],-1.1187,1,train,CCCCCCN(CCCCCC)c1ccc(C#Cc2ccc(N(CCCCCC)CCCCCC)cc2)cc1
[C][C][=C][C][=C][C][Branch1][C][C][=C][Ring1][#Branch1],-1.9837,1,train,Cc1cccc(C)c1
[C][C][=C][C][=C][C][=C][Ring1][=Branch1],-1.9627,1,train,Cc1ccccc1
[C][O][C][=C][C][Branch1][Ring1][O][C][=C][C][=C][Branch1][Branch2][NH1][C][Ring1][Branch1][=C][Ring1][O][C][=Branch1][C][=O][C][C][C][Ring1][#Branch2],0.2789,1,train,COc1cc(OC)c2c3c([nH]c2c1)C(=O)CCC3
[N][C][=C][C][=N][C][=C][Ring1][=Branch1],-1.6927,1,train,Nc1ccncc1
[O][=C][C][=Branch2][Ring2][O][=C][C][=C][C][=C][C][C][=C][O][C][=Ring1][Branch1][C][=C][Ring1][=Branch2][N][Ring1][N][C][=C][C][=N][C][Branch1][=C][C][S][C][=C][N][=C][C][=N][C][=Ring1][=Branch2][Ring1][=Branch1][=N][Ring1][#C][C][=Branch1][C][=O][C][=C][C][=C][C][=C][Ring1][=Branch1][Ring2][Ring2][=Branch1],2.1098,1,train,O=C1C(=Cc2cc3cc4ccoc4cc3n2-c2ccnc(-c3scc4nccnc34)n2)C(=O)c2ccccc21
[C][=C][C][=C][C][=C][C][=C][Branch2][Ring2][Ring1][C][C][=C][O][C][=Ring1][Branch1][C][=N][C][=C][N][Ring1][Branch1][C][=C][C][=Branch1][O][=C][C][=N][S][N][=C][Ring1][=Branch2][Ring1][Branch1][N][=S][=N][Ring1][O][C][=C][C][Ring2][Ring1][N][=C][C][Ring2][Ring1][S][=C][Ring2][Ring2][Ring2],2.783,1,train,c1ccc2cc3cc(-c4ccoc4-c4nccn4-c4c5c(cc6nsnc46)N=S=N5)ccc3cc2c1
[C][C][O][C][=Branch1][C][=O][C][C][=C][C][Branch1][C][Cl][=C][C][=C][Ring1][#Branch1][C][=Branch1][C][=O][N][Ring1][O][C][=C][C][=C][Branch1][Ring1][O][C][C][Branch1][Ring1][O][C][=C][Ring1][#Branch2],0.6416,1,train,CCOC(=O)C1c2cc(Cl)ccc2C(=O)N1c1ccc(OC)c(OC)c1
[C][=C][C][=C][C][=C][C][=C][C][=C][C][=C][C][=Branch1][Ring2][=C][Ring1][=C][C][Ring1][=N][=C][Ring1][O][Ring1][#Branch1],0.561,1,train,c1cc2ccc3cccc4ccc(c1)c2c34
[N][#C][C][=C][C][Branch1][Ring1][C][#N][=C][Branch2][Ring2][Branch2][C][=C][N][=C][Branch2][Ring1][=Branch1][C][=C][C][=C][C][=Branch1][Ring2][=C][Ring1][=Branch1][C][C][C][N][Ring1][#Branch1][C][C][C][Ring1][O][C][=N][C][=C][N][=C][Ring2][Ring1][#Branch1][Ring1][=Branch1][C][Branch1][Ring1][C][#N][=C][Ring2][Ring1][P][C][#N],2.4257,1,train,N#Cc1cc(C#N)c(-c2cnc(-c3cc4c5c(c3)CCCN5CCC4)c3nccnc23)c(C#N)c1C#N
[O][=C][C][=C][C][=C][C][=C][Ring1][=Branch1][C][=C][N][=C][C][=C][Ring1][=Branch1][Ring1][=N],1.3794,1,train,O=C1c2ccccc2-c2cnccc21
[O][=C][C][=C][Branch1][C][O][C][Branch1][=C][C][=N][C][=C][C][=C][C][=C][Ring1][=Branch1][S][Ring1][=Branch2][=C][C][=C][C][=C][C][=C][Ring2][Ring1][Ring2][Ring1][=Branch1],1.5701,1,train,O=Cc1c(O)c(-c2nc3ccccc3s2)cc2ccccc12
[N][C][=C][C][=C][Branch1][N][C][=C][C][=C][Branch1][C][N][C][=C][Ring1][#Branch1][C][=C][Ring1][=N],-1.2263,1,train,Nc1ccc(-c2ccc(N)cc2)cc1
[O][=C][C][=C][Branch1][C][O][C][Branch1][=C][C][=N][C][=C][C][=C][C][=C][Ring1][=Branch1][S][Ring1][=Branch2][=C][C][=C][C][=C][C][=C][Ring2][Ring1][Ring2][Ring1][=Branch1],1.5767,1,train,O=Cc1c(O)c(-c2nc3ccccc3s2)cc2ccccc12
[C][O][C][=C][C][=C][C][=C][Branch1][Ring1][C][#N][C][=C][C][=C][C][=C][C][=C][C][Ring1][=Branch1][=C][Ring1][#Branch2][C][Ring1][S][=C][Ring2][Ring1][Ring2],0.919,1,train,COc1ccc2cc(C#N)c3ccc4ccccc4c3c2c1
[C][C][N][Branch1][Ring1][C][C][C][=C][C][=C][Branch1][Branch2][N][C][=C][C][=C][Ring1][Branch1][C][=C][Ring1][O],-1.2775,1,train,CCN(CC)c1ccc(-n2cccc2)cc1
[C][C][N][C][=Branch1][C][=O][C][Branch2][Ring2][Ring2][C][C][=Branch1][C][=O][C][=C][C][=C][C][=C][C][Ring1][=Branch1][=C][C][=C][C][=C][C][=C][C][=C][Ring1][=Branch1][C][Ring2][Ring1][Ring2][=C][Ring2][Ring1][C][Ring1][#Branch2][S][C][Ring2][Ring1][O][=S],2.1711,1,train,CCN1C(=O)C(C2C(=O)c3c4ccccc4cc4cc5ccccc5c2c34)SC1=S
[N][C][=C][C][=C][C][=Branch1][Ring2][=C][Ring1][=Branch1][C][=Branch1][C][=O][N][C][Ring1][#Branch1][=O],0.7992,1,train,Nc1ccc2c(c1)C(=O)NC2=O
[C][C][O][C][=Branch1][C][=O][C][S][C][Branch1][Ring1][S][C][=C][C][=Branch1][C][=O][NH1][N][=N][C][=Ring1][N][Ring1][#Branch1],1.9643,1,train,CCOC(=O)c1sc(SC)c2c(=O)[nH]nnc12
[C][N][Branch1][C][C][C][=C][C][=C][Branch1][Ring1][C][#N][C][=C][Ring1][Branch2],-0.8163,1,train,CN(C)c1ccc(C#N)cc1
[C][=C][C][=C][NH1][C][=C][C][Ring1][Branch1][=C][Ring1][=Branch2],-1.3957,1,train,c1ccc2[nH]ccc2c1
[N][#C][C][=C][Branch1][Branch2][C][=C][C][=C][S][Ring1][Branch1][C][=C][Branch2][Ring1][=Branch1][C][=C][C][=C][C][=Branch1][Ring2][=C][Ring1][=Branch1][C][C][=C][C][=C][C][=C][Ring1][=Branch1][Ring1][#Branch2][NH1][C][Ring2][Ring1][Branch2][=O],1.3251,1,train,N#Cc1c(-c2cccs2)cc(-c2ccc3c(c2)Cc2ccccc2-3)[nH]c1=O
[O][=C][NH1][C][=C][C][=C][C][=C][Ring1][=Branch1][NH1][Ring1][=Branch2],-1.1818,1,train,O=c1[nH]c2ccccc2[nH]1
[C][C][=C][C][=C][C][=C][Ring1][=Branch1][C],-1.9817,1,train,Cc1ccccc1C
[N][#C][C][=C][C][Branch1][Ring1][C][#N][=C][C][Branch2][Ring2][#C][C][=C][C][=C][C][=C][C][=C][C][Branch1][Branch2][C][=C][C][=C][S][Ring1][Branch1][=C][Branch1][=Branch2][C][Branch1][C][F][Branch1][C][F][F][C][=C][C][=C][Ring2][Ring1][#Branch1][C][Ring2][Ring1][Branch1][=C][Ring2][Ring1][Ring1][Ring1][=Branch1][=C][Ring2][Ring1][P],2.0052,1,train,N#Cc1cc(C#N)cc(-c2ccc3ccc4cc(-c5cccs5)c(C(F)(F)F)c5ccc2c3c45)c1
[C][=N][C][Branch2][Ring2][#C][C][=C][C][=C][Branch1][Branch2][C][=C][N][=C][NH1][Ring1][Branch1][C][=N][C][=C][Branch2][Ring1][Ring1][C][=C][C][=C][C][S][C][=C][C][=Ring1][Branch1][C][=C][Ring1][=Branch2][S][Ring1][N][N][=C][Ring2][Ring1][O][Ring2][Ring1][C][=C][NH1][Ring2][Ring1][S],1.6948,1,train,c1nc(-c2ccc(-c3cnc[nH]3)c3ncc(-c4cc5cc6sccc6cc5s4)nc23)c[nH]1
[N][#C][C][=C][Branch1][C][F][C][Branch1][C][F][=C][Branch1][Ring1][C][#N][C][O][C][=C][C][O][C][=C][Branch1][Ring1][C][#N][C][Branch1][C][F][=C][Branch1][C][F][C][Branch1][Ring1][C][#N][=C][Ring1][N][O][C][=Ring1][S][C][=C][Ring2][Ring1][Ring2][O][C][Ring2][Ring1][S][=Ring2][Ring1][Branch2],2.9261,1,train,N#Cc1c(F)c(F)c(C#N)c2oc3cc4oc5c(C#N)c(F)c(F)c(C#N)c5oc4cc3oc12
[C][O][C][=N][C][Branch2][Ring1][S][N][C][=C][C][=C][C][=C][Branch1][=Branch2][C][=C][C][=C][Ring1][#Branch2][Ring1][=Branch1][C][=Branch1][C][=O][C][=C][C][=C][C][=C][Ring1][=Branch1][Ring1][#C][=N][C][Branch1][Ring1][O][C][=N][Ring2][Ring1][O],1.6518,1,train,COc1nc(Nc2ccc3c4c(cccc24)C(=O)c2ccccc2-3)nc(OC)n1
[O][=C][Branch1][C][O][C][O][C][=C][C][=C][NH1][C][=C][Branch1][#Branch1][C][Ring1][Branch1][=C][Ring1][=Branch2][C][C][C][C][Ring1][Branch2][=O],0.623,1,train,O=C(O)COc1ccc2[nH]c3c(c2c1)CCCC3=O
[C][C][=Branch1][C][=O][C][=C][C][=Branch2][Ring1][Ring1][=C][C][=C][C][Branch1][=Branch1][N][Branch1][C][C][C][=C][C][=C][Ring1][=N][Ring1][=Branch2][C][C][C][Ring1][#C],-0.015,1,train,CC(=O)c1c2c(cc3cc(N(C)C)ccc13)CCC2
[N][#C][C][=C][Branch1][C][F][C][Branch1][C][F][=C][Branch1][Ring1][C][#N][C][O][C][=C][C][O][C][=C][Branch1][Ring1][C][#N][C][Branch1][C][F][=C][Branch1][C][F][C][Branch1][Ring1][C][#N][=C][Ring1][N][O][C][=Ring1][S][C][=C][Ring2][Ring1][Ring2][O][C][Ring2][Ring1][S][=Ring2][Ring1][Branch2],2.9261,1,train,N#Cc1c(F)c(F)c(C#N)c2oc3cc4oc5c(C#N)c(F)c(F)c(C#N)c5oc4cc3oc12
[C][C][Branch1][C][C][=C][C][N][C][=Branch1][C][=O][C][=C][C][=C][C][=C][Ring1][=Branch1][C][=Branch1][=C][=C][C][O][C][Branch1][C][C][=N][C][=Ring1][=Branch1][Ring1][#Branch2][C][Ring2][Ring1][C][=O],1.5351,1,train,CC(C)=CCN1C(=O)c2cccc3c2c(cc2oc(C)nc23)C1=O
[N][#C][C][=C][Branch1][Ring1][C][#N][C][Branch1][Ring1][C][#N][=C][Branch2][Ring2][Ring1][C][=C][C][=C][C][Branch2][Ring1][#Branch1][C][S][C][Branch1][Branch2][C][=C][N][=C][NH1][Ring1][Branch1][=C][N][=C][C][=N][C][=Ring1][=C][Ring1][=Branch1][=C][Ring2][Ring1][Ring2][C][Branch1][Ring1][C][#N][=C][Ring2][Ring1][S][C][#N],3.1269,1,train,N#Cc1c(C#N)c(C#N)c(-c2cccc(-c3sc(-c4cnc[nH]4)c4nccnc34)c2)c(C#N)c1C#N
[C][C][N][C][=C][C][Branch1][Branch2][C][=C][C][=C][S][Ring1][Branch1][=C][C][=C][Ring1][O][C][=C][C][=C][Branch1][Branch2][C][=C][C][=C][S][Ring1][Branch1][C][=C][Ring1][O][Ring2][Ring1][#Branch1],0.6009,1,train,CCn1c2cc(-c3cccs3)ccc2c2ccc(-c3cccs3)cc21
[C][=C][C][Branch1][Branch2][N][C][C][C][C][Ring1][Branch1][=C][C][=N][Ring1][O],-1.909,1,train,c1cc(N2CCCC2)ccn1
[C][=C][C][Branch1][Branch2][N][C][C][C][C][Ring1][Branch1][=C][C][=N][Ring1][O],-1.909,1,train,c1cc(N2CCCC2)ccn1
[N][S][=Branch1][C][=O][=Branch1][C][=O][C][=C][C][=C][Branch2][Ring1][=N][N][N][=C][Branch1][N][C][=C][C][=C][Branch1][C][O][C][=C][Ring1][#Branch1][C][C][Ring1][N][C][=C][C][=C][C][=C][Ring1][=Branch1][C][=C][Ring2][Ring1][Branch2],0.6358,1,train,NS(=O)(=O)c1ccc(N2N=C(c3ccc(O)cc3)CC2c2ccccc2)cc1
[N][C][=C][C][=C][C][=Branch1][Ring2][=C][Ring1][=Branch1][C][C][=C][C][=C][C][=C][Ring1][=Branch1][Ring1][#Branch2],-0.7825,1,train,Nc1ccc2c(c1)Cc1ccccc1-2
[N][#C][C][=C][Branch1][Ring1][C][#N][C][Branch1][Ring1][C][#N][=C][Branch2][Ring1][P][C][=C][Branch2][Ring1][Ring2][C][=C][C][=C][Branch1][#Branch2][N][C][=C][C][=C][C][=C][Ring1][=Branch1][C][=C][Ring1][=N][C][=N][C][=N][C][=N][Ring1][=Branch1][C][Branch1][Ring1][C][#N][=C][Ring2][Ring1][P][C][#N],2.8811,1,train,N#Cc1c(C#N)c(C#N)c(C=C(c2ccc(Nc3ccccc3)cc2)c2ncncn2)c(C#N)c1C#N
[C][=C][C][=C][C][=C][Branch1][Ring1][O][C][C][=C][Ring1][Branch2],-1.1037,1,train,C=Cc1ccc(OC)cc1
[C][=C][O][C][Branch1][=C][C][=N][C][=C][C][=C][C][=C][Ring1][=Branch1][NH1][Ring1][=Branch2][=C][Ring1][=C],0.049,1,train,c1coc(-c2nc3ccccc3[nH]2)c1
[C][C][=Branch1][C][=O][C][=C][C][=Branch2][Ring1][Ring1][=C][C][=C][Branch1][=Branch1][N][Branch1][C][C][C][C][=C][C][=C][Ring1][=N][Ring1][=Branch2][C][C][C][Ring1][#C],0.1026,1,train,CC(=O)c1c2c(cc3c(N(C)C)cccc13)CCC2
[C][=C][C][Branch1][Branch2][N][C][C][C][C][Ring1][Branch1][=C][C][=N][Ring1][O],-1.909,1,train,c1cc(N2CCCC2)ccn1
[N][#C][C][=C][Branch1][Ring1][C][#N][C][=C][C][Branch1][C][Cl][=C][Branch1][C][Cl][C][=C][Ring1][Branch2][C][=C][C][Branch1][C][Cl][=C][Branch1][C][Cl][C][=C][Ring2][Ring1][Ring2][Ring1][Branch2],2.4256,1,train,N#Cc1c(C#N)c2cc(Cl)c(Cl)cc2c2cc(Cl)c(Cl)cc12
[O][=C][NH1][C][=C][C][=C][C][=C][Ring1][=Branch1][NH1][Ring1][=Branch2],-1.1818,1,train,O=c1[nH]c2ccccc2[nH]1
[Cl][C][=N][C][Branch1][C][Cl][=N][C][Branch2][Ring1][#Branch2][N][C][=C][C][=C][C][=C][C][=C][C][=C][C][=C][C][=C][Ring1][=C][C][Ring1][N][=C][Ring1][#Branch2][Ring1][=Branch1][=N][Ring2][Ring1][Branch2],1.5809,1,train,Clc1nc(Cl)nc(Nc2ccc3ccc4cccc5ccc2c3c45)n1
[N][#C][C][=C][Branch1][C][F][C][Branch1][C][F][=C][Branch1][Ring1][C][#N][C][O][C][=C][C][O][C][=C][Branch1][Ring1][C][#N][C][Branch1][C][F][=C][Branch1][C][F][C][Branch1][Ring1][C][#N][=C][Ring1][N][O][C][=Ring1][S][C][=C][Ring2][Ring1][Ring2][O][C][Ring2][Ring1][S][=Ring2][Ring1][Branch2],2.9261,1,train,N#Cc1c(F)c(F)c(C#N)c2oc3cc4oc5c(C#N)c(F)c(F)c(C#N)c5oc4cc3oc12
[N][#C][C][=C][Branch1][C][F][C][Branch1][C][F][=C][Branch1][Ring1][C][#N][C][O][C][=C][C][O][C][=C][Branch1][Ring1][C][#N][C][Branch1][C][F][=C][Branch1][C][F][C][Branch1][Ring1][C][#N][=C][Ring1][N][O][C][=Ring1][S][C][=C][Ring2][Ring1][Ring2][O][C][Ring2][Ring1][S][=Ring2][Ring1][Branch2],2.9261,1,train,N#Cc1c(F)c(F)c(C#N)c2oc3cc4oc5c(C#N)c(F)c(F)c(C#N)c5oc4cc3oc12
[N][#C][C][=C][Branch1][C][F][C][Branch1][C][F][=C][Branch1][Ring1][C][#N][C][O][C][=C][C][O][C][=C][Branch1][Ring1][C][#N][C][Branch1][C][F][=C][Branch1][C][F][C][Branch1][Ring1][C][#N][=C][Ring1][N][O][C][=Ring1][S][C][=C][Ring2][Ring1][Ring2][O][C][Ring2][Ring1][S][=Ring2][Ring1][Branch2],2.9261,1,train,N#Cc1c(F)c(F)c(C#N)c2oc3cc4oc5c(C#N)c(F)c(F)c(C#N)c5oc4cc3oc12
[C][N][Branch1][C][C][C][C][C][N][C][=C][C][=C][C][=C][Ring1][=Branch1][C][C][C][=C][C][=C][Branch1][C][Cl][C][=C][Ring1][#Branch1][Ring1][S],-0.7418,1,train,CN(C)CCCN1c2ccccc2CCc2ccc(Cl)cc21
[C][=C][C][=C][C][Branch2][Ring2][#Branch1][C][C][=C][NH1][C][=Ring1][Branch1][C][=C][C][=Branch2][Ring1][Branch1][=C][Branch1][=Branch2][C][=C][N][=C][C][=N][Ring1][=Branch1][C][=N][S][N][=C][Ring1][#C][Ring1][Branch1][N][=S][=N][Ring1][P][=C][NH1][C][Ring2][Ring1][N][=C][Ring2][Ring1][S],2.506,1,train,c1ccc2c(-c3cc[nH]c3-c3c4c(c(-c5cnccn5)c5nsnc35)N=S=N4)c[nH]c2c1
[C][C][=C][C][=C][C][=C][C][=C][Ring1][=Branch1][C][=C][Ring1][#Branch2][C][=C][C][=C][C][=C][Ring1][=Branch1][N][Ring1][=Branch2][C][=C][C][=C][Branch2][Ring1][Ring2][N][Branch1][=Branch2][C][=C][C][=C][C][=C][Ring1][=Branch1][C][=C][C][=C][C][=C][Ring1][=Branch1][C][=C][Ring2][Ring1][Ring1],0.4347,1,train,Cc1cc2ccccc2c2c1c1ccccc1n2-c1ccc(N(c2ccccc2)c2ccccc2)cc1
[N][#C][C][=C][C][=C][Branch1][C][N][C][=C][Ring1][#Branch1],-0.7114,1,train,N#Cc1ccc(N)cc1
[C][O][C][=C][C][=C][C][=C][Branch1][Ring1][O][C][C][=C][C][=C][C][=C][Ring1][=Branch1][C][Branch1][Ring1][O][C][=C][Ring1][=C][N][Branch1][C][C][C][Ring2][Ring1][C][=C][Ring2][Ring1][=Branch1],0.2844,1,train,COc1ccc2c3c(OC)c4ccccc4c(OC)c3n(C)c2c1
[N][#C][C][=C][C][=C][Branch1][C][N][C][=C][Ring1][#Branch1][C][#N],0.4214,1,train,N#Cc1ccc(N)cc1C#N
[C][=C][Branch1][=Branch2][C][=C][C][=C][C][=N][Ring1][=Branch1][C][=N][C][=C][C][S][C][Branch1][=Branch2][S][Branch1][C][C][=Branch1][C][=O][=O][=N][C][=Ring1][=Branch2][C][=C][Ring1][=N][S][Ring1][S],1.6378,1,train,C=C(c1ccccn1)c1nc2cc3sc(S(C)(=O)=O)nc3cc2s1
[O][=C][Branch1][=Branch2][O][C][C][=C][O][C][=Ring1][Branch1][C][=C][C][=C][Branch2][Ring2][Branch1][C][=Branch1][C][=O][O][C][=C][C][=C][C][=C][C][Branch1][#C][C][=C][N][=C][C][=C][C][=C][C][Ring1][=Branch1][=N][Ring1][#Branch2][=N][C][Ring1][S][=N][Ring2][Ring1][Ring2][C][=C][Ring2][Ring1][=N],2.3008,1,train,O=C(Oc1ccoc1)c1ccc(C(=O)Oc2ccc3ccc(-c4cnc5ccccc5n4)nc3n2)cc1
[F][C][=N][C][Branch1][C][F][=C][Branch1][C][F][C][Branch2][Ring1][#C][C][#C][C][=N][C][=C][N][=C][Ring1][=Branch1][C][#C][C][=C][Branch1][C][F][C][Branch1][C][F][=N][C][Branch1][C][F][=C][Ring1][=Branch2][F][=C][Ring2][Ring1][N][F],2.773,1,train,Fc1nc(F)c(F)c(C#Cc2nccnc2C#Cc2c(F)c(F)nc(F)c2F)c1F
[O][=C][C][Branch1][C][Br][=C][Branch1][#Branch2][C][#C][C][=C][C][=C][NH1][Ring1][Branch1][C][=C][C][=C][C][=C][Ring1][=Branch1][Ring1][P],1.7654,1,train,O=C1C(Br)=C(C#Cc2ccc[nH]2)c2ccccc21
[N][#C][C][=C][C][=C][Branch1][C][N][C][=C][Ring1][#Branch1],-0.7114,1,train,N#Cc1ccc(N)cc1
[C][C][N][Branch1][Ring1][C][C][C][=C][C][=C][Branch1][N][N][C][Branch1][C][C][=C][C][=C][Ring1][=Branch1][C][C][=C][Ring1][=N],-1.4379,1,train,CCN(CC)c1ccc(-n2c(C)ccc2C)cc1
[C][C][O][C][=Branch1][C][=O][C][=C][C][=C][Branch2][Ring2][Ring1][C][C][C][Branch1][#C][C][=C][C][=C][C][=C][C][=C][C][=C][Ring1][#Branch2][Ring1][=Branch1][=N][N][Ring1][#C][C][=C][C][=C][Branch1][C][Cl][C][=C][Ring1][#Branch1][C][=C][Ring2][Ring1][N],1.144,1,train,CCOC(=O)c1ccc(C2CC(c3cccc4ccccc34)=NN2c2ccc(Cl)cc2)cc1
[N][#C][C][=N][C][=C][Branch2][Ring2][Ring2][C][=C][C][=C][C][=C][C][Ring1][=Branch1][=C][Branch1][=N][C][=C][N][=C][Branch1][Ring1][C][#N][N][=C][Ring1][Branch2][C][=C][C][=C][C][=C][Ring2][Ring1][=Branch1][Ring1][=Branch1][C][=N][Ring2][Ring1][N],2.1724,1,train,N#Cc1ncc(-c2c3ccccc3c(-c3cnc(C#N)nc3)c3ccccc23)cn1
[C][O][C][=C][C][=C][Branch2][Ring1][=C][N][N][=C][Branch1][N][C][=Branch1][C][=O][N][C][C][C][C][Ring1][Branch1][C][Branch1][Branch2][N][C][C][C][C][Ring1][Branch1][=N][Ring1][P][C][=C][Ring2][Ring1][#Branch1],-0.0661,1,train,COc1ccc(-n2nc(C(=O)N3CCCC3)c(N3CCCC3)n2)cc1
[O][=C][N][C][=Branch1][C][=O][C][C][Ring1][=Branch1][=C][C][C][=C][C][=C][C][=Ring1][=Branch1][NH1][C][Ring1][=Branch2][=C][NH1][C][=C][C][=C][C][=C][Ring1][=Branch1][C][=Ring2][Ring1][Ring2][Ring1][=Branch2],1.127,1,train,O=C1NC(=O)c2c1c1c3ccccc3[nH]c1c1[nH]c3ccccc3c21
[C][O][C][=C][C][=C][C][=Branch1][C][=O][C][=C][Branch1][Branch2][NH1][C][Ring1][#Branch1][=C][Ring1][O][C][=C][C][=C][C][=C][Ring1][=Branch1][N][C][Ring1][=N][Branch1][C][C][C],0.3629,1,train,COc1ccc2c(=O)c3c([nH]c2c1)-c1ccccc1NC3(C)C
[Br][C][=N][C][=C][C][Branch2][Ring2][=C][C][S][C][Branch2][Ring1][=N][C][=C][C][=C][Branch2][Ring1][C][C][=N][N][=C][Branch1][=Branch2][C][=C][C][=C][C][=C][Ring1][=Branch1][O][Ring1][O][C][=C][Ring1][P][=C][N][=C][C][=N][C][=Ring2][Ring1][#Branch2][Ring1][=Branch1][=N][Ring2][Ring1][S],2.6416,1,train,Brc1nccc(-c2sc(-c3ccc(-c4nnc(-c5ccccc5)o4)cc3)c3nccnc23)n1
[O][=S][=Branch1][C][=O][C][=C][C][=C][C][=C][Ring1][=Branch1][O][C][=C][C][=C][Branch2][Ring1][=Branch1][C][=N][C][=C][C][Branch1][N][C][=C][C][=C][Branch1][C][Br][N][=C][Ring1][#Branch1][=N][Ring1][=N][C][=C][Ring2][Ring1][Ring1][Ring2][Ring1][N],1.651,1,train,O=S1(=O)c2ccccc2Oc2ccc(-c3nccc(-c4ccc(Br)nc4)n3)cc21
[N][#C][C][=C][Branch1][C][F][C][Branch1][C][F][=C][Branch1][Ring1][C][#N][C][O][C][=C][C][O][C][=C][Branch1][Ring1][C][#N][C][Branch1][C][F][=C][Branch1][C][F][C][Branch1][Ring1][C][#N][=C][Ring1][N][O][C][=Ring1][S][C][=C][Ring2][Ring1][Ring2][O][C][Ring2][Ring1][S][=Ring2][Ring1][Branch2],2.9261,1,train,N#Cc1c(F)c(F)c(C#N)c2oc3cc4oc5c(C#N)c(F)c(F)c(C#N)c5oc4cc3oc12
[C][C][Branch1][C][C][Branch1][C][C][C][=C][C][=C][S][C][Branch2][Ring2][C][C][=C][C][Branch2][Ring1][#Branch1][C][=C][Branch1][Ring1][C][#N][C][Branch1][Ring1][C][#N][=C][C][Branch1][Ring1][C][#N][=C][Ring1][N][C][#N][=C][O][Ring2][Ring1][Ring1][=N][C][Ring2][Ring1][Branch2][=C][Ring2][Ring1][N],2.5184,1,train,CC(C)(C)c1ccc2sc(-c3cc(-c4c(C#N)c(C#N)cc(C#N)c4C#N)co3)nc2c1
[N][#C][C][=N][C][=C][Branch2][Ring2][Ring2][C][=C][C][=C][C][=C][C][Ring1][=Branch1][=C][Branch1][=N][C][=C][N][=C][Branch1][Ring1][C][#N][N][=C][Ring1][Branch2][C][=C][C][=C][C][=C][Ring2][Ring1][=Branch1][Ring1][=Branch1][C][=N][Ring2][Ring1][N],2.1724,1,train,N#Cc1ncc(-c2c3ccccc3c(-c3cnc(C#N)nc3)c3ccccc23)cn1
[O][C][=C][C][=C][C][=C][Ring1][=Branch1][C][=N][C][Branch1][=Branch2][C][=C][C][=C][C][=C][Ring1][=Branch1][=C][C][=C][C][=C][N][Ring1][#C][Ring1][=Branch1],-0.024,1,train,Oc1ccccc1-c1nc(-c2ccccc2)c2ccccn12
[N][#C][C][=C][C][=C][C][C][=C][NH1][C][Ring1][=Branch2][=Ring1][Branch1],-0.0971,1,train,N#Cc1cccc2cc[nH]c12
[O][=C][NH1][C][=C][C][=C][C][=C][Ring1][=Branch1][NH1][Ring1][=Branch2],-1.1818,1,train,O=c1[nH]c2ccccc2[nH]1
[C][C][=C][C][=C][C][Branch1][C][C][=C][Ring1][#Branch1],-1.9837,1,train,Cc1cccc(C)c1
[C][=C][C][=C][C][=C][Branch1][Ring1][O][C][C][=C][Ring1][Branch2],-1.1005,1,train,C=Cc1ccc(OC)cc1
[N][#C][C][=C][C][Branch1][Ring1][C][#N][=C][Branch2][Ring1][#C][C][C][Branch1][=Branch2][C][=C][C][=C][C][=C][Ring1][=Branch1][=C][NH1][C][=Ring1][O][C][=N][C][=C][N][C][=C][N][=C][Ring1][=Branch2][Ring1][Branch1][C][Branch1][Ring1][C][#N][=C][Ring2][Ring1][=C],1.4529,1,train,N#Cc1cc(C#N)c(-c2c(-c3ccccc3)c[nH]c2-c2nccn3ccnc23)c(C#N)c1
[C][N][Branch1][C][C][C][=C][C][=C][Branch1][P][C][=Branch1][C][=O][N][C][=C][C][=C][Branch1][C][F][C][=C][Ring1][#Branch1][C][=C][Ring1][S],-0.1292,1,train,CN(C)c1ccc(C(=O)Nc2ccc(F)cc2)cc1
[C][C][=C][C][=C][Branch1][C][O][C][=C][Ring1][#Branch1],-1.9375,1,train,Cc1ccc(O)cc1
[C][O][C][=C][O][C][=C][C][Branch1][S][C][=C][C][=C][Branch1][=Branch1][N][Branch1][C][C][C][C][=C][Ring1][=Branch2][=C][C][=C][Ring1][#C][C][Ring2][Ring1][Ring1][=O],0.3576,1,train,COc1coc2cc(-c3ccc(N(C)C)cc3)ccc2c1=O
[C][=C][C][=C][O][C][=C][Ring1][Branch1][C][=C][C][=C][NH1][C][=N][C][=C][Branch1][=C][N][C][=N][C][=C][C][=C][C][=C][Ring1][=Branch1][Ring1][=Branch2][C][=C][Ring1][#C][C][Ring2][Ring1][C][=C][Ring2][Ring1][=Branch1],0.7145,1,train,C=Cc1cocc1-c1ccc2[nH]c3ncc(-n4cnc5ccccc54)cc3c2c1
[C][=C][C][Branch1][Branch2][N][C][C][C][C][Ring1][Branch1][=C][C][=N][Ring1][O],-1.909,1,train,c1cc(N2CCCC2)ccn1
[N][#C][C][=C][Branch1][C][F][C][Branch1][C][F][=C][Branch1][Ring1][C][#N][C][O][C][=C][C][O][C][=C][Branch1][Ring1][C][#N][C][Branch1][C][F][=C][Branch1][C][F][C][Branch1][Ring1][C][#N][=C][Ring1][N][O][C][=Ring1][S][C][=C][Ring2][Ring1][Ring2][O][C][Ring2][Ring1][S][=Ring2][Ring1][Branch2],2.9261,1,train,N#Cc1c(F)c(F)c(C#N)c2oc3cc4oc5c(C#N)c(F)c(F)c(C#N)c5oc4cc3oc12
[N][#C][C][=C][C][=C][C][=C][Ring1][=Branch1][N],-0.5363,1,train,N#Cc1ccccc1N
[C][=C][C][=C][C][=C][C][=C][C][=C][C][Branch2][Ring1][O][C][=C][C][Branch1][Branch2][C][=N][C][=C][S][Ring1][Branch1][=N][C][Branch1][Branch2][C][=N][C][=C][S][Ring1][Branch1][=C][Ring1][S][=C][C][=Branch1][Branch1][=C][Ring2][Ring1][=C][C][Ring2][Ring1][=N][=C][Ring2][Ring1][O][Ring2][Ring1][#Branch1],1.4437,1,train,c1cc2ccc3cccc4c(-c5cc(-c6nccs6)nc(-c6nccs6)c5)cc(c1)c2c34
[C][C][=C][C][Branch1][C][C][=C][C][Branch1][C][C][=C][Ring1][Branch2],-2.0033,1,train,Cc1cc(C)cc(C)c1
[C][C][=Branch1][C][=O][C][C][=C][N][C][=C][Branch2][Ring1][C][C][Branch1][=Branch2][C][=C][C][=C][C][=C][Ring1][=Branch1][=C][Ring1][O][C][=Ring1][#C][C][N][Branch2][Ring1][C][C][C][C][N][C][=Branch1][C][=O][O][C][Branch1][C][C][Branch1][C][C][C][C][Ring2][Ring1][=Branch2][=O],0.9113,1,train,CC(=O)c1ccn2c3c(c(-c4ccccc4)c2c1)CN(CCCNC(=O)OC(C)(C)C)C3=O
[C][=C][C][=C][C][=C][C][=C][Ring1][=Branch1][C][C][=C][C][=C][C][=C][Ring1][=Branch1][Ring1][#C],-0.2129,1,train,C1=Cc2ccccc2Cc2ccccc21
[C][C][=C][C][=C][C][=C][Ring1][=Branch1][C],-1.9817,1,train,Cc1ccccc1C
[C][C][Branch1][C][C][Branch1][C][C][C][=C][C][Branch2][Ring1][Ring1][C][=N][C][=C][C][O][C][=N][C][=Ring1][Branch1][C][=C][Ring1][=Branch2][O][Ring1][N][=C][C][=C][Ring2][Ring1][C][C][=C][C][=C][S][C][=C][C][=C][C][=C][Ring1][=Branch1][C][Ring1][=Branch2][=C][Ring1][=N],1.2964,1,train,CC(C)(C)c1cc(-c2nc3cc4ocnc4cc3o2)ccc1-c1ccc2sc3ccccc3c2c1
[O][=C][C][=C][C][=C][C][=C][Ring1][=Branch1][C][=C][C][=C][Branch2][Ring2][Branch1][C][=C][C][=C][N][=C][N][=C][Ring1][=Branch1][C][=C][Ring1][#Branch2][C][=N][C][=C][Branch1][=C][C][=N][C][=C][C][=C][C][=C][Ring1][=Branch1][S][Ring1][=Branch2][S][Ring1][=C][C][=C][Ring2][Ring1][=C][Ring2][Ring2][Branch1],2.1863,1,train,O=C1c2ccccc2-c2ccc(-c3cc4cncnc4cc3-c3ncc(-c4nc5ccccc5s4)s3)cc21
[N][#C][C][=C][C][Branch1][Ring1][C][#N][=C][Branch2][Ring1][P][C][=N][C][=N][C][Branch2][Ring1][Branch1][C][=C][C][=C][N][=C][C][=C][C][=C][C][Ring1][=Branch1][=N][C][Ring1][#Branch2][=C][Ring1][=C][=N][Ring2][Ring1][Ring2][C][Branch1][Ring1][C][#N][=C][Ring2][Ring1][=C][C][=C][C][=C][C][=C][Ring1][=Branch1],2.6052,1,train,N#Cc1cc(C#N)c(-c2ncnc(-c3ccc4nc5ccccc5nc4c3)n2)c(C#N)c1-c1ccccc1
[O][=C][C][=C][Branch2][Ring2][=Branch2][C][S][C][Branch2][Ring1][Branch2][C][=C][C][=C][NH1][C][Branch1][=Branch2][C][=C][C][=C][C][=C][Ring1][=Branch1][=C][C][Ring1][O][=C][Ring1][#C][=C][N][=C][C][=N][C][=Ring2][Ring1][Branch2][Ring1][=Branch1][C][=C][C][=C][C][=C][Ring1][=Branch1][Ring2][Ring1][P],2.1949,1,train,O=C1C=C(c2sc(-c3ccc4[nH]c(-c5ccccc5)cc4c3)c3nccnc23)c2ccccc21
[C][C][=C][C][=C][C][Branch1][Branch2][C][C][=Branch1][C][=O][N][N][=C][O][C][Ring1][#Branch2][=C][Ring1][=C],-0.4553,1,train,Cc1ccc2c(CC(=O)NN)coc2c1
[O][=C][Branch1][C][O][C][=C][C][=C][Branch2][Ring2][=N][C][=Branch1][C][=O][O][C][=C][N][=C][Branch2][Ring1][=N][C][=Branch1][C][=O][C][=C][C][=C][C][=Branch1][Ring2][=C][Ring1][=Branch1][C][=Branch1][C][=O][C][=C][C][=C][C][=C][Ring1][=Branch1][Ring1][O][S][Ring2][Ring1][Branch1][C][=C][Ring2][Ring1][=C],2.5406,1,train,O=C(O)c1ccc(C(=O)Oc2cnc(C(=O)c3ccc4c(c3)C(=O)c3ccccc3-4)s2)cc1
[Cl][C][Branch1][C][Cl][=C][C][=C][C][=C][C][=C][Ring1][=Branch1][C][Branch2][Ring1][S][C][Branch1][C][Cl][C][=C][C][=C][C][=C][Ring1][=Branch1][C][=Branch1][=Branch1][=C][Branch1][C][Cl][Cl][C][=C][C][=C][C][=C][Ring1][=Branch1][Ring2][Ring1][C][C][=C][C][=C][C][=C][Ring1][=Branch1][Ring2][Ring1][S],1.1038,1,train,ClC(Cl)=C1c2ccccc2C(C2(Cl)c3ccccc3C(=C(Cl)Cl)c3ccccc32)c2ccccc21
[O][=C][NH1][C][=C][C][=C][C][=C][Ring1][=Branch1][NH1][Ring1][=Branch2],-1.1818,1,train,O=c1[nH]c2ccccc2[nH]1
[C][C][=C][C][=C][Branch1][C][O][C][Branch1][P][C][=N][C][Branch1][C][C][=C][N][Ring1][=Branch1][C][C][C][C][Ring1][=Branch1][=C][Ring1][P],-0.8301,1,train,Cc1ccc(O)c(-c2nc(C)c3n2CCCC3)c1
[N][#C][C][=C][N][=C][S][C][=N][C][=C][Branch2][Ring2][Ring2][C][=C][C][=C][C][=C][Ring1][=Branch1][C][=Branch1][C][=O][N][Branch1][P][N][C][=C][C][=Branch1][C][=O][N][C][=C][Ring1][=Branch1][C][Ring1][=Branch2][=O][C][Ring1][S][=O][C][=C][Ring2][Ring1][O][C][Ring2][Ring1][=C][=C][Ring2][Ring2][C],2.5082,1,train,N#Cc1cnc2sc3ncc(-c4cccc5c4C(=O)N(N4C=C6C(=O)NC=C6C4=O)C5=O)cc3c2c1
[C][C][Branch1][C][C][O][C][C][=C][S][C][=Ring1][Branch1][C][S][C][Branch2][Ring2][=Branch1][C][=N][C][Branch1][#C][C][=C][N][=C][C][=C][C][=C][C][Ring1][=Branch1][=N][Ring1][#Branch2][=C][N][Ring1][#C][C][=C][C][=C][C][=C][C][=C][Ring1][=Branch1][C][Ring1][=Branch2][=O][=C][C][=Ring2][Ring1][=C][Ring2][Ring2][=Branch1],2.2004,1,train,CC1(C)Oc2ccsc2-c2sc(-c3nc(-c4cnc5ccccc5n4)cn3C3=Cc4ccccc4C3=O)cc21
[N][#C][C][=C][Branch1][C][F][C][Branch1][C][F][=C][Branch1][Ring1][C][#N][C][O][C][=C][C][O][C][=C][Branch1][Ring1][C][#N][C][Branch1][C][F][=C][Branch1][C][F][C][Branch1][Ring1][C][#N][=C][Ring1][N][O][C][=Ring1][S][C][=C][Ring2][Ring1][Ring2][O][C][Ring2][Ring1][S][=Ring2][Ring1][Branch2],2.9261,1,train,N#Cc1c(F)c(F)c(C#N)c2oc3cc4oc5c(C#N)c(F)c(F)c(C#N)c5oc4cc3oc12
[C][C][=Branch1][C][=O][C][=C][C][=Branch2][Ring1][Ring1][=C][C][=C][Branch1][=Branch1][N][Branch1][C][C][C][C][=C][C][=C][Ring1][=N][Ring1][=Branch2][C][C][C][Ring1][#C],0.1026,1,train,CC(=O)c1c2c(cc3c(N(C)C)cccc13)CCC2
[C][=C][C][Branch1][Branch2][N][C][C][C][C][Ring1][Branch1][=C][C][=N][Ring1][O],-1.909,1,train,c1cc(N2CCCC2)ccn1
[C][N][Branch1][C][C][C][=C][C][=C][C][=C][Ring1][=Branch1],-2.2302,1,train,CN(C)c1ccccc1
[C][=C][C][=C][Branch2][Ring2][C][C][N][=C][Branch1][P][C][=C][C][=C][Branch1][Branch2][C][=C][C][=C][S][Ring1][Branch1][S][Ring1][#Branch2][NH1][C][=Ring1][#C][C][=C][C][=C][C][=C][Ring1][=Branch1][C][=C][Ring2][Ring1][O],0.8207,1,train,c1ccc(-c2nc(-c3ccc(-c4cccs4)s3)[nH]c2-c2ccccc2)cc1
[C][C][=C][C][=Branch1][C][=O][NH1][C][=Branch1][C][=O][NH1][Ring1][Branch2],-0.685,1,train,Cc1cc(=O)[nH]c(=O)[nH]1
[C][C][N][Branch1][Ring1][C][C][C][=C][C][=C][Branch1][N][N][C][Branch1][C][C][=C][C][=C][Ring1][=Branch1][C][C][=C][Ring1][=N],-1.4394,1,train,CCN(CC)c1ccc(-n2c(C)ccc2C)cc1
[C][O][C][=C][C][NH1][C][=C][Branch1][#C][C][=Ring1][Branch1][C][=C][Ring1][=Branch2][O][C][C][=Branch1][C][=O][O][C][C][C][C][Ring1][=C][=O],0.5363,1,train,COc1cc2[nH]c3c(c2cc1OCC(=O)O)CCCC3=O
[N][C][=C][C][=C][N][=C][Ring1][=Branch1],-1.471,1,train,Nc1cccnc1
[N][#C][C][=C][C][=C][C][=C][Ring1][=Branch1][N],-0.5363,1,train,N#Cc1ccccc1N
[C][N][C][C][C][N][C][=C][C][=C][C][=C][Ring1][=Branch1][C][C][C][=C][C][=C][C][=C][Ring1][=Branch1][Ring1][#C],-1.0636,1,train,CNCCCN1c2ccccc2CCc2ccccc21
[C][O][C][=C][C][=C][Branch2][Ring1][Branch1][C][=C][C][=C][C][=C][C][Ring1][=Branch1][=C][C][=C][C][=C][C][=C][Ring1][=C][Ring1][=Branch1][C][Branch2][Ring1][Ring2][C][=C][N][=C][S][C][=N][C][=C][C][=C][Ring1][=Branch1][C][Ring1][=Branch2][=C][Ring1][=N][=C][Ring2][Ring1][P],1.3461,1,train,COc1ccc(-c2c3ccccc3cc3ccccc23)c(-c2cnc3sc4ncccc4c3c2)c1
[C][C][=C][C][=Branch1][C][=O][O][C][=C][C][=C][Branch1][#Branch1][C][=C][Ring1][O][Ring1][=Branch1][C][C][C][N][Ring1][Branch2][C][C][C][Ring1][N],0.0507,1,train,Cc1cc(=O)oc2c3c4c(cc12)CCCN4CCC3
[N][#C][C][=C][C][Branch1][Ring1][C][#N][=C][C][Branch2][Ring2][#C][C][=C][C][=C][C][=C][C][Branch2][Ring1][N][C][=N][C][=C][C][N][=C][Branch1][Branch2][C][=C][C][=C][O][Ring1][Branch1][O][C][=Ring1][#Branch2][C][=C][Ring1][=C][O][Ring1][P][=N][C][Ring2][Ring1][#Branch1][=N][Ring2][Ring1][O][=C][Ring2][Ring2][Ring1],2.3466,1,train,N#Cc1cc(C#N)cc(-c2ccc3ccc(-c4nc5cc6nc(-c7ccco7)oc6cc5o4)nc3n2)c1
[C][C][O][C][C][C][=C][C][=N][C][Ring1][Branch1][=C][C][=C][NH1][C][Branch1][#Branch2][C][=C][Ring1][Branch1][C][C][O][C][C][=C][N][=C][Branch2][Ring1][C][C][=C][C][NH1][C][Ring2][Ring1][#Branch1][=C][C][=Ring1][Branch1][C][C][O][C][C][C][Branch1][=Branch1][C][C][O][C][C][=C][Ring2][Ring1][=Branch1],2.4021,1,train,CCOCCC1=Cc2nc1ccc1[nH]c(cc1CCOCC)c1nc(ccc3[nH]c2cc3CCOCC)C(CCOCC)=C1
[C][O][C][=N][C][Branch1][C][Cl][=N][C][Branch2][Ring1][S][N][C][=C][C][=C][C][=C][Branch1][=Branch2][C][=C][C][=C][Ring1][#Branch2][Ring1][=Branch1][C][=Branch1][C][=O][C][=C][C][=C][C][=C][Ring1][=Branch1][Ring1][#C][=N][Ring2][Ring1][#Branch2],1.816,1,train,COc1nc(Cl)nc(Nc2ccc3c4c(cccc24)C(=O)c2ccccc2-3)n1
[C][N][Branch1][C][C][C][=C][C][=C][Branch1][P][C][=Branch1][C][=O][N][C][=C][C][=C][Branch1][C][F][C][=C][Ring1][#Branch1][C][=C][Ring1][S],-0.131,1,train,CN(C)c1ccc(C(=O)Nc2ccc(F)cc2)cc1
[C][O][C][=N][C][Branch2][Ring1][S][N][C][=C][C][=C][C][=C][Branch1][=Branch2][C][=C][C][=C][Ring1][#Branch2][Ring1][=Branch1][C][=Branch1][C][=O][C][=C][C][=C][C][=C][Ring1][=Branch1][Ring1][#C][=N][C][Branch1][Ring1][O][C][=N][Ring2][Ring1][O],1.6518,1,train,COc1nc(Nc2ccc3c4c(cccc24)C(=O)c2ccccc2-3)nc(OC)n1
[C][C][N][Branch1][Ring1][C][C][C][=C][C][=C][C][=C][Branch1][=C][C][=C][N][C][=C][C][=C][C][Ring1][=Branch1][=N][Ring1][=Branch2][C][=Branch1][C][=O][O][C][Ring1][S][=C][Ring2][Ring1][Ring2],0.6115,1,train,CCN(CC)c1ccc2cc(-c3cn4ccccc4n3)c(=O)oc2c1
[N][C][=C][C][=C][C][=N][Ring1][=Branch1],-1.4996,1,train,Nc1ccccn1
[C][C][=Branch1][C][=O][C][=C][C][=C][Branch2][Ring1][Branch2][C][=N][C][=C][C][=C][Branch1][=Branch1][N][Branch1][C][C][C][C][Branch1][C][Br][=C][Ring1][#Branch2][S][Ring1][=N][C][=C][Ring2][Ring1][Ring1],1.5845,1,train,CC(=O)c1ccc(-c2nc3ccc(N(C)C)c(Br)c3s2)cc1
[N][C][=C][C][=C][NH1][N][=C][C][Ring1][Branch1][=C][Ring1][=Branch2],-0.846,1,train,Nc1ccc2[nH]ncc2c1
[C][#C][C][=N][C][=C][C][=C][Branch2][Ring1][#Branch1][C][=N][C][=C][C][N][=C][Branch1][Ring1][O][C][O][C][=Ring1][#Branch1][C][=C][Ring1][O][O][Ring1][=C][C][=C][Ring2][Ring1][Ring2][NH1][Ring2][Ring1][#Branch1],1.0326,1,train,C#Cc1nc2ccc(-c3nc4cc5nc(OC)oc5cc4o3)cc2[nH]1
[N][C][=C][C][=C][Branch1][N][C][=C][C][=C][Branch1][C][N][C][=C][Ring1][#Branch1][C][=C][Ring1][=N],-1.2263,1,train,Nc1ccc(-c2ccc(N)cc2)cc1
[O][=C][C][=C][C][=C][C][=C][Ring1][=Branch1][N][C][=C][C][=C][Branch1][=C][C][=N][C][=C][N][C][=C][N][=C][Ring1][=Branch2][Ring1][Branch1][C][=C][Ring1][#C][C][=Branch1][C][=O][C][=C][C][Branch1][O][C][C][=C][N][Branch1][C][F][C][=Ring1][=Branch1][=C][C][Ring2][Ring2][Ring2][=C][Ring1][N][Ring2][Ring1][=C],1.6697,1,train,O=c1c2ccccc2n2c3ccc(-c4nccn5ccnc45)cc3c(=O)c3cc(-c4ccn(F)c4)cc1c32
[N][C][=C][C][=C][C][=C][Ring1][=Branch1],-2.1704,1,train,Nc1ccccc1
[C][=C][C][=C][NH1][C][=C][C][Ring1][Branch1][=C][Ring1][=Branch2],-1.3957,1,train,c1ccc2[nH]ccc2c1
[N][C][=C][C][=C][N][=C][Ring1][=Branch1],-1.471,1,train,Nc1cccnc1
[C][=C][C][=N][C][=C][Ring1][=Branch1],-1.2783,1,train,c1ccncc1
[C][C][O][C][=Branch1][C][=O][C][C][Branch1][S][C][=C][C][=C][C][=C][C][=C][Ring1][=Branch1][O][C][Ring1][#Branch2][=O][=N][N][Branch1][N][C][=C][C][=C][Branch1][C][Br][C][=C][Ring1][#Branch1][C][=Ring2][Ring1][#Branch1][C][=Branch1][C][=O][O][C][C],1.5989,1,train,CCOC(=O)c1c(-c2cc3ccccc3oc2=O)nn(-c2ccc(Br)cc2)c1C(=O)OCC
[C][=C][C][=C][Branch2][Ring2][=C][N][C][=C][C][=C][C][=C][Ring1][=Branch1][S][C][=C][C][Branch2][Ring1][Branch1][C][=C][C][=C][C][=N][C][=C][C][=C][C][=C][Ring1][=Branch1][C][=C][Ring1][=C][Ring1][#Branch2][=C][C][=C][Ring2][Ring1][Ring2][Ring2][Ring1][N][C][=C][Ring2][Ring2][C],1.2127,1,train,c1ccc(N2c3ccccc3Sc3cc(-c4cccc5nc6ccccc6cc45)ccc32)cc1
[N][C][=C][C][=C][C][=N][Ring1][=Branch1],-1.4996,1,train,Nc1ccccn1
[C][C][C][C][C][Branch1][C][O][Branch1][P][C][=C][C][=C][Branch1][Branch2][C][=C][C][=C][S][Ring1][Branch1][S][Ring1][#Branch2][C][C][Ring1][P],0.1418,1,train,CC1CCC(O)(c2ccc(-c3cccs3)s2)CC1
[C][C][C][=Branch1][C][=O][C][=C][C][=C][C][=C][Branch1][=Branch1][N][Branch1][C][C][C][C][=C][C][Ring1][=Branch2][=C][Ring1][=N],0.2856,1,train,CCC(=O)c1ccc2cc(N(C)C)ccc2c1
[N][#C][C][=C][Branch1][C][F][C][Branch1][C][F][=C][Branch1][Ring1][C][#N][C][O][C][=C][C][O][C][=C][Branch1][Ring1][C][#N][C][Branch1][C][F][=C][Branch1][C][F][C][Branch1][Ring1][C][#N][=C][Ring1][N][O][C][=Ring1][S][C][=C][Ring2][Ring1][Ring2][O][C][Ring2][Ring1][S][=Ring2][Ring1][Branch2],2.9261,1,train,N#Cc1c(F)c(F)c(C#N)c2oc3cc4oc5c(C#N)c(F)c(F)c(C#N)c5oc4cc3oc12
[C][=C][S][C][Branch1][Branch2][C][=C][C][=C][S][Ring1][Branch1][=C][Ring1][#Branch2],0.1277,1,train,c1csc(-c2cccs2)c1
[C][N][Branch1][C][C][C][=C][C][=C][C][=C][Ring1][=Branch1][C][=C][C][=C][C][=C][Ring1][=Branch1][C][Ring1][=Branch2][=O],0.9105,1,train,CN(C)c1cccc2c1-c1ccccc1C2=O
[N][#C][C][=N][C][Branch2][Ring1][Ring2][N][C][=C][C][=C][C][=C][Ring1][=Branch1][C][=C][C][=C][C][=C][Ring1][=Branch1][Ring1][=N][=C][C][Branch2][Ring1][Ring2][N][C][=C][C][=C][C][=C][Ring1][=Branch1][C][=C][C][=C][C][=C][Ring1][=Branch1][Ring1][=N][=N][Ring2][Ring1][S],1.2726,1,train,N#Cc1nc(-n2c3ccccc3c3ccccc32)cc(-n2c3ccccc3c3ccccc32)n1
[C][C][=C][C][=C][C][Branch1][C][C][=C][Ring1][#Branch1],-1.9837,1,train,Cc1cccc(C)c1
[C][N][C][=C][C][=C][C][=Branch1][Ring2][=C][Ring1][=Branch1][C][=C][C][=C][C][=C][Ring1][=Branch1][C][Ring1][#Branch2][=O],0.6997,1,train,CNc1ccc2c(c1)-c1ccccc1C2=O
[N][C][C][=C][NH1][C][=Branch1][C][=S][N][=Ring1][#Branch1],-0.1949,1,train,Nc1cc[nH]c(=S)n1
[C][C][Branch1][C][C][Branch1][C][C][C][N][C][=C][C][=C][C][=C][Ring1][=Branch1][C][=Branch1][C][=O][N][Ring1][O][C][C][=C][C][=C][C][=C][Ring1][=Branch1],-0.1908,1,train,CC(C)(C)C1Nc2ccccc2C(=O)N1Cc1ccccc1
[C][N][Branch1][C][C][C][C][C][N][C][=C][C][=C][C][=C][Ring1][=Branch1][S][C][=C][C][=C][C][=C][Ring1][=Branch1][Ring1][=C],-0.5098,1,train,CN(C)CCCN1c2ccccc2Sc2ccccc21
[N][C][=C][C][=C][Branch1][N][C][=C][C][=C][Branch1][C][N][C][=C][Ring1][#Branch1][C][=C][Ring1][=N],-1.2263,1,train,Nc1ccc(-c2ccc(N)cc2)cc1
[C][O][C][=C][C][Branch2][Ring2][Ring2][C][=N][N][=C][Branch2][Ring1][=Branch2][C][=C][C][=C][C][=C][C][=C][C][=C][C][=C][C][=C][Ring1][=C][C][Ring1][N][=C][Ring1][#Branch2][Ring1][=Branch1][O][Ring2][Ring1][Branch1][=C][C][Branch1][Ring1][O][C][=C][Ring2][Ring1][=N][O][C],1.488,1,train,COc1cc(-c2nnc(-c3ccc4ccc5cccc6ccc3c4c56)o2)cc(OC)c1OC
[C][C][=C][C][=Branch1][C][=O][O][C][=C][C][=C][Branch1][#Branch1][C][=C][Ring1][O][Ring1][=Branch1][C][C][C][N][Ring1][Branch2][C][C][C][Ring1][N],0.0507,1,train,Cc1cc(=O)oc2c3c4c(cc12)CCCN4CCC3
[C][O][C][=C][C][Branch1][=Branch1][C][=Branch1][C][=O][O][=C][C][=C][Ring1][=Branch2][O],-0.2483,1,train,COc1cc(C(=O)O)ccc1O
[N][#C][C][=C][Branch1][C][F][C][Branch1][C][F][=C][Branch1][Ring1][C][#N][C][O][C][=C][C][O][C][=C][Branch1][Ring1][C][#N][C][Branch1][C][F][=C][Branch1][C][F][C][Branch1][Ring1][C][#N][=C][Ring1][N][O][C][=Ring1][S][C][=C][Ring2][Ring1][Ring2][O][C][Ring2][Ring1][S][=Ring2][Ring1][Branch2],2.9261,1,train,N#Cc1c(F)c(F)c(C#N)c2oc3cc4oc5c(C#N)c(F)c(F)c(C#N)c5oc4cc3oc12
[O][=C][C][=C][C][=C][C][=C][Ring1][=Branch1][C][=C][C][=C][Branch1][=Branch2][N][C][C][O][C][C][Ring1][=Branch1][C][=C][C][=C][C][Ring2][Ring1][=Branch1][=C][Ring1][S][Ring1][=Branch1],1.2162,1,train,O=C1c2ccccc2-c2ccc(N3CCOCC3)c3cccc1c23
[C][=C][C][=C][Branch1][=Branch2][C][=C][C][=C][C][=C][Ring1][=Branch1][C][=C][Ring1][N],-0.7238,1,train,c1ccc(-c2ccccc2)cc1
[C][C][=C][C][=C][N][=C][C][Ring1][=Branch1][=C][Branch1][C][C][C][=C][Ring1][O][NH1][C][=C][C][=C][C][=C][Ring1][=Branch1][Ring1][=Branch2],0.4284,1,train,Cc1c2ccncc2c(C)c2c1[nH]c1ccccc12
[C][C][=C][Branch2][Ring2][Branch1][N][C][=Branch1][C][=O][C][=C][C][=C][C][=C][Branch1][#C][C][=C][C][=Branch1][=Branch1][=C][Ring1][#Branch2][Ring1][=Branch1][C][Ring1][=C][=O][C][=Branch1][C][=O][N][C][Ring1][=N][=O][C][Branch1][C][C][Branch1][C][C][C],2.6745,1,train,CC=C(N1C(=O)c2ccc3c4c(ccc(c24)C1=O)C(=O)NC3=O)C(C)(C)C
[N][#C][C][=C][Branch1][C][F][C][Branch1][C][F][=C][Branch1][Ring1][C][#N][C][O][C][=C][C][O][C][=C][Branch1][Ring1][C][#N][C][Branch1][C][F][=C][Branch1][C][F][C][Branch1][Ring1][C][#N][=C][Ring1][N][O][C][=Ring1][S][C][=C][Ring2][Ring1][Ring2][O][C][Ring2][Ring1][S][=Ring2][Ring1][Branch2],2.9261,1,train,N#Cc1c(F)c(F)c(C#N)c2oc3cc4oc5c(C#N)c(F)c(F)c(C#N)c5oc4cc3oc12
[C][=C][C][=C][C][=C][C][=C][Ring1][=Branch1][C][C][=C][C][=C][C][=C][Ring1][=Branch1][Ring1][#C],-0.2129,1,train,C1=Cc2ccccc2Cc2ccccc21
[N][#C][C][=C][Branch1][Ring1][C][#N][C][Branch1][Ring1][C][#N][=C][Branch2][Ring2][Ring1][C][=C][C][=C][C][Branch2][Ring1][#Branch1][C][S][C][Branch1][Branch2][C][=C][N][=C][NH1][Ring1][Branch1][=C][N][=C][C][=N][C][=Ring1][=C][Ring1][=Branch1][=C][Ring2][Ring1][Ring2][C][Branch1][Ring1][C][#N][=C][Ring2][Ring1][S][C][#N],3.1269,1,train,N#Cc1c(C#N)c(C#N)c(-c2cccc(-c3sc(-c4cnc[nH]4)c4nccnc34)c2)c(C#N)c1C#N
[N][C][=C][C][=C][C][=Branch1][Ring2][=C][Ring1][=Branch1][C][C][=C][C][=C][C][=C][Ring1][=Branch1][Ring1][#Branch2],-0.7825,1,train,Nc1ccc2c(c1)Cc1ccccc1-2
[C][=C][C][Branch1][Branch2][N][C][C][C][C][Ring1][Branch1][=C][C][=N][Ring1][O],-1.909,1,train,c1cc(N2CCCC2)ccn1
[N][C][=C][C][=C][C][=N][Ring1][=Branch1],-1.3309,1,train,Nc1ccccn1
[C][O][C][=C][C][NH1][C][=C][Branch1][#Branch2][C][=Ring1][Branch1][C][=C][Ring1][=Branch2][O][C][C][C][C][C][Ring1][O][=O],0.1934,1,train,COc1cc2[nH]c3c(c2cc1OC)CCCC3=O
[C][O][C][=C][C][=C][Branch1][Ring1][O][C][C][=C][Ring1][Branch2],-1.8491,1,train,COc1ccc(OC)cc1
[C][C][=C][C][=C][Branch1][C][C][C][Branch1][C][C][=C][Ring1][Branch2],-1.9996,1,train,Cc1ccc(C)c(C)c1
[O][=C][NH1][C][=C][C][=C][C][=C][Ring1][=Branch1][NH1][Ring1][=Branch2],-1.1818,1,train,O=c1[nH]c2ccccc2[nH]1
[C][O][C][=C][C][=C][C][=C][Ring1][=Branch1],-1.9335,1,train,COc1ccccc1
[C][C][=C][C][=C][Branch1][C][C][C][=C][Ring1][#Branch1],-1.9808,1,train,Cc1ccc(C)cc1
[C][C][=C][C][=C][Branch1][C][C][C][=C][Ring1][#Branch1],-1.9808,1,train,Cc1ccc(C)cc1
[C][C][=C][C][=C][Branch2][Ring1][#Branch2][C][=C][C][Branch1][=Branch2][C][=C][C][=C][C][=C][Ring1][=Branch1][=C][Branch1][Ring1][C][#N][C][=Branch1][C][=S][NH1][Ring1][#C][C][=C][Ring2][Ring1][Branch1],1.0518,1,train,Cc1ccc(-c2cc(-c3ccccc3)c(C#N)c(=S)[nH]2)cc1
[N][#C][C][=C][C][=C][C][Branch1][=C][C][=C][N][C][=C][N][=C][Ring1][Branch1][C][=N][Ring1][=Branch2][=C][C][C][=C][C][=C][C][=C][C][=C][C][Branch2][Ring1][=Branch1][C][=Branch1][=N][=C][Ring2][Ring1][O][C][Branch1][C][F][Branch1][C][F][F][C][Ring2][Ring1][=C][=Ring1][P][=C][Ring1][=N][Ring1][P],2.1723,1,train,N#Cc1cc2cc(-c3cn4ccnc4cn3)cc3c4cccc5cccc(c(c1C(F)(F)F)c23)c54
[C][C][=Branch1][C][=O][N][C][=C][C][=C][Branch1][C][O][C][=C][Ring1][#Branch1],-1.0536,1,train,CC(=O)Nc1ccc(O)cc1
[N][C][=C][C][=C][Branch1][N][C][=C][C][=C][Branch1][C][N][C][=C][Ring1][#Branch1][C][=C][Ring1][=N],-1.2263,1,train,Nc1ccc(-c2ccc(N)cc2)cc1
[N][#C][C][=C][C][=C][Branch2][Ring2][=Branch1][C][=N][C][=N][C][NH1][C][=N][C][=Ring1][Branch1][N][=C][Ring1][=Branch2][N][Ring1][N][C][=C][C][=C][O][C][=C][C][=C][C][=C][Ring1][=Branch1][C][Ring1][=Branch2][=C][Ring1][=N][C][=N][NH1][N][=C][Ring2][Ring2][C][Ring1][Branch1],2.1455,1,train,N#Cc1ccc(-c2nc3nc4[nH]cnc4nc3n2-c2ccc3oc4ccccc4c3c2)c2n[nH]nc12
[C][=C][C][=C][C][=C][Branch1][Ring1][O][C][C][=C][Ring1][Branch2],-1.1005,1,train,C=Cc1ccc(OC)cc1
[N][#C][C][=C][C][Branch1][Ring1][C][#N][=C][Branch1][=Branch2][C][=N][C][=N][C][=N][Ring1][=Branch1][C][Branch1][Ring1][C][#N][=C][Ring1][S][C][=C][N][=C][Branch1][=C][C][C][=C][C][=N][S][N][=C][Ring1][Branch1][C][=Ring1][=Branch2][C][=N][Ring1][#C],2.6681,1,train,N#Cc1cc(C#N)c(-c2ncncn2)c(C#N)c1-c1cnc(-c2ccc3nsnc3c2)cn1
[C][C][=C][C][=C][Branch1][C][C][N][Ring1][=Branch1][C][=C][C][=C][Branch1][=Branch1][N][Branch1][C][C][C][C][=C][Ring1][=Branch2],-1.4002,1,train,Cc1ccc(C)n1-c1ccc(N(C)C)cc1
[C][O][C][=Branch1][C][=O][C][Branch1][#C][N][C][=Branch1][C][=O][O][C][Branch1][C][C][Branch1][C][C][C][C][=C][C][=C][O][C][Branch1][#C][C][=C][C][Branch1][Ring1][O][C][=C][C][=C][Ring1][Branch2][O][C][=N][C][Ring1][#C][=C][Ring2][Ring1][Ring1],0.7034,1,train,COC(=O)C(NC(=O)OC(C)(C)C)c1ccc2oc(-c3cc(OC)ccc3OC)nc2c1
[N][C][=C][C][=C][Branch1][N][C][=C][C][=C][Branch1][C][N][C][=C][Ring1][#Branch1][C][=C][Ring1][=N],-1.2263,1,train,Nc1ccc(-c2ccc(N)cc2)cc1
[C][O][C][=C][C][=C][Branch1][Ring1][O][C][C][=C][Ring1][Branch2],-1.8491,1,train,COc1ccc(OC)cc1
[N][#C][C][=C][C][Branch1][Ring1][C][#N][=C][Branch1][Ring1][C][#N][C][Branch2][Ring2][Branch1][C][O][C][Branch1][#C][C][=C][S][C][=C][C][=C][C][=C][Ring1][=Branch1][N][Ring1][#Branch2][=C][C][=Ring1][#C][C][=C][N][C][=C][N][=C][Ring1][Branch1][C][=N][Ring1][=Branch2][=C][Ring2][Ring2][C][C][#N],2.4818,1,train,N#Cc1cc(C#N)c(C#N)c(-c2oc(C3=CSc4ccccc4N3)cc2-c2cn3ccnc3cn2)c1C#N
[C][S][=Branch1][C][=O][=Branch1][C][=O][C][=C][C][=C][C][Branch1][=C][C][=C][C][=C][C][=N][S][N][=C][Ring1][=Branch2][Ring1][Branch1][=C][Branch1][#C][C][=C][C][=C][C][=C][C][=C][Ring1][=Branch1][C][Ring1][=Branch2][=O][C][=C][C][Ring2][Ring1][=Branch2][=C][Ring2][Ring1][=N],2.1732,1,train,CS(=O)(=O)c1ccc2c(-c3cccc4nsnc34)c(C3=Cc4ccccc4C3=O)ccc2c1
[C][O][C][=C][C][=C][C][=Branch1][C][=O][C][=C][Branch1][Branch2][NH1][C][Ring1][#Branch1][=C][Ring1][O][C][=C][C][Branch1][C][Cl][=C][C][=C][Ring1][#Branch1][N][C][Ring1][=C][Branch1][C][C][C],0.6436,1,train,COc1ccc2c(=O)c3c([nH]c2c1)-c1cc(Cl)ccc1NC3(C)C
[C][C][=Branch1][C][=O][C][=C][C][=C][Branch2][Ring1][Branch2][C][=N][C][=C][C][=C][Branch1][=Branch1][N][Branch1][C][C][C][C][Branch1][C][Br][=C][Ring1][#Branch2][S][Ring1][=N][C][=C][Ring2][Ring1][Ring1],1.5625,1,train,CC(=O)c1ccc(-c2nc3ccc(N(C)C)c(Br)c3s2)cc1
[N][#C][C][=C][C][=C][Branch1][Branch2][N][C][=C][C][=C][Ring1][Branch1][C][=C][Ring1][O],0.3072,1,train,N#Cc1ccc(-n2cccc2)cc1
[N][#C][C][=C][C][=C][Branch1][C][N][C][=C][Ring1][#Branch1],-0.7114,1,train,N#Cc1ccc(N)cc1
[C][N][Branch1][C][C][C][=C][C][=C][Branch2][Ring1][C][C][=C][C][=Branch1][C][=O][C][=C][C][=C][C][=C][Ring1][=Branch1][O][Ring1][O][C][=C][Ring1][P],0.3887,1,train,CN(C)c1ccc(-c2cc(=O)c3ccccc3o2)cc1
[F][C][Branch1][C][F][Branch1][C][F][C][Branch1][C][F][Branch1][C][F][C][Branch1][C][F][Branch1][C][F][C][Branch1][C][F][Branch1][C][F][C][Branch1][C][F][Branch1][C][F][C][Branch1][C][F][Branch1][C][F][C][C][O][C][=N][N][=C][Branch1][C][Cl][N][=N][Ring1][#Branch1],2.3694,1,train,FC(F)(F)C(F)(F)C(F)(F)C(F)(F)C(F)(F)C(F)(F)CCOc1nnc(Cl)nn1
[C][C][N][C][=Branch1][C][=O][C][Branch2][Ring2][Ring2][C][C][=Branch1][C][=O][C][=C][C][=C][C][=C][C][Ring1][=Branch1][=C][C][=C][C][=C][C][=C][C][=C][Ring1][=Branch1][C][Ring2][Ring1][Ring2][=C][Ring2][Ring1][C][Ring1][#Branch2][S][C][Ring2][Ring1][O][=S],2.1915,1,train,CCN1C(=O)C(C2C(=O)c3c4ccccc4cc4cc5ccccc5c2c34)SC1=S
[C][C][C][C][C][C][C][C][C][C][C][C][C][C][C][C][C][C][N][C][=Branch1][C][=O][C][=C][C][=C][C][=C][Branch1][=Branch2][O][C][C][N][Branch1][C][C][C][C][=C][C][=Branch1][=Branch1][=C][Ring1][S][Ring1][N][C][Ring2][Ring1][Ring2][=O],1.2718,1,train,CCCCCCCCCCCCCCCCCCN1C(=O)c2cccc3c(OCCN(C)C)ccc(c23)C1=O
[O][=C][Branch1][C][O][C][=C][C][Branch1][C][O][=C][Branch1][C][O][C][Branch1][C][O][=C][Ring1][=Branch2],-0.1597,1,train,O=C(O)c1cc(O)c(O)c(O)c1
[N][C][C][=C][NH1][C][=Branch1][C][=S][N][=Ring1][#Branch1],-0.1949,1,train,Nc1cc[nH]c(=S)n1
[C][C][N][C][=Branch1][C][=O][C][Branch2][Ring2][Ring2][C][C][=Branch1][C][=O][C][=C][C][=C][C][=C][C][Ring1][=Branch1][=C][C][=C][C][=C][C][=C][C][=C][Ring1][=Branch1][C][Ring2][Ring1][Ring2][=C][Ring2][Ring1][C][Ring1][#Branch2][C][=Branch1][C][=O][N][Branch1][Ring1][C][C][C][Ring2][Ring1][#C][=S],2.1817,1,train,CCN1C(=O)C(C2C(=O)c3c4ccccc4cc4cc5ccccc5c2c34)C(=O)N(CC)C1=S
[C][O][C][=C][C][=C][C][Branch1][Branch2][C][C][=Branch1][C][=O][N][N][=C][O][C][Ring1][#Branch2][=C][Ring1][=C],-0.5017,1,train,COc1ccc2c(CC(=O)NN)coc2c1
[N][C][C][C][=C][NH1][C][=C][C][=C][Branch1][C][O][C][=C][Ring1][#Branch2][Ring1][#Branch1],-1.3682,1,train,NCCc1c[nH]c2ccc(O)cc12
[N][#C][C][=N][C][=C][C][O][C][Branch2][Ring1][P][C][=N][C][=N][C][=N][C][=N][C][Branch1][=Branch2][C][=C][N][=C][C][=N][Ring1][=Branch1][=N][C][=Branch1][Branch1][=N][Ring2][Ring1][C][N][Ring1][P][Ring1][=N][=N][C][=Ring2][Ring1][Branch2][C][=C][Ring2][Ring1][N][O][Ring2][Ring1][#C],3.1446,1,train,N#Cc1nc2cc3oc(C4=NC5=NC=NC6=NC(c7cnccn7)=NC(=N4)N56)nc3cc2o1
[C][C][=Branch1][C][=O][N][C][=C][C][=C][Branch1][C][O][C][=C][Ring1][#Branch1],-1.0536,1,train,CC(=O)Nc1ccc(O)cc1
[C][=C][C][=C][C][Branch2][Ring2][Branch2][C][=N][C][=N][C][Branch2][Ring1][N][C][=N][C][=C][C][Branch1][=N][C][=N][C][S][C][=N][C][=Ring1][Branch1][S][Ring1][Branch2][=C][C][=C][Ring1][=C][S][Ring1][P][=N][Ring2][Ring1][#Branch1][=C][C][=C][C][Ring2][Ring1][=N][=C][Ring2][Ring1][P],2.1343,1,train,c1ccc2c(-c3ncnc(-c4nc5cc(-c6nc7scnc7s6)ccc5s4)n3)cccc2c1
[O][C][=C][C][=C][C][=C][Ring1][=Branch1][C][=N][C][Branch1][=Branch2][C][=C][C][=C][C][=C][Ring1][=Branch1][=C][C][=C][C][=C][N][Ring1][#C][Ring1][=Branch1],-0.024,1,train,Oc1ccccc1-c1nc(-c2ccccc2)c2ccccn12
[C][C][N][C][=Branch1][C][=O][C][Branch2][Ring2][Ring2][C][C][=Branch1][C][=O][C][=C][C][=C][C][=C][C][Ring1][=Branch1][=C][C][=C][C][=C][C][=C][C][=C][Ring1][=Branch1][C][Ring2][Ring1][Ring2][=C][Ring2][Ring1][C][Ring1][#Branch2][C][=Branch1][C][=O][N][Branch1][Ring1][C][C][C][Ring2][Ring1][#C][=S],2.1817,1,train,CCN1C(=O)C(C2C(=O)c3c4ccccc4cc4cc5ccccc5c2c34)C(=O)N(CC)C1=S
[C][O][C][=Branch1][C][=O][C][N][=C][Branch1][=Branch2][C][=C][C][=C][C][=C][Ring1][=Branch1][O][C][=Ring1][O][C],0.2799,1,train,COC(=O)c1nc(-c2ccccc2)oc1C
[N][#C][C][=C][C][=C][C][Branch1][C][N][=C][Ring1][#Branch1],-0.5111,1,train,N#Cc1cccc(N)c1
[C][C][=N][C][Branch1][=Branch2][C][=C][C][=C][C][=C][Ring1][=Branch1][=C][C][=C][C][=C][N][Ring1][#C][Ring1][=Branch1],-0.2264,2,train,Cc1nc(-c2ccccc2)c2ccccn12
[C][O][C][=C][C][Branch1][=Branch1][C][=Branch1][C][=O][O][=C][C][=C][Ring1][=Branch2][O],-0.3161,2,train,COc1cc(C(=O)O)ccc1O
[F][C][=C][C][=N][C][=C][Ring1][=Branch1][C][=C][C][=C][Branch2][Ring1][#Branch1][C][=C][C][=C][Branch1][=C][C][=C][C][=C][O][C][=N][C][Ring1][Branch1][=C][Ring1][=Branch2][S][Ring1][=C][C][=C][N][=C][Ring2][Ring1][Ring2][Ring2][Ring1][Branch2],1.4428,2,train,Fc1ccnc2c1ccc1c(-c3ccc(-c4ccc5ocnc5c4)s3)ccnc12
[N][#C][C][=C][C][=C][C][C][=C][NH1][C][Ring1][=Branch2][=Ring1][Branch1],-0.196,2,train,N#Cc1cccc2cc[nH]c12
[C][C][Branch1][C][C][Branch1][C][C][C][=C][C][=C][C][=C][C][=C][C][=C][C][=C][C][=C][Ring1][=C][C][Ring1][N][=C][Ring1][#Branch2][Ring1][=Branch1],0.3652,2,train,CC(C)(C)c1ccc2ccc3cccc4ccc1c2c34
[O][=C][C][=C][Branch1][P][C][=C][C][=C][Branch1][Branch2][C][=C][C][=C][S][Ring1][Branch1][S][Ring1][#Branch2][C][C][Ring1][=C],1.5508,2,train,O=CC1=C(c2ccc(-c3cccs3)s2)CC1
[C][C][N][=C][Branch1][#Branch2][C][=C][C][=C][C][=C][Ring1][=Branch1][O][N][C][=Ring1][N][C][C][C][C][Ring1][=Branch1],-1.1044,2,train,Cc1nc(-c2ccccc2O)n2c1CCCC2
[C][S][=Branch1][C][=O][=Branch1][C][=O][C][=C][C][=C][C][Branch1][=C][C][=C][C][=C][C][=N][S][N][=C][Ring1][=Branch2][Ring1][Branch1][=C][Branch1][#C][C][=C][C][=C][C][=C][C][=C][Ring1][=Branch1][C][Ring1][=Branch2][=O][C][=C][C][Ring2][Ring1][=Branch2][=C][Ring2][Ring1][=N],2.0106,2,train,CS(=O)(=O)c1ccc2c(-c3cccc4nsnc34)c(C3=Cc4ccccc4C3=O)ccc2c1
[C][=C][C][=C][Branch2][Ring2][Ring2][C][=N][C][=C][Branch1][P][C][=C][Ring1][=Branch1][C][=C][C][=C][C][=C][Ring1][=Branch1][C][C][Ring1][#Branch2][C][=C][C][=C][C][=C][Ring1][=Branch1][C][C][Ring2][Ring1][Ring2][C][=C][Ring2][Ring1][N],0.3589,2,train,c1ccc(-c2nc3c(c4c2-c2ccccc2CC4)-c2ccccc2CC3)cc1
[C][C][Branch1][C][C][Branch1][C][C][C][=C][C][=C][S][C][Branch2][Ring2][C][C][=C][C][Branch2][Ring1][#Branch1][C][=C][Branch1][Ring1][C][#N][C][Branch1][Ring1][C][#N][=C][C][Branch1][Ring1][C][#N][=C][Ring1][N][C][#N][=C][O][Ring2][Ring1][Ring1][=N][C][Ring2][Ring1][Branch2][=C][Ring2][Ring1][N],2.4826,2,train,CC(C)(C)c1ccc2sc(-c3cc(-c4c(C#N)c(C#N)cc(C#N)c4C#N)co3)nc2c1
[O][=C][C][=C][C][=C][C][=C][Ring1][=Branch1][C][=C][C][=C][Branch1][S][N][C][=N][C][Branch1][C][Cl][=N][C][Branch1][C][Cl][=N][Ring1][Branch2][C][=C][C][=C][C][Ring2][Ring1][=Branch2][=C][Ring2][Ring1][Ring1][Ring1][=Branch1],2.0037,2,train,O=C1c2ccccc2-c2ccc(Nc3nc(Cl)nc(Cl)n3)c3cccc1c23
[C][C][C][C][C][Branch1][C][O][Branch1][P][C][=C][C][=C][Branch1][Branch2][C][=C][C][=C][S][Ring1][Branch1][S][Ring1][#Branch2][C][C][Ring1][P],0.2439,2,train,CC1CCC(O)(c2ccc(-c3cccs3)s2)CC1
[C][C][N][C][=C][C][O][C][=Branch1][C][=O][C][=C][Branch1][C][C][C][=Ring1][Branch2][C][=C][Ring1][N][C],-0.0292,2,train,CCNc1cc2oc(=O)cc(C)c2cc1C
[C][O][C][=Branch1][C][=O][C][=C][C][=C][C][=C][C][=C][C][=C][C][=C][C][=C][Ring1][=C][C][Ring1][N][=C][Ring1][#Branch2][Ring1][=Branch1],0.9855,2,train,COC(=O)c1ccc2ccc3cccc4ccc1c2c34
[C][C][C][C][C][C][C][C][C][C][C][C][O][C][=C][C][=C][C][Branch1][=Branch1][N][Branch1][C][C][C][=C][C][=C][Ring1][=Branch2][C][=C][Ring1][=N][C][#N],0.0162,2,train,CCCCCCCCCCCCOc1cc2cc(N(C)C)ccc2cc1C#N
[C][O][C][=C][C][=C][C][Branch2][Ring1][Branch1][C][=N][C][Branch1][N][C][=C][C][=C][C][Branch1][C][C][=C][Ring1][#Branch1][=N][O][Ring1][N][=C][C][=Branch1][C][=O][O][C][Ring2][Ring1][Ring1][=C][Ring2][Ring1][#Branch1],1.561,2,train,COc1ccc2c(-c3nc(-c4cccc(C)c4)no3)cc(=O)oc2c1
[C][C][Branch1][C][C][Branch1][C][C][N][C][=Branch1][C][=O][C][=C][Branch1][=C][C][S][C][=C][N][=C][C][=N][C][=Ring1][=Branch2][Ring1][=Branch1][N][C][=Branch1][C][=O][C][Ring1][#C][=C][Ring2][Ring1][Ring1][C][=C][C][=Branch1][C][=O][N][C][=C][Ring1][=Branch1][C][=Branch1][C][=O][N][Ring1][#Branch2],2.5073,2,train,CC(C)(C)N1C(=O)C2=C(c3scc4nccnc34)NC(=O)C2=C1C1=C2C(=O)NC=C2C(=O)N1
[N][#C][C][=C][C][Branch1][Ring1][C][#N][=C][Branch2][Ring2][=Branch2][C][=N][C][Branch1][Branch2][C][=C][C][=C][O][Ring1][Branch1][=N][C][Branch2][Ring1][Ring2][N][Branch1][=Branch2][C][=C][C][=C][C][=C][Ring1][=Branch1][C][=C][C][=C][C][=C][Ring1][=Branch1][=N][Ring2][Ring1][Branch2][C][Branch1][Ring1][C][#N][=C][Ring2][Ring2][C],1.9799,2,train,N#Cc1cc(C#N)c(-c2nc(-c3ccco3)nc(N(c3ccccc3)c3ccccc3)n2)c(C#N)c1
[N][C][=C][C][=C][Branch2][Ring2][#Branch2][C][=C][Branch1][=Branch2][C][=C][C][=C][N][=C][Ring1][=Branch1][C][=C][C][=C][C][=C][Branch1][#C][C][=C][C][=C][C][=N][C][=C][N][=C][Ring1][#Branch2][Ring1][=Branch1][C][=C][Ring2][Ring1][#Branch2][Ring1][S][C][=C][Ring2][Ring1][S],1.1173,2,train,Nc1ccc(-c2c(-c3cccnc3)ccc3ccc(-c4cccc5nccnc45)cc23)cc1
[N][C][=C][C][=C][C][=N][Ring1][=Branch1],-1.848,2,train,Nc1ccccn1
[O][=C][N][C][Branch1][S][C][=C][Branch1][C][F][C][=C][Branch1][C][F][C][=C][Ring1][Branch2][F][=C][C][=Branch1][C][=O][N][C][Branch1][=N][C][=Branch1][C][=O][C][=C][N][=C][C][=N][Ring1][=Branch1][=C][Ring2][Ring1][#Branch2][Ring1][=C],2.5814,2,train,O=C1NC(c2c(F)cc(F)cc2F)=C2C(=O)NC(C(=O)c3cnccn3)=C12
[O][=C][O][C][=C][C][=C][C][=C][Ring1][=Branch1][C][=C][Ring1][#Branch2][C][=C][C][=C][Branch1][S][C][=C][C][=C][C][=C][C][=C][Ring1][=Branch1][O][C][Ring1][#Branch2][=O][C][=C][Ring1][P],1.6296,2,train,O=c1oc2ccccc2cc1-c1ccc(-c2cc3ccccc3oc2=O)cc1
[N][C][=C][C][=C][C][=N][Ring1][=Branch1],-1.848,2,train,Nc1ccccn1
[C][O][C][=C][C][=C][Branch2][Ring1][C][C][=C][S][C][Branch1][=Branch2][C][=C][C][=N][C][=C][Ring1][=Branch1][=N][Ring1][O][C][=C][Ring1][P],0.7615,2,train,COc1ccc(-c2csc(-c3ccncc3)n2)cc1
[C][C][N][=C][Branch1][#Branch2][C][=C][C][=C][C][=C][Ring1][=Branch1][O][N][C][=Ring1][N][C][C][C][C][Ring1][=Branch1],-1.1044,2,train,Cc1nc(-c2ccccc2O)n2c1CCCC2
[N][C][=C][C][=C][C][=N][Ring1][=Branch1],-1.848,2,train,Nc1ccccn1
[N][#C][C][#C][C][=C][C][=C][C][=C][C][Ring1][=Branch1][=C][Branch1][Branch2][C][=C][C][=C][O][Ring1][Branch1][C][=C][C][=C][C][=C][Ring2][Ring1][Ring1][Ring1][=Branch1],1.5362,2,train,N#CC#Cc1c2ccccc2c(-c2ccco2)c2ccccc12
[C][C][Branch1][C][C][C][=C][C][Branch1][#C][C][=C][C][=C][C][=N][C][=C][N][=C][Ring1][#Branch2][Ring1][=Branch1][=C][C][=C][Ring1][S][N][C][=C][C][=C][Branch1][=Branch2][N][C][=C][N][=C][Ring1][Branch1][F][C][=C][Ring1][N][Ring2][Ring1][#C],1.1005,2,train,CC1(C)c2cc(-c3cccc4nccnc34)ccc2Nc2ccc(-n3ccnc3F)cc21
[C][C][N][=C][Branch1][#Branch2][C][=C][C][=C][C][=C][Ring1][=Branch1][O][N][C][=Ring1][N][C][C][C][C][Ring1][=Branch1],-1.1044,2,train,Cc1nc(-c2ccccc2O)n2c1CCCC2
[C][N][Branch1][C][C][C][=C][C][=C][N][=C][Branch2][Ring1][Branch2][C][=C][C][=C][Branch1][=C][C][=Branch1][C][=O][N][C][=C][C][=C][C][=C][Ring1][=Branch1][C][=C][Ring1][#C][S][C][Ring2][Ring1][Ring2][=C][Ring2][Ring1][Branch2],0.9538,2,train,CN(C)c1ccc2nc(-c3ccc(C(=O)Nc4ccccc4)cc3)sc2c1
[C][C][Branch1][C][C][C][=C][C][=C][C][Branch1][=Branch1][C][Branch1][C][C][C][=C][Ring1][=Branch2][N][C][=Branch1][C][=O][C][=C][C][=C][C][=C][Branch1][=N][O][C][=C][C][=C][Branch1][C][Cl][C][=C][Ring1][#Branch1][C][=C][C][=Branch1][#Branch1][=C][Ring2][Ring1][C][Ring1][=C][C][Ring2][Ring1][=Branch1][=O],1.6004,2,train,CC(C)c1cccc(C(C)C)c1N1C(=O)c2cccc3c(Oc4ccc(Cl)cc4)ccc(c23)C1=O
[O][=C][O][C][=C][C][=C][C][=C][Ring1][=Branch1][C][=C][Ring1][#Branch2][C][=C][C][=C][Branch1][S][C][=C][C][=C][C][=C][C][=C][Ring1][=Branch1][O][C][Ring1][#Branch2][=O][C][=C][Ring1][P],1.628,2,train,O=c1oc2ccccc2cc1-c1ccc(-c2cc3ccccc3oc2=O)cc1
[O][=C][C][=C][C][=C][Branch1][Branch2][C][=C][C][=C][S][Ring1][Branch1][C][=C][Branch2][Ring1][Branch2][N][C][=C][C][=C][C][=C][Ring1][=Branch1][C][=Branch1][C][=O][C][=C][C][=C][C][=C][Ring1][=Branch1][Ring1][#C][C][=C][C][=Branch1][Branch2][=C][Ring2][Ring1][=C][Ring2][Ring1][Branch1][C][=Branch1][C][=O][N][Ring2][Ring2][C][F],2.4061,2,train,O=C1c2ccc(-c3cccs3)c3c(-n4c5ccccc5c(=O)c5ccccc54)ccc(c23)C(=O)N1F
[C][=C][C][=C][Branch2][Ring2][Ring2][C][=N][C][=C][Branch1][P][C][=C][Ring1][=Branch1][C][=C][C][=C][C][=C][Ring1][=Branch1][C][C][Ring1][#Branch2][C][=C][C][=C][C][=C][Ring1][=Branch1][C][C][Ring2][Ring1][Ring2][C][=C][Ring2][Ring1][N],0.3589,2,train,c1ccc(-c2nc3c(c4c2-c2ccccc2CC4)-c2ccccc2CC3)cc1
[N][C][=C][C][=C][C][=C][Ring1][=Branch1][C][=Branch1][C][=O][O],-0.5394,2,train,Nc1ccccc1C(=O)O
[O][=C][Branch1][C][O][C][=C][C][=C][Branch2][Ring2][=N][C][=Branch1][C][=O][O][C][=C][N][=C][Branch2][Ring1][=N][C][=Branch1][C][=O][C][=C][C][=C][C][=Branch1][Ring2][=C][Ring1][=Branch1][C][=Branch1][C][=O][C][=C][C][=C][C][=C][Ring1][=Branch1][Ring1][O][S][Ring2][Ring1][Branch1][C][=C][Ring2][Ring1][=C],2.4795,2,train,O=C(O)c1ccc(C(=O)Oc2cnc(C(=O)c3ccc4c(c3)C(=O)c3ccccc3-4)s2)cc1
[N][#C][C][=C][C][=C][NH1][C][=C][C][Ring1][Branch1][=C][Ring1][=Branch2],-0.5629,2,train,N#Cc1ccc2[nH]ccc2c1
[C][C][C][=Branch1][C][=O][C][=C][C][=C][C][=C][Branch1][=Branch1][N][Branch1][C][C][C][C][=C][C][Ring1][=Branch2][=C][Ring1][=N],0.0584,2,train,CCC(=O)c1ccc2cc(N(C)C)ccc2c1
[C][C][N][Branch1][Ring1][C][C][C][=C][C][=C][N][=C][C][=C][C][=C][C][=C][Ring1][=Branch1][C][=Branch1][C][=O][C][=C][Ring1][O][O][C][Ring1][#C][=C][Ring2][Ring1][Ring1],1.5568,2,train,CCN(CC)c1ccc2nc3c4ccccc4c(=O)cc-3oc2c1
[C][C][=C][C][=C][S][C][=C][C][Branch1][Branch2][C][C][C][=Branch1][C][=O][O][=C][C][=C][Ring1][O][C][=Branch1][C][=O][C][Ring1][S][=C][Ring2][Ring1][Ring2],0.7098,2,train,Cc1ccc2sc3cc(CCC(=O)O)ccc3c(=O)c2c1
[N][#C][C][=C][C][=C][NH1][C][=C][C][Ring1][Branch1][=C][Ring1][=Branch2],-0.5629,2,train,N#Cc1ccc2[nH]ccc2c1
[N][C][=C][C][=N][C][=C][Ring1][=Branch1],-1.9423,2,train,Nc1ccncc1
[N][C][=C][C][=C][C][=C][Ring1][=Branch1][C][=Branch1][C][=O][O],-0.5394,2,train,Nc1ccccc1C(=O)O
[N][C][=C][C][=N][C][=C][Ring1][=Branch1],-1.9423,2,train,Nc1ccncc1
[C][O][C][=C][C][=C][Branch1][C][O][C][Branch1][P][C][=N][C][Branch1][C][C][=C][N][Ring1][=Branch1][C][C][C][C][Ring1][=Branch1][=C][Ring1][P],-0.7482,2,train,COc1ccc(O)c(-c2nc(C)c3n2CCCC3)c1
[C][O][C][=C][C][=C][Branch2][Ring1][Branch2][N][Branch1][=Branch2][C][=C][C][=C][C][=C][Ring1][=Branch1][C][=C][C][=C][Branch1][Ring1][O][C][C][=C][Ring1][Branch2][C][=C][Ring2][Ring1][Branch1],-0.6528,2,train,COc1ccc(N(c2ccccc2)c2ccc(OC)cc2)cc1
[F][C][Branch1][C][F][Branch1][C][F][C][=C][C][=C][N][=C][C][=C][Branch2][Ring1][Branch2][C][=N][C][=C][Branch1][#C][C][=C][N][=C][C][=C][C][=C][C][Ring1][=Branch1][=N][Ring1][#Branch2][O][Ring1][#C][C][=C][C][Ring2][Ring1][Branch1][=N][C][Ring2][Ring1][=Branch2][=C][Ring2][Ring1][=N],2.5294,2,train,FC(F)(F)c1ccc2nc3cc(-c4ncc(-c5cnc6ccccc6n5)o4)ccc3nc2c1
[C][C][N][=C][Branch1][#Branch2][C][=C][C][=C][C][=C][Ring1][=Branch1][O][N][C][=Ring1][N][C][C][C][C][Ring1][=Branch1],-1.1044,2,train,Cc1nc(-c2ccccc2O)n2c1CCCC2
[C][C][N][=C][Branch1][#Branch2][C][=C][C][=C][C][=C][Ring1][=Branch1][O][N][C][=Ring1][N][C][C][C][C][Ring1][=Branch1],-1.1044,2,train,Cc1nc(-c2ccccc2O)n2c1CCCC2
[N][#C][C][=C][C][=C][C][NH1][C][=C][C][Ring1][=Branch2][=Ring1][Branch1],-0.2238,2,train,N#Cc1cccc2[nH]ccc12
[C][O][C][=C][C][Branch1][Ring1][O][C][=C][C][=C][Branch1][N][C][=C][C][=C][C][=C][Ring1][=Branch1][C][C][#N][C][=Branch1][C][=O][O][C][Ring1][S][=C][Ring2][Ring1][=Branch1],0.596,2,train,COc1cc(OC)c2cc(-c3ccccc3CC#N)c(=O)oc2c1
[N][#C][C][=C][C][=C][NH1][C][=C][C][Ring1][Branch1][=C][Ring1][=Branch2],-0.563,2,train,N#Cc1ccc2[nH]ccc2c1
[O][=C][C][=C][C][=C][C][=C][Ring1][=Branch1][C][=C][C][=C][Branch1][S][N][C][=N][C][Branch1][C][Cl][=N][C][Branch1][C][Cl][=N][Ring1][Branch2][C][=C][C][=C][C][Ring2][Ring1][=Branch2][=C][Ring2][Ring1][Ring1][Ring1][=Branch1],2.0037,2,train,O=C1c2ccccc2-c2ccc(Nc3nc(Cl)nc(Cl)n3)c3cccc1c23
[O][=C][C][=C][Branch1][P][C][=C][C][=C][Branch1][Branch2][C][=C][C][=C][S][Ring1][Branch1][S][Ring1][#Branch2][C][C][Ring1][=C],1.4658,2,train,O=CC1=C(c2ccc(-c3cccs3)s2)CC1
[O][=C][N][C][Branch1][S][C][=C][Branch1][C][F][C][=C][Branch1][C][F][C][=C][Ring1][Branch2][F][=C][C][=Branch1][C][=O][N][C][Branch1][=N][C][=Branch1][C][=O][C][=C][N][=C][C][=N][Ring1][=Branch1][=C][Ring2][Ring1][#Branch2][Ring1][=C],2.5814,2,train,O=C1NC(c2c(F)cc(F)cc2F)=C2C(=O)NC(C(=O)c3cnccn3)=C12
[O][=C][C][=C][C][=C][C][=C][Ring1][=Branch1][S][C][=C][C][=C][C][=C][Ring1][=C][Ring1][=Branch1],0.7339,2,train,O=c1c2ccccc2sc2ccccc12
[C][O][C][=C][C][=C][Branch2][Ring2][#Branch2][C][=C][C][=C][Branch2][Ring1][=C][C][=C][C][Branch1][=Branch2][C][=C][C][=C][C][=N][Ring1][=Branch1][=N][C][Branch1][=Branch2][C][=C][C][=C][C][=N][Ring1][=Branch1][=C][Ring2][Ring1][C][C][=C][Ring2][Ring1][Branch2][C][=C][Ring2][Ring1][=C],0.745,2,train,COc1ccc(-c2ccc(-c3cc(-c4ccccn4)nc(-c4ccccn4)c3)cc2)cc1
[N][C][=C][C][=C][C][=N][Ring1][=Branch1],-1.848,2,train,Nc1ccccn1
[O][=C][N][C][Branch2][Ring2][=Branch2][C][=C][C][=N][C][C][=C][Branch2][Ring1][C][C][=C][C][=C][C][=Branch1][Ring2][=C][Ring1][=Branch1][S][C][=C][N][Ring1][#Branch1][Cl][O][C][=Ring1][S][N][=C][Ring2][Ring1][Ring2][O][Ring2][Ring1][#Branch1][=C][C][=Branch1][C][=O][N][C][=C][Ring2][Ring1][S][Ring1][=Branch1],2.3128,2,train,O=C1NC(c2cc3nc4cc(-c5ccc6c(c5)SC=CN6Cl)oc4nc3o2)=C2C(=O)NC=C12
[C][C][N][=C][Branch1][#Branch2][C][=C][C][=C][C][=C][Ring1][=Branch1][O][N][C][=Ring1][N][C][C][C][C][Ring1][=Branch1],-1.1044,2,train,Cc1nc(-c2ccccc2O)n2c1CCCC2
[C][S][=Branch1][C][=O][=Branch1][C][=O][C][=C][C][=C][C][Branch1][=C][C][=C][C][=C][C][=N][S][N][=C][Ring1][=Branch2][Ring1][Branch1][=C][Branch1][#C][C][=C][C][=C][C][=C][C][=C][Ring1][=Branch1][C][Ring1][=Branch2][=O][C][=C][C][Ring2][Ring1][=Branch2][=C][Ring2][Ring1][=N],2.0106,2,train,CS(=O)(=O)c1ccc2c(-c3cccc4nsnc34)c(C3=Cc4ccccc4C3=O)ccc2c1
[F][C][Branch1][C][F][Branch1][C][F][C][=C][C][=C][N][=C][C][=C][Branch2][Ring1][Branch2][C][=N][C][=C][Branch1][#C][C][=C][N][=C][C][=C][C][=C][C][Ring1][=Branch1][=N][Ring1][#Branch2][O][Ring1][#C][C][=C][C][Ring2][Ring1][Branch1][=N][C][Ring2][Ring1][=Branch2][=C][Ring2][Ring1][=N],2.600726665960785,3,train,FC(F)(F)c1ccc2nc3cc(-c4ncc(-c5cnc6ccccc6n5)o4)ccc3nc2c1
[N][C][=C][C][=N][C][=C][Ring1][=Branch1],-1.6073660859264676,3,train,Nc1ccncc1
[O][=C][N][C][Branch2][Ring2][=Branch2][C][=C][C][=N][C][C][=C][Branch2][Ring1][C][C][=C][C][=C][C][=Branch1][Ring2][=C][Ring1][=Branch1][S][C][=C][N][Ring1][#Branch1][Cl][O][C][=Ring1][S][N][=C][Ring2][Ring1][Ring2][O][Ring2][Ring1][#Branch1][=C][C][=Branch1][C][=O][N][C][=C][Ring2][Ring1][S][Ring1][=Branch1],2.63787135468269,3,train,O=C1NC(c2cc3nc4cc(-c5ccc6c(c5)SC=CN6Cl)oc4nc3o2)=C2C(=O)NC=C12
[C][C][C][C][C][C][C][C][C][Branch1][=Branch2][C][C][C][C][C][C][C][C][C][=C][C][Branch1][=Branch2][C][=C][C][=C][C][=C][Ring1][=Branch1][=C][C][=C][Ring1][N][C][=C][C][=C][Branch1][=Branch2][C][=C][C][=C][C][=C][Ring1][=Branch1][C][=C][Ring1][N][Ring2][Ring1][P],0.6313030288927504,3,train,CCCCCCCCC1(CCCCCCCC)c2cc(-c3ccccc3)ccc2-c2ccc(-c3ccccc3)cc21
[O][=C][C][=C][C][=C][C][=C][Ring1][=Branch1][S][C][=C][C][=C][C][=C][Ring1][=C][Ring1][=Branch1],0.850899828159716,3,train,O=c1c2ccccc2sc2ccccc12
[C][C][=Branch1][C][=O][N][Branch1][#Branch2][C][C][=C][C][=C][C][=N][Ring1][=Branch1][C][=C][C][=C][C][=C][C][Ring1][=Branch1][=C][C][=C][Branch1][=Branch2][C][=C][C][=C][Ring1][=C][Ring1][=Branch1][C][=Branch1][C][=O][N][Branch1][#Branch2][C][C][=C][C][=C][C][=N][Ring1][=Branch1][C][Ring2][Ring1][C][=O],2.17152859708371,3,train,CC(=O)N(Cc1ccccn1)c1c2ccccc2c2c3c(cccc13)C(=O)N(Cc1ccccn1)C2=O
[N][#C][C][=C][C][=C][C][NH1][C][=C][C][Ring1][=Branch2][=Ring1][Branch1],-0.0733518831123047,3,train,N#Cc1cccc2[nH]ccc12
[C][N][Branch1][C][C][C][=C][C][=C][Branch2][Ring2][=N][C][=N][C][=C][Branch2][Ring1][Branch1][C][=C][Ring1][=Branch1][C][=C][C][=C][Branch1][Ring1][C][#N][C][=C][Ring1][Branch2][C][C][Ring1][N][C][=C][C][=C][Branch1][Ring1][C][#N][C][=C][Ring1][Branch2][C][C][Ring2][Ring1][Branch2][C][=C][Ring2][Ring1][S],1.313351399124552,3,train,CN(C)c1ccc(-c2nc3c(c4c2-c2ccc(C#N)cc2CC4)-c2ccc(C#N)cc2CC3)cc1
[N][#C][C][=C][C][=C][NH1][C][=C][C][Ring1][Branch1][=C][Ring1][=Branch2],-0.4261736443865667,3,train,N#Cc1ccc2[nH]ccc2c1
[N][C][=C][C][=C][C][=N][Ring1][=Branch1],-1.195980611761636,3,train,Nc1ccccn1
[N][#C][C][=C][NH1][C][=C][C][=C][C][=C][Ring1][=Branch2][Ring1][=Branch1],-0.365067990429103,3,train,N#Cc1c[nH]c2ccccc12
[O][=C][C][=C][C][=C][C][=C][Ring1][=Branch1][N][C][=C][C][=C][Branch1][=C][C][=N][C][=C][N][C][=C][N][=C][Ring1][=Branch2][Ring1][Branch1][C][=C][Ring1][#C][C][=Branch1][C][=O][C][=C][C][Branch1][O][C][C][=C][N][Branch1][C][F][C][=Ring1][=Branch1][=C][C][Ring2][Ring2][Ring2][=C][Ring1][N][Ring2][Ring1][=C],1.7173654503105666,3,train,O=c1c2ccccc2n2c3ccc(-c4nccn5ccnc45)cc3c(=O)c3cc(-c4ccn(F)c4)cc1c32
[C][O][C][=C][C][=C][C][=C][C][Ring1][=Branch1][=C][Branch1][Ring1][O][C][C][=C][Ring1][N][C][=C][C][=C][C][Branch1][Ring1][O][C][=C][Ring1][Branch2][N][Ring1][O][C],0.2501513904238379,3,train,COc1c2ccccc2c(OC)c2c1c1cccc(OC)c1n2C
[N][#C][C][=C][C][=C][C][C][=C][NH1][C][Ring1][=Branch2][=Ring1][Branch1],-0.0542860844889014,3,train,N#Cc1cccc2cc[nH]c12
