selfies,y,fidelity,source_split,smiles
[N][#C][C][=C][C][=C][Branch2][Ring1][Ring2][C][=C][C][=C][Branch1][#Branch2][C][#C][C][=C][C][=C][O][Ring1][Branch1][C][=N][Ring1][=N][N][=C][Ring2][Ring1][Ring1],7.5081,1,train,N#Cc1ccc(-c2ccc(C#Cc3ccco3)cn2)nc1
[F][C][Branch1][C][F][Branch1][C][F][C][Branch1][C][F][Branch1][C][F][C][Branch1][C][F][Branch1][C][F][C][Branch1][C][F][Branch1][C][F][C][Branch1][C][F][Branch1][C][F][C][Branch1][C][F][Branch1][C][F][C][C][O][C][=N][N][=C][Branch1][C][Cl][N][=N][Ring1][#Branch1],9.2088,1,train,FC(F)(F)C(F)(F)C(F)(F)C(F)(F)C(F)(F)C(F)(F)CCOc1nnc(Cl)nn1
[C][=C][Branch2][Ring1][=C][C][=C][C][=C][NH1][C][=N][C][=C][Branch1][Branch2][C][=C][NH1][C][=N][Ring1][Branch1][C][=C][Ring1][O][C][Ring1][=C][=C][Ring2][Ring1][C][N][Branch1][#C][C][=C][C][=C][C][=N][C][=C][C][=C][Ring1][#Branch2][Ring1][=Branch1][C][=C][C][=C][C][=C][Ring1][=Branch1][S][Ring2][Ring2][=Branch1],6.0133,1,train,C1=C(c2ccc3[nH]c4ncc(-c5c[nH]cn5)cc4c3c2)N(c2cccc3ncccc23)c2ccccc2S1
[N][#C][C][=C][C][=C][Branch1][C][N][C][Branch1][Ring1][C][#N][=C][Ring1][=Branch2],8.8701,1,train,N#Cc1ccc(N)c(C#N)c1
[C][N][Branch1][C][C][C][=C][C][=C][Branch2][Ring2][Ring2][C][#C][C][=C][C][=C][Branch2][Ring1][=Branch1][C][=C][C][Branch1][=Branch1][N][Branch1][C][C][C][=C][C][=C][C][=C][C][Ring1][=Branch1][=C][Ring1][=N][C][=C][Ring2][Ring1][Ring1][C][=C][Ring2][Ring1][O],6.0712,1,train,CN(C)c1ccc(C#Cc2ccc(-c3cc(N(C)C)c4ccccc4c3)cc2)cc1
[N][#C][C][=C][C][=C][C][Branch1][Ring1][C][#N][=C][Ring1][Branch2][N],8.9239,1,train,N#Cc1cccc(C#N)c1N
[O][=C][C][=C][C][=C][C][=C][Ring1][=Branch1][S][=Branch1][C][=O][=Branch1][C][=O][C][=C][C][=C][Branch2][Ring1][Ring2][N][C][=C][C][=C][C][=C][Ring1][=Branch1][C][=C][C][=C][C][=C][Ring1][=Branch1][Ring1][=N][C][=C][Ring2][Ring1][Ring1][Ring2][Ring1][=N],7.3445,1,train,O=C1c2ccccc2S(=O)(=O)c2ccc(-n3c4ccccc4c4ccccc43)cc21
[C][C][=C][C][=C][C][=C][C][=C][Branch2][Ring1][=Branch2][C][=C][C][=C][NH1][C][C][=C][C][=C][C][=C][Ring1][=Branch1][NH1][C][=Ring1][=Branch2][C][Ring1][N][=C][Ring1][S][C][=C][C][Ring2][Ring1][=Branch1][=C][Branch1][Branch2][C][=C][C][=C][NH1][Ring1][Branch1][C][Ring2][Ring1][#C][=C][Ring2][Ring2][Ring1],6.0356,1,train,Cc1ccc2cc3cc(-c4ccc5[nH]c6c7ccccc7[nH]c6c5c4)ccc3c(-c3ccc[nH]3)c2c1
[N][#C][C][Branch1][Ring1][C][#N][=C][C][=C][C][=C][C][=Branch1][Ring2][=C][Ring1][=Branch1][NH1][C][=C][C][=C][C][=C][C][Ring1][=Branch1][=C][C][=C][Ring1][=C][Ring1][#Branch2],7.3619,1,train,N#CC(C#N)=Cc1ccc2c(c1)[nH]c1c3ccccc3ccc21
[C][=C][C][=C][C][Branch2][Ring1][=N][C][=C][C][=C][C][=Branch1][Ring2][=C][Ring1][=Branch1][C][=C][C][=C][C][=C][Ring1][=Branch1][C][=N][C][=C][N][=C][Ring1][#C][Ring1][=Branch1][=C][C][=C][C][=C][Branch1][C][F][C][=C][C][=C][C][=C][Ring2][Ring1][P][C][Ring1][=N][=C][Ring1][=Branch1][Ring1][O],6.5109,1,train,C=Cc1cc(-c2ccc3c(c2)c2ccccc2c2nccnc32)c2ccc3c(F)ccc4ccc1c2c43
[C][C][=C][N][Branch1][=Branch2][C][Branch1][C][F][Branch1][C][F][F][C][=Branch1][C][=O][NH1][C][Ring1][O][=O],9.8381,1,train,Cc1cn(C(F)(F)F)c(=O)[nH]c1=O
[C][O][C][=C][C][=C][Branch2][Ring1][Branch1][C][=C][C][=C][Branch1][N][C][=C][C][=C][Branch1][Ring1][C][#N][S][Ring1][#Branch1][S][Ring1][N][C][=C][Ring2][Ring1][C],7.2652,1,train,COc1ccc(-c2ccc(-c3ccc(C#N)s3)s2)cc1
[N][#C][C][=C][C][=C][Branch1][C][N][C][=C][Ring1][#Branch1][C][#N],8.8376,1,train,N#Cc1ccc(N)cc1C#N
[O][=C][C][=C][Branch1][#Branch2][N][C][=C][C][=C][C][=C][Ring1][=Branch1][C][=Branch1][C][=O][C][=C][C][=C][C][=C][Ring1][=Branch1][Ring2][Ring1][C],7.7182,1,train,O=C1C=C(Nc2ccccc2)C(=O)c2ccccc21
[C][O][C][=C][C][=C][Branch2][Ring1][Branch2][N][Branch1][=Branch2][C][=C][C][=C][C][=C][Ring1][=Branch1][C][=C][C][=C][Branch1][Ring1][O][C][C][=C][Ring1][Branch2][C][=C][Ring2][Ring1][Branch1],6.4086,1,train,COc1ccc(N(c2ccccc2)c2ccc(OC)cc2)cc1
[C][C][=Branch1][C][=O][N][C][=C][C][=C][Branch1][C][O][C][=C][Ring1][#Branch1],7.9377,1,train,CC(=O)Nc1ccc(O)cc1
[C][C][=C][N][Branch1][=Branch2][C][Branch1][C][F][Branch1][C][F][F][C][=Branch1][C][=O][NH1][C][Ring1][O][=O],9.8381,1,train,Cc1cn(C(F)(F)F)c(=O)[nH]c1=O
[O][=C][C][C][=Branch1][C][=O][N][C][=C][C][=C][C][=C][Ring1][=Branch1][N][Ring1][N],8.4559,1,train,O=C1CC(=O)Nc2ccccc2N1
[N][#C][C][=C][C][Branch1][C][N][=C][C][Branch1][Ring1][C][#N][=C][Ring1][=Branch2],8.8732,1,train,N#Cc1cc(N)cc(C#N)c1
[N][#C][C][=C][C][=C][Branch1][C][N][C][=C][Ring1][#Branch1][C][#N],8.8376,1,train,N#Cc1ccc(N)cc1C#N
[N][#C][C][=C][O][C][=C][C][=C][C][=C][Ring1][=Branch1][C][Ring1][#Branch2][=O],8.9873,1,train,N#Cc1coc2ccccc2c1=O
[C][N][C][=Branch1][C][=O][C][Branch1][=Branch2][C][=C][C][=C][C][=C][Ring1][=Branch1][=N][C][=C][C][=C][C][=C][Ring1][=Branch1][Ring1][P],7.6163,1,train,Cn1c(=O)c(-c2ccccc2)nc2ccccc21
[F][C][Branch1][C][F][Branch1][C][F][C][Branch1][C][F][Branch1][C][F][C][Branch1][C][F][Branch1][C][F][C][Branch1][C][F][Branch1][C][F][C][Branch1][C][F][Branch1][C][F][C][Branch1][C][F][Branch1][C][F][C][C][O][C][=N][N][=C][Branch1][C][Cl][N][=N][Ring1][#Branch1],9.2088,1,train,FC(F)(F)C(F)(F)C(F)(F)C(F)(F)C(F)(F)C(F)(F)CCOc1nnc(Cl)nn1
[N][#C][C][=C][C][Branch2][Ring1][Branch1][C][#C][C][=C][Branch1][C][F][C][Branch1][C][F][=N][C][Branch1][C][F][=C][Ring1][=Branch2][F][=C][Branch2][Ring1][Branch1][C][#C][C][=C][Branch1][C][F][C][Branch1][C][F][=N][C][Branch1][C][F][=C][Ring1][=Branch2][F][C][=C][Ring2][Ring1][=C][C][#N],9.2038,1,train,N#Cc1cc(C#Cc2c(F)c(F)nc(F)c2F)c(C#Cc2c(F)c(F)nc(F)c2F)cc1C#N
[C][C][=C][NH1][C][=Branch1][C][=O][NH1][C][Ring1][#Branch1][=O],9.129,1,train,Cc1c[nH]c(=O)[nH]c1=O
[N][#C][C][=C][C][=C][Branch1][C][N][C][Branch1][Ring1][C][#N][=C][Ring1][=Branch2],8.8701,1,train,N#Cc1ccc(N)c(C#N)c1
[N][#C][C][=C][C][=C][Branch1][C][N][C][=N][O][N][=C][Ring1][#Branch2][Ring1][Branch1],8.8095,1,train,N#Cc1ccc(N)c2nonc12
[O][=C][C][=C][C][Branch1][=Branch2][S][=Branch1][C][=O][=Branch1][C][=O][Cl][=C][C][=C][Ring1][#Branch2][NH1][C][=C][C][=C][Branch1][=Branch2][S][=Branch1][C][=O][=Branch1][C][=O][Cl][C][=C][Ring2][Ring1][=Branch1][Ring1][#Branch2],8.8376,1,train,O=c1c2cc(S(=O)(=O)Cl)ccc2[nH]c2ccc(S(=O)(=O)Cl)cc12
[F][C][Branch1][C][F][Branch1][C][F][C][Branch1][C][F][Branch1][C][F][C][Branch1][C][F][Branch1][C][F][C][Branch1][C][F][Branch1][C][F][C][Branch1][C][F][Branch1][C][F][C][Branch1][C][F][Branch1][C][F][C][C][O][C][=N][N][=C][Branch1][C][Cl][N][=N][Ring1][#Branch1],9.1783,1,train,FC(F)(F)C(F)(F)C(F)(F)C(F)(F)C(F)(F)C(F)(F)CCOc1nnc(Cl)nn1
[O][=C][C][=C][C][Branch1][=Branch2][N][C][C][C][C][C][Ring1][=Branch1][=C][C][=C][C][=C][Branch1][=Branch2][N][C][C][C][C][C][Ring1][=Branch1][C][=C][Branch1][=Branch2][N][C][C][C][C][C][Ring1][=Branch1][C][=C][C][=C][Ring2][Ring1][S][C][Ring2][Ring1][Branch2][=C][Ring1][=Branch1][Ring2][Ring1][=Branch1],6.0005,1,train,O=Cc1cc(N2CCCCC2)c2ccc3c(N4CCCCC4)cc(N4CCCCC4)c4ccc1c2c43
[C][C][=C][S][C][=Ring1][Branch1],9.0193,1,train,c1ccsc1
[C][O][C][=C][C][=C][Branch2][Ring1][O][C][=C][C][=C][Branch1][Ring2][S][Ring1][Branch1][C][Branch1][=Branch1][C][Branch1][C][C][=O][=C][C][=Branch1][C][=O][N][Ring1][O][C][C][=C][Ring2][Ring1][Ring2],7.3523,1,train,COc1ccc(-c2cc3c(s2)c(C(C)=O)cc(=O)n3C)cc1
[C][C][Branch1][C][C][Branch1][C][C][C][C][=C][Branch2][Ring1][=C][C][=N][C][=C][C][Branch1][=C][N][C][=C][C][=C][C][=C][C][=C][Ring1][=Branch1][Ring1][=Branch2][=C][C][=C][Ring1][#C][O][Ring2][Ring1][C][C][=N][S][N][=C][Ring1][Branch1][C][=Ring2][Ring1][O],6.9071,1,train,CC(C)(C)c1cc(-c2nc3cc(-n4ccc5ccccc54)ccc3o2)c2nsnc2c1
[O][=C][C][=C][C][=C][C][=C][Ring1][=Branch1][C][=Branch1][C][=O][N][Ring1][#Branch2][C][=C][Branch1][C][Cl][C][Branch1][=C][C][=C][N][N][=C][N][=C][Ring1][Branch1][C][=N][Ring1][=Branch2][=C][Branch1][C][Cl][C][Branch1][#C][N][C][=C][S][C][=C][C][=C][C][=C][Ring1][=Branch1][Ring1][#Branch2][=C][Ring2][Ring1][O][Cl],6.5272,1,train,O=C1c2ccccc2C(=O)N1c1c(Cl)c(-c2cn3ncnc3cn2)c(Cl)c(N2C=CSc3ccccc32)c1Cl
[N][C][=C][C][=C][C][Branch1][=Branch2][C][Branch1][C][F][Branch1][C][F][F][=C][C][=Branch1][C][=O][O][C][Ring1][O][=C][Ring1][#C],8.8053,1,train,Nc1ccc2c(C(F)(F)F)cc(=O)oc2c1
[O][=C][C][=C][C][=C][C][=Branch1][Ring2][=C][Ring1][=Branch1][C][=C][C][=C][C][=C][Ring1][=Branch1][N][Ring1][#Branch2][C][=C][C][=C][C][=C][C][=C][Ring1][=Branch1][C][=C][C][=C][C][=C][Ring1][=C][Ring1][=Branch1],7.0605,1,train,O=Cc1ccc2c(c1)c1ccccc1n2-c1cc2ccccc2c2ccccc12
[N][#C][C][=C][Branch1][N][C][=C][C][=C][Branch1][C][Br][C][=C][Ring1][#Branch1][C][=C][Branch1][N][C][=C][C][=C][Branch1][C][Br][C][=C][Ring1][#Branch1][NH1][C][Ring2][Ring1][Ring2][=O],8.0532,1,train,N#Cc1c(-c2ccc(Br)cc2)cc(-c2ccc(Br)cc2)[nH]c1=O
[C][C][N][C][=C][C][=C][C][Branch1][=Branch2][C][Branch1][C][F][Branch1][C][F][F][=C][C][=Branch1][C][=O][O][C][Ring1][O][=C][Ring1][#C],8.3836,1,train,CCNc1ccc2c(C(F)(F)F)cc(=O)oc2c1
[C][N][Branch1][C][C][C][=C][C][=C][Branch2][Ring1][Branch1][C][=C][C][=C][C][=Branch1][C][=O][C][Branch1][C][O][=C][O][C][Ring1][Branch2][=C][Ring1][N][C][=C][Ring2][Ring1][C],6.9805,1,train,CN(C)c1ccc(-c2ccc3c(=O)c(O)coc3c2)cc1
[C][O][C][=C][C][=C][C][=C][Ring1][=Branch1][C][=N][C][C][=C][C][=C][C][=C][C][=C][C][=Branch1][=Branch1][=C][Ring1][#Branch2][Ring1][=Branch1][C][Ring1][N][N][Ring1][#C][C][=C][C][=C][C][=C][Ring1][=Branch1],7.1191,1,train,COc1ccccc1C1=NC2c3cccc4cccc(c34)C2N1c1ccccc1
[C][C][C][C][C][C][C][C][C][C][C][C][O][C][=C][C][=C][C][Branch1][=Branch1][N][Branch1][C][C][C][=C][C][=C][Ring1][=Branch2][C][=C][Ring1][=N][C][=O],6.945,1,train,CCCCCCCCCCCCOc1cc2cc(N(C)C)ccc2cc1C=O
[O][=C][C][=C][C][Branch1][=Branch2][N][C][C][C][C][C][Ring1][=Branch1][=C][C][=C][C][=C][Branch1][=Branch2][N][C][C][C][C][C][Ring1][=Branch1][C][=C][Branch1][=Branch2][N][C][C][C][C][C][Ring1][=Branch1][C][=C][C][=C][Ring2][Ring1][S][C][Ring2][Ring1][Branch2][=C][Ring1][=Branch1][Ring2][Ring1][=Branch1],6.0005,1,train,O=Cc1cc(N2CCCCC2)c2ccc3c(N4CCCCC4)cc(N4CCCCC4)c4ccc1c2c43
[O][=C][C][=C][C][Branch1][=C][C][#C][C][=C][C][=C][Branch1][C][Cl][C][=C][Ring1][#Branch1][=C][C][=C][Ring1][#C][N][=C][C][=C][C][Branch1][=C][C][#C][C][=C][C][=C][Branch1][C][Cl][C][=C][Ring1][#Branch1][=C][N][Ring2][Ring1][S][Ring1][#C],7.036,1,train,O=c1c2cc(C#Cc3ccc(Cl)cc3)ccc2nc2ccc(C#Cc3ccc(Cl)cc3)cn12
[O][=C][C][=C][Branch1][S][N][C][=C][C][=C][Branch1][C][F][C][Branch1][C][F][=C][Ring1][Branch2][C][=Branch1][C][=O][C][=C][C][=C][C][=C][Ring1][=Branch1][Ring2][Ring1][Ring2],8.0891,1,train,O=C1C=C(Nc2ccc(F)c(F)c2)C(=O)c2ccccc21
[C][O][C][=C][C][Branch1][Ring1][O][C][=C][C][=C][C][=Branch1][C][=O][O][C][Ring1][#Branch1][=C][Ring1][=N],8.2252,1,train,COc1cc(OC)c2ccc(=O)oc2c1
[O][=C][C][=C][C][Branch1][C][F][=C][C][=C][Ring1][#Branch1][C][=C][N][=C][C][=C][Ring1][=Branch1][Ring1][=C],8.4302,1,train,O=C1c2cc(F)ccc2-c2cnccc21
[O][=C][C][=C][C][Branch1][=Branch2][S][=Branch1][C][=O][=Branch1][C][=O][O][=C][C][=C][Ring1][#Branch2][NH1][C][=C][C][=C][Branch1][=Branch2][S][=Branch1][C][=O][=Branch1][C][=O][O][C][=C][Ring2][Ring1][=Branch1][Ring1][#Branch2],8.4423,1,train,O=c1c2cc(S(=O)(=O)O)ccc2[nH]c2ccc(S(=O)(=O)O)cc12
[N][#C][C][=C][C][=C][Branch1][C][N][C][=N][O][N][=C][Ring1][#Branch2][Ring1][Branch1],9.1886,1,train,N#Cc1ccc(N)c2nonc12
[N][#C][C][=C][C][=C][C][Branch1][C][N][=C][Ring1][#Branch1],8.5025,1,train,N#Cc1cccc(N)c1
[N][#C][C][=C][Branch1][Ring1][C][#N][C][Branch1][Ring1][C][#N][=C][Branch2][Ring2][Branch1][C][=N][C][=N][C][Branch1][=Branch2][C][Branch1][C][F][Branch1][C][F][F][=N][C][=N][C][Branch1][Ring1][C][=O][=N][C][=Branch1][Branch1][=N][Ring2][Ring1][C][N][Ring1][=Branch2][Ring1][P][C][Branch1][Ring1][C][#N][=C][Ring2][Ring1][#C][C][#N],9.4712,1,train,N#Cc1c(C#N)c(C#N)c(C2=NC3=NC(C(F)(F)F)=NC4=NC(C=O)=NC(=N2)N43)c(C#N)c1C#N
[C][N][C][=C][C][=C][Ring1][Branch1][C][=C][C][Branch1][Ring1][C][#N][=C][C][=C][Ring1][Branch2][C][#N],8.1812,1,train,Cn1cccc1-c1cc(C#N)ccc1C#N
[C][C][=C][N][Branch1][=Branch2][C][Branch1][C][F][Branch1][C][F][F][C][=Branch1][C][=O][NH1][C][Ring1][O][=O],9.8381,1,train,Cc1cn(C(F)(F)F)c(=O)[nH]c1=O
[N][#C][C][=C][C][=C][C][NH1][C][=C][C][Ring1][=Branch2][=Ring1][Branch1],8.2316,1,train,N#Cc1cccc2[nH]ccc12
[C][C][=C][N][Branch1][=Branch2][C][Branch1][C][F][Branch1][C][F][F][C][=Branch1][C][=O][NH1][C][Ring1][O][=O],9.8381,1,train,Cc1cn(C(F)(F)F)c(=O)[nH]c1=O
[C][O][C][=Branch1][C][=O][C][Branch1][#C][N][C][=Branch1][C][=O][O][C][Branch1][C][C][Branch1][C][C][C][C][=C][C][=C][O][C][Branch1][=N][C][=C][C][=C][Branch1][Ring1][C][#N][C][=C][Ring1][Branch2][=N][C][Ring1][=N][=C][Ring1][P],7.8772,1,train,COC(=O)C(NC(=O)OC(C)(C)C)c1ccc2oc(-c3ccc(C#N)cc3)nc2c1
[O][=C][C][C][C][C][=C][Ring1][=Branch1][NH1][C][=C][C][=C][Branch1][#Branch1][C][=C][Ring1][=Branch2][Ring1][=Branch1][O][C][O][Ring1][#Branch1],7.6371,1,train,O=C1CCCc2c1[nH]c1cc3c(cc21)OCO3
[N][#C][C][=C][C][=C][Branch2][Ring1][S][O][C][=C][C][=C][C][=C][Branch1][=Branch2][C][=C][C][=C][Ring1][#Branch2][Ring1][=Branch1][C][=Branch1][C][=O][N][Branch1][Ring2][C][C][O][C][Ring1][=C][=O][C][=C][Ring2][Ring1][=Branch2],8.0379,1,train,N#Cc1ccc(Oc2ccc3c4c(cccc24)C(=O)N(CCO)C3=O)cc1
[C][C][Branch1][C][C][C][C][C][C][N][C][C][C][=C][Ring1][Branch1][C][=C][C][=C][C][=Branch1][Branch2][=C][C][=C][Ring1][#Branch2][Ring1][=Branch1][C][C][C][C][Ring1][=Branch2][=O],6.693,1,train,CC(C)CCCCN1CCc2c1ccc1c3c(ccc21)CCCC3=O
[C][C][C][C][N][C][=C][C][=C][C][=C][Ring1][=Branch1][C][=C][C][=C][C][=C][C][Branch1][=N][C][=C][C][=C][Branch1][Ring1][O][C][C][=C][Ring1][Branch2][=C][C][=C][Ring1][=C][N][Branch1][Branch1][C][C][C][C][C][Ring2][Ring1][Branch1][=C][Ring2][Ring1][=Branch2][Ring2][Ring1][S],6.0835,1,train,CCCCn1c2ccccc2c2ccc3c4cc(-c5ccc(OC)cc5)ccc4n(CCCC)c3c21
[C][C][N][Branch1][Ring1][C][C][C][=C][C][=C][Branch2][Ring1][=Branch1][C][=C][C][=N][C][=N][C][=C][C][=C][C][=C][Ring1][=Branch1][N][=C][Ring1][#Branch2][S][Ring1][=N][C][=C][Ring2][Ring1][Branch1],6.4753,1,train,CCN(CC)c1ccc(C=Cc2nc3nc4ccccc4nc3s2)cc1
[N][#C][C][=C][C][Branch1][Ring1][C][#N][=C][Branch2][Ring1][O][C][=C][C][Branch1][=Branch2][C][=C][C][=C][C][=C][Ring1][=Branch1][=C][Branch1][Branch2][C][=C][N][=C][S][Ring1][Branch1][S][Ring1][S][C][Branch1][Ring1][C][#N][=C][Ring2][Ring1][#Branch2],7.8909,1,train,N#Cc1cc(C#N)c(-c2cc(-c3ccccc3)c(-c3cncs3)s2)c(C#N)c1
[O][=C][Branch1][=Branch2][C][=C][C][=N][C][=C][Ring1][=Branch1][C][=C][C][=C][C][=C][Ring1][=Branch1][C][=C][C][=C][Branch1][=N][C][=C][C][=C][C][=C][C][=C][Ring1][=Branch1][Ring1][#Branch2][C][=C][Ring1][=C][C][=C][C][=C][C][=C][Ring1][=Branch1][C][=C][O][C][=C][C][=C][C][=C][Ring1][=Branch2][Ring1][=Branch1],6.7819,1,train,O=C(c1ccncc1)c1ccccc1-c1cc2c(ccc3ccccc32)cc1-c1ccccc1-c1coc2ccccc12
[C][C][C][C][C][C][C][C][C][C][C][C][C][C][C][C][O][C][=Branch1][C][=O][C][=C][C][=C][Branch2][Ring1][Ring2][N][Branch1][=Branch2][C][=C][C][=C][C][=C][Ring1][=Branch1][C][=C][C][=C][C][=C][Ring1][=Branch1][C][=C][Ring2][Ring1][Ring1],6.7696,1,train,CCCCCCCCCCCCCCCCOC(=O)c1ccc(N(c2ccccc2)c2ccccc2)cc1
[C][C][=C][C][=C][C][=Branch1][Ring2][=C][Ring1][=Branch1][C][Branch1][Ring1][C][#N][=C][Branch1][Ring1][C][#N][C][=C][C][Branch1][C][C][=C][C][=C][Ring1][#Branch1][Ring1][S],7.9884,1,train,Cc1ccc2c(c1)c(C#N)c(C#N)c1cc(C)ccc12
[C][N][Branch1][C][C][C][=C][C][=C][Branch2][Ring1][P][C][=N][C][Branch1][S][C][=C][C][=C][Branch1][=Branch1][N][Branch1][C][C][C][C][=C][Ring1][=Branch2][=C][C][=C][C][=C][C][Ring1][=Branch1][=N][Ring2][Ring1][Ring1][C][=C][Ring2][Ring1][=Branch2],6.0806,1,train,CN(C)c1ccc(-c2nc(-c3ccc(N(C)C)cc3)c3ccccc3n2)cc1
[O][=C][C][=C][NH1][C][=Branch1][C][=O][NH1][Ring1][#Branch1],9.7209,1,train,O=c1cc[nH]c(=O)[nH]1
[N][C][=C][C][=C][C][Branch1][=Branch2][C][Branch1][C][F][Branch1][C][F][F][=C][C][=Branch1][C][=O][O][C][Ring1][O][=C][Ring1][#C],8.8053,1,train,Nc1ccc2c(C(F)(F)F)cc(=O)oc2c1
[N][#C][C][=C][C][Branch2][Ring1][Branch1][C][#C][C][=C][Branch1][C][F][C][Branch1][C][F][=N][C][Branch1][C][F][=C][Ring1][=Branch2][F][=C][Branch2][Ring1][Branch1][C][#C][C][=C][Branch1][C][F][C][Branch1][C][F][=N][C][Branch1][C][F][=C][Ring1][=Branch2][F][C][=C][Ring2][Ring1][=C][C][#N],9.2038,1,train,N#Cc1cc(C#Cc2c(F)c(F)nc(F)c2F)c(C#Cc2c(F)c(F)nc(F)c2F)cc1C#N
[N][C][=C][C][=C][C][=C][Ring1][=Branch1][C][=Branch1][C][=O][O],8.3498,1,train,Nc1ccccc1C(=O)O
[C][C][=C][NH1][C][=Branch1][C][=O][NH1][C][Ring1][#Branch1][=O],9.129,1,train,Cc1c[nH]c(=O)[nH]c1=O
[O][=C][C][=C][C][=C][Branch1][=Branch2][C][=C][C][=C][C][=C][Ring1][=Branch1][O][C][Branch1][=Branch2][C][=C][C][=C][C][=C][Ring1][=Branch1][=C][Ring1][P][C][=C][Branch1][Ring1][C][=O][C][Ring2][Ring1][Branch2],7.5284,1,train,O=CC1=Cc2c(-c3ccccc3)oc(-c3ccccc3)c2C=C(C=O)C1
[C][C][C][C][N][C][=C][C][=C][Branch1][=Branch2][C][=C][C][=C][C][=C][Ring1][=Branch1][C][=C][Ring1][N][C][=C][C][=C][C][=C][C][Branch1][=Branch2][C][=C][C][=C][C][=C][Ring1][=Branch1][=C][C][=C][Ring1][N][N][Branch1][Branch1][C][C][C][C][C][Ring2][Ring1][Ring1][=C][Ring2][Ring1][#Branch1][Ring2][Ring2][Ring2],6.1052,1,train,CCCCn1c2ccc(-c3ccccc3)cc2c2ccc3c4cc(-c5ccccc5)ccc4n(CCCC)c3c21
[N][C][=C][C][=C][C][=N][C][Branch2][Ring2][N][C][=C][N][=C][C][=Branch1][Ring2][=C][Ring1][=Branch1][C][=C][C][=C][C][=C][Ring1][=Branch1][N][Ring1][#Branch2][C][=C][C][=C][C][=Branch1][Ring2][=C][Ring1][=Branch1][O][C][=C][C][=C][C][=C][Ring1][=Branch1][N][Ring1][O][=C][N][=C][Ring2][Ring2][Branch1][Ring2][Ring1][P],6.107,1,train,Nc1cccc2nc(-c3cnc4c(c3)c3ccccc3n4-c3ccc4c(c3)Oc3ccccc3N4)cnc12
[C][O][C][=Branch1][C][=O][C][=N][C][Branch1][C][Cl][=C][Branch1][=Branch2][C][=C][C][=C][C][=C][Ring1][=Branch1][O][Ring1][N],8.4822,1,train,COC(=O)c1nc(Cl)c(-c2ccccc2)o1
[C][C][=C][N][Branch1][=Branch2][C][Branch1][C][F][Branch1][C][F][F][C][=Branch1][C][=O][NH1][C][Ring1][O][=O],9.8381,1,train,Cc1cn(C(F)(F)F)c(=O)[nH]c1=O
[C][O][C][=C][C][=C][Branch2][Ring1][Ring2][C][#C][C][=C][C][=C][Branch1][Branch2][C][N][=N][NH1][N][=Ring1][Branch1][C][=C][Ring1][O][C][=C][Ring2][Ring1][Ring1][O][C],7.1338,1,train,COc1ccc(C#Cc2ccc(-c3nn[nH]n3)cc2)cc1OC
[N][#C][C][=C][NH1][C][=C][C][=C][C][=C][Ring1][=Branch2][Ring1][=Branch1],8.271,1,train,N#Cc1c[nH]c2ccccc12
[N][#C][C][=C][C][=C][Branch1][C][N][C][=N][O][N][=C][Ring1][#Branch2][Ring1][Branch1],8.8095,1,train,N#Cc1ccc(N)c2nonc12
[C][C][Branch1][C][C][Branch1][C][C][C][N][C][=C][C][=C][C][=C][Ring1][=Branch1][C][=Branch1][C][=O][N][Ring1][O][C][C][=C][C][=C][C][=C][Ring1][=Branch1],7.2602,1,train,CC(C)(C)C1Nc2ccccc2C(=O)N1Cc1ccccc1
[O][=C][Branch1][C][O][C][=C][C][=C][C][=C][Ring1][=Branch1],9.3416,1,train,O=C(O)c1ccccc1
[C][C][=C][N][Branch1][=Branch2][C][Branch1][C][F][Branch1][C][F][F][C][=Branch1][C][=O][NH1][C][Ring1][O][=O],9.8381,1,train,Cc1cn(C(F)(F)F)c(=O)[nH]c1=O
[O][=C][C][=C][C][=C][Branch1][Branch2][C][=C][C][=C][S][Ring1][Branch1][S][Ring1][#Branch2],8.1324,1,train,O=Cc1ccc(-c2cccs2)s1
[O][=C][C][=C][C][=C][C][=C][Ring1][=Branch1][NH1][C][=C][C][=C][C][=C][Ring1][=C][Ring1][=Branch1],7.7123,1,train,O=c1c2ccccc2[nH]c2ccccc12
[O][C][=C][C][=C][Branch1][S][N][C][=C][C][=C][C][=C][C][=C][C][Ring1][=Branch1][=N][Ring1][#Branch2][C][=C][Ring1][P],7.0726,1,train,Oc1ccc(Nc2ccc3ccccc3n2)cc1
[O][=C][C][=C][NH1][C][=Branch1][C][=O][NH1][Ring1][#Branch1],9.7209,1,train,O=c1cc[nH]c(=O)[nH]1
[N][#C][C][=C][C][=C][C][C][=C][NH1][C][Ring1][=Branch2][=Ring1][Branch1],8.2757,1,train,N#Cc1cccc2cc[nH]c12
[C][=C][C][=C][C][=Branch1][Ring2][=C][Ring1][=Branch1][C][=C][N][Ring1][=Branch1][C][=C][C][Branch2][Ring2][=Branch1][C][=C][S][C][=C][C][=C][Branch2][Ring1][Ring2][N][C][=C][C][=C][C][=C][Ring1][=Branch1][C][=N][C][=C][C][=C][Ring1][=Branch1][Ring1][=N][C][=C][Ring2][Ring1][=Branch1][Ring2][Ring1][Ring1][=C][NH1][Ring2][Ring1][O],6.4174,1,train,c1ccc2c(c1)ccn2-c1cc(-c2csc3ccc(-n4c5ccccc5c5ncccc54)cc23)c[nH]1
[O][=C][C][=C][C][=C][C][=C][Ring1][=Branch1][C][=C][C][=C][Branch1][S][N][C][=N][C][Branch1][C][Cl][=N][C][Branch1][C][Cl][=N][Ring1][Branch2][C][=C][C][=C][C][Ring2][Ring1][=Branch2][=C][Ring2][Ring1][Ring1][Ring1][=Branch1],7.5983,1,train,O=C1c2ccccc2-c2ccc(Nc3nc(Cl)nc(Cl)n3)c3cccc1c23
[O][=C][O][C][=Branch1][C][=O][C][=C][C][=C][Branch2][Ring1][#Branch2][N][Branch1][=Branch2][C][=C][C][=C][C][=C][Ring1][=Branch1][C][=C][C][=C][C][=C][C][=C][C][Ring1][=Branch1][=C][Ring1][#Branch2][C][=C][C][=C][C][Ring2][Ring1][=C][=C][Ring2][Ring1][O][Ring1][=Branch1],7.1244,1,train,O=C1OC(=O)c2ccc(N(c3ccccc3)c3ccc4ccccc4c3)c3cccc1c23
[C][C][=C][C][=Branch1][C][=O][NH1][C][=Branch1][C][=O][NH1][Ring1][Branch2],9.3421,1,train,Cc1cc(=O)[nH]c(=O)[nH]1
[C][C][C][C][C][=C][C][=C][C][=C][C][=C][C][=C][C][=C][C][=C][Ring1][=C][C][Ring1][N][=C][Ring1][#Branch2][Ring1][=Branch1],6.9455,1,train,CCCCc1ccc2ccc3cccc4ccc1c2c34
[C][C][=C][N][Branch1][=Branch2][C][Branch1][C][F][Branch1][C][F][F][C][=Branch1][C][=O][NH1][C][Ring1][O][=O],9.8381,1,train,Cc1cn(C(F)(F)F)c(=O)[nH]c1=O
[O][=C][C][=C][C][=C][C][=C][Ring1][=Branch1][C][=Branch1][C][=O][N][Ring1][#Branch2][C][=C][C][=C][Branch1][=Branch2][C][N][C][=N][C][=N][Ring1][Branch1][C][=C][Ring1][N],8.0295,1,train,O=C1c2ccccc2C(=O)N1c1ccc(Cn2cncn2)cc1
[C][O][C][=C][C][=C][N][=C][Branch1][C][N][S][C][Ring1][=Branch1][=C][Ring1][#Branch2],7.5633,1,train,COc1ccc2nc(N)sc2c1
[O][=C][C][=C][C][Branch1][#C][C][=C][S][C][=C][C][=C][C][=C][Ring1][=Branch1][N][Ring1][#Branch2][=C][C][=C][Ring1][S][O][C][=C][C][=C][Branch2][Ring1][#Branch1][C][=C][C][=C][C][Branch1][Branch2][C][=N][C][=C][NH1][Ring1][Branch1][=C][C][=C][Ring1][O][O][Ring1][=C][C][=C][Ring2][Ring2][=Branch1][Ring2][Ring1][Ring2],6.0418,1,train,O=c1c2cc(C3=CSc4ccccc4N3)ccc2oc2ccc(-c3cc4cc(-c5ncc[nH]5)ccc4o3)cc12
[C][C][C][=C][C][=C][Branch1][S][N][C][=C][C][=C][C][=C][C][=C][C][Ring1][=Branch1][=N][Ring1][#Branch2][C][=C][Ring1][P],6.9851,1,train,CCc1ccc(Nc2ccc3ccccc3n2)cc1
[C][S][C][=C][C][=C][C][=C][C][=C][Branch2][Ring1][#Branch1][C][=C][N][C][=C][C][=C][C][=C][Ring1][=Branch1][N][C][=C][C][=C][C][=C][Ring1][=Branch1][Ring1][=C][C][=C][Ring2][Ring1][#Branch2][Ring2][Ring1][=Branch1],6.0017,1,train,CSc1cccc2ccc(C=CN3c4ccccc4Nc4ccccc43)cc12
[C][C][N][C][=C][C][=C][C][Branch1][=Branch2][C][Branch1][C][F][Branch1][C][F][F][=C][C][=Branch1][C][=O][O][C][Ring1][O][=C][Ring1][#C],8.3836,1,train,CCNc1ccc2c(C(F)(F)F)cc(=O)oc2c1
[N][C][=C][C][=C][C][=C][Ring1][=Branch1][C][=Branch1][C][=O][O],8.3498,1,train,Nc1ccccc1C(=O)O
[C][C][C][C][C][C][C][Branch1][#Branch1][C][C][C][C][C][C][N][C][=Branch1][C][=O][C][=C][C][=C][C][=C][Branch1][=N][C][=C][C][=C][Branch1][Ring1][O][C][C][=C][Ring1][Branch2][C][=C][C][=Branch1][#Branch1][=C][Ring2][Ring1][C][Ring1][=C][C][Ring2][Ring1][=Branch1][=O],7.2418,1,train,CCCCCCC(CCCCCC)N1C(=O)c2cccc3c(-c4ccc(OC)cc4)ccc(c23)C1=O
[C][O][C][=C][C][=C][Branch2][Ring2][#Branch1][C][C][C][Branch1][N][C][=C][C][=C][Branch1][C][O][C][=C][Ring1][#Branch1][=N][N][Ring1][N][C][=C][C][=C][Branch1][=Branch2][S][Branch1][C][N][=Branch1][C][=O][=O][C][=C][Ring1][#Branch2][C][=C][Ring2][Ring1][N],6.892,1,train,COc1ccc(C2CC(c3ccc(O)cc3)=NN2c2ccc(S(N)(=O)=O)cc2)cc1
[N][#C][C][=C][C][=C][C][Branch1][Ring1][C][#N][=C][Ring1][Branch2][N],8.9239,1,train,N#Cc1cccc(C#N)c1N
[C][=C][S][C][=C][C][Branch2][Ring2][N][C][=N][C][=N][C][Branch2][Ring1][S][C][=C][C][=C][C][=C][C][=C][Ring1][=Branch1][N][Ring1][=Branch2][C][=C][C][=C][C][C][=C][O][C][=Ring1][Branch1][C][=C][Ring1][=Branch2][NH1][Ring1][N][=N][Ring2][Ring1][O][=C][C][=C][Ring2][Ring1][P][N][Ring2][Ring2][Branch1],6.135,1,train,C1=CSc2cc(-c3ncnc(-c4cc5ccccc5n4-c4cc5cc6ccoc6cc5[nH]4)n3)ccc2N1
[O][=C][C][=C][C][Branch1][=Branch2][N][C][C][C][C][C][Ring1][=Branch1][=C][C][=C][C][=C][Branch1][=Branch2][N][C][C][C][C][C][Ring1][=Branch1][C][=C][Branch1][=Branch2][N][C][C][C][C][C][Ring1][=Branch1][C][=C][C][=C][Ring2][Ring1][S][C][Ring2][Ring1][Branch2][=C][Ring1][=Branch1][Ring2][Ring1][=Branch1],6.0742,1,train,O=Cc1cc(N2CCCCC2)c2ccc3c(N4CCCCC4)cc(N4CCCCC4)c4ccc1c2c43
[C][=C][S][C][=C][C][Branch2][Ring2][O][C][=C][C][=N][C][Branch2][Ring1][#C][C][=C][C][=C][Branch2][Ring1][Ring1][N][C][=C][C][=C][C][O][C][=C][C][=Ring1][Branch1][C][=C][Ring1][=Branch2][Ring1][N][N][=C][Ring2][Ring1][C][=N][Ring2][Ring1][Branch2][=C][C][=C][Ring2][Ring1][=C][N][Ring2][Ring2][C],6.0128,1,train,C1=CSc2cc(-c3ccnc(-c4ccc(-n5ccc6cc7occc7cc65)nc4)n3)ccc2N1
[N][#C][C][=C][C][=C][Branch1][C][N][C][=N][O][N][=C][Ring1][#Branch2][Ring1][Branch1],8.8095,1,train,N#Cc1ccc(N)c2nonc12
[C][=C][C][=C][Branch2][Ring1][Ring1][C][=C][C][=N][C][Branch1][=Branch2][C][=C][C][=C][C][=C][Ring1][=Branch1][=N][Ring1][N][C][=C][Ring2][Ring1][C],7.5782,1,train,c1ccc(-c2ccnc(-c3ccccc3)n2)cc1
[C][N][Branch1][C][C][C][=C][C][=C][Branch1][#C][C][#C][C][=C][C][=C][Branch1][Ring1][C][#N][C][=C][Ring1][Branch2][C][=C][Ring1][S],7.0173,1,train,CN(C)c1ccc(C#Cc2ccc(C#N)cc2)cc1
[C][C][=C][N][Branch1][=Branch2][C][Branch1][C][F][Branch1][C][F][F][C][=Branch1][C][=O][NH1][C][Ring1][O][=O],9.8381,1,train,Cc1cn(C(F)(F)F)c(=O)[nH]c1=O
[O][=C][Branch1][C][O][C][=C][C][=C][C][=C][Ring1][=Branch1],9.3416,1,train,O=C(O)c1ccccc1
[N][C][=C][C][=C][C][=Branch1][Ring2][=C][Ring1][=Branch1][C][=Branch1][C][=O][N][C][Ring1][#Branch1][=O],8.6236,1,train,Nc1ccc2c(c1)C(=O)NC2=O
[C][C][C][C][C][=C][C][Branch1][Ring1][C][=O][=C][C][=C][C][=C][Branch1][Branch1][C][C][C][C][C][=C][Branch1][=Branch2][N][C][C][C][C][C][Ring1][=Branch1][C][=C][C][=C][Ring2][Ring1][#Branch2][C][Ring2][Ring1][=Branch1][=C][Ring2][Ring1][Ring2][Ring1][=Branch1],6.5492,1,train,CCCCc1cc(C=O)c2ccc3c(CCCC)cc(N4CCCCC4)c4ccc1c2c34
[O][=C][Branch1][C][O][C][O][C][=C][C][=C][NH1][C][=C][Branch1][#Branch1][C][Ring1][Branch1][=C][Ring1][=Branch2][C][C][C][C][Ring1][Branch2][=O],7.5209,1,train,O=C(O)COc1ccc2[nH]c3c(c2c1)CCCC3=O
[C][=C][C][=C][C][=C][C][=C][C][Branch2][Ring1][Ring2][N][C][=C][C][=C][C][=C][Ring1][=Branch1][C][=C][C][=C][C][=C][Ring1][=Branch1][Ring1][=N][=C][C][=C][C][=Branch1][Branch1][=C][Ring2][Ring1][O][C][Ring2][Ring1][#Branch2][=C][Ring2][Ring1][Branch2][Ring1][#Branch1],6.5788,1,train,c1cc2ccc3ccc(-n4c5ccccc5c5ccccc54)c4ccc(c1)c2c34
[C][C][O][C][=Branch1][C][=O][C][N][C][=Branch1][C][=O][C][=C][Branch1][=N][C][=C][C][=C][Branch1][Ring1][C][#N][C][=C][Ring1][Branch2][N][Branch1][=Branch2][C][C][=Branch1][C][=O][O][C][C][C][=Branch1][C][=O][C][Ring2][Ring1][Ring2][=C][Ring2][Ring1][Branch2][C][=C][C][=C][Branch1][Ring1][C][#N][C][=C][Ring1][Branch2],7.8671,1,train,CCOC(=O)CN1C(=O)C2=C(c3ccc(C#N)cc3)N(CC(=O)OCC)C(=O)C2=C1c1ccc(C#N)cc1
[O][=C][C][=C][C][=C][C][=C][Ring1][=Branch1][C][=C][C][=C][Branch1][S][N][C][=N][C][Branch1][C][Cl][=N][C][Branch1][C][Cl][=N][Ring1][Branch2][C][=C][C][=C][C][Ring2][Ring1][=Branch2][=C][Ring2][Ring1][Ring1][Ring1][=Branch1],7.5983,1,train,O=C1c2ccccc2-c2ccc(Nc3nc(Cl)nc(Cl)n3)c3cccc1c23
[C][O][C][=C][C][Branch1][Ring1][O][C][=C][C][=C][Branch1][Branch2][NH1][C][Ring1][Branch1][=C][Ring1][O][C][=Branch1][C][=O][C][C][C][Ring1][#Branch2],7.3778,1,train,COc1cc(OC)c2c3c([nH]c2c1)C(=O)CCC3
[C][C][N][C][=C][C][=C][C][Branch1][=Branch2][C][Branch1][C][F][Branch1][C][F][F][=C][C][=Branch1][C][=O][O][C][Ring1][O][=C][Ring1][#C],8.3808,1,train,CCNc1ccc2c(C(F)(F)F)cc(=O)oc2c1
[O][=C][C][C][=Branch1][C][=O][N][C][=C][C][Branch1][C][Cl][=C][C][=C][Ring1][#Branch1][N][Ring1][=N],8.3823,1,train,O=C1CC(=O)Nc2cc(Cl)ccc2N1
[C][C][N][C][=C][C][=C][C][Branch1][=Branch2][C][Branch1][C][F][Branch1][C][F][F][=C][C][=Branch1][C][=O][O][C][Ring1][O][=C][Ring1][#C],8.3808,1,train,CCNc1ccc2c(C(F)(F)F)cc(=O)oc2c1
[C][=C][N][Branch2][Ring1][N][C][=N][C][=C][C][=C][C][=C][Ring1][=Branch1][N][Ring1][=Branch2][C][=C][C][=C][C][=C][C][=N][C][Ring1][=Branch1][=N][Ring1][#Branch2][C][=C][C][=C][Branch1][#C][C][=C][N][=C][C][=N][C][=C][N][=C][Ring1][#Branch2][Ring1][=Branch1][C][=C][Ring1][S][S][Ring2][Ring2][#Branch1],6.3491,1,train,C1=CN(c2nc3ccccc3n2-c2ccc3cccnc3n2)c2ccc(-c3cncc4nccnc34)cc2S1
[C][C][=C][N][Branch1][=Branch2][C][Branch1][C][F][Branch1][C][F][F][C][=Branch1][C][=O][NH1][C][Ring1][O][=O],9.8381,1,train,Cc1cn(C(F)(F)F)c(=O)[nH]c1=O
[C][C][Branch1][C][C][C][C][C][=C][Branch2][Ring2][#C][C][=C][C][=C][C][=C][Ring1][=Branch1][C][=N][C][=C][C][=Branch2][Ring1][Ring1][=C][C][=C][C][=C][C][Ring1][=Branch1][=C][Ring1][#Branch2][N][=C][Ring2][Ring1][=Branch1][Ring1][=C][O][C][Branch1][C][C][Branch1][C][C][C][C][Ring1][P][O][Ring2][Ring1][P],6.3579,1,train,CC1(C)CCc2c(c3ccccc3c3nc4c5c(c6ccccc6c4nc23)OC(C)(C)CC5)O1
[C][O][C][=C][C][Branch2][Ring1][=Branch1][C][=C][C][=C][C][=Branch1][Ring2][=C][Ring1][=Branch1][C][C][C][N][Ring1][#Branch1][C][C][C][Ring1][O][=N][C][Branch2][Ring1][=Branch2][C][=C][C][=C][NH1][C][C][=C][C][=C][C][=C][Ring1][=Branch1][NH1][C][=Ring1][=Branch2][C][Ring1][N][=C][Ring1][S][=N][Ring2][Ring2][Ring1],5.995,1,train,COc1cc(-c2cc3c4c(c2)CCCN4CCC3)nc(-c2ccc3[nH]c4c5ccccc5[nH]c4c3c2)n1
[N][#C][C][=C][C][=C][C][Branch1][Ring1][C][#N][=C][Ring1][Branch2][N],8.9239,1,train,N#Cc1cccc(C#N)c1N
[C][C][C][=C][Branch1][#Branch1][C][=Branch1][C][=O][O][C][C][Branch1][#Branch1][C][=Branch1][C][=O][O][C][=C][C][=C][C][Branch1][=Branch2][C][=C][C][=C][C][=C][Ring1][=Branch1][=N][N][Ring2][Ring1][#Branch1][Ring1][N],7.7201,1,train,CCc1c(C(=O)OC)c(C(=O)OC)c2ccc(-c3ccccc3)nn12
[C][=C][Branch2][Ring1][=C][C][=C][C][=C][NH1][C][=N][C][=C][Branch1][Branch2][C][=C][NH1][C][=N][Ring1][Branch1][C][=C][Ring1][O][C][Ring1][=C][=C][Ring2][Ring1][C][N][Branch1][#C][C][=C][C][=C][C][=N][C][=C][C][=C][Ring1][#Branch2][Ring1][=Branch1][C][=C][C][=C][C][=C][Ring1][=Branch1][S][Ring2][Ring2][=Branch1],6.0133,1,train,C1=C(c2ccc3[nH]c4ncc(-c5c[nH]cn5)cc4c3c2)N(c2cccc3ncccc23)c2ccccc2S1
[C][=C][C][=C][Branch2][Ring2][S][N][Branch1][=C][C][C][=C][N][C][=C][C][=C][C][=Ring1][=Branch2][Ring1][=Branch1][N][C][=C][C][=C][C][=C][Ring1][=Branch1][O][C][=C][C][Branch1][=Branch2][C][=C][N][=C][C][=N][Ring1][=Branch1][=C][C][=C][Ring1][N][Ring2][Ring1][Ring2][C][=C][Ring2][Ring2][Ring2],6.0345,1,train,c1ccc(N(c2ccn3ccccc23)N2c3ccccc3Oc3cc(-c4cnccn4)ccc32)cc1
[C][C][=C][C][=C][C][=C][C][=Branch1][C][=O][N][Branch1][C][C][C][=Branch1][C][=O][N][Branch1][C][C][C][Ring1][#Branch2][=N][C][Ring1][=C][=C][Ring2][Ring1][C],8.0057,1,train,Cc1ccc2cc3c(=O)n(C)c(=O)n(C)c3nc2c1
[N][C][=C][C][=N][C][=C][Ring1][=Branch1],8.4185,1,train,Nc1ccncc1
[C][O][C][=C][C][=C][Branch2][Ring1][C][C][=C][S][C][Branch1][=Branch2][C][=C][C][=N][C][=C][Ring1][=Branch1][=N][Ring1][O][C][=C][Ring1][P],7.2653,1,train,COc1ccc(-c2csc(-c3ccncc3)n2)cc1
[C][C][C][C][C][C][N][Branch1][#Branch1][C][C][C][C][C][C][C][=C][C][=C][Branch2][Ring1][=N][C][#C][C][=C][C][=C][Branch1][S][N][Branch1][#Branch1][C][C][C][C][C][C][C][C][C][C][C][C][C][=C][Ring2][Ring1][Ring1][C][=C][Ring2][Ring1][O],5.8217,1,train,CCCCCCN(CCCCCC)c1ccc(C#Cc2ccc(N(CCCCCC)CCCCCC)cc2)cc1
[C][O][C][=N][N][=C][Branch1][C][Cl][N][=N][Ring1][#Branch1],8.9753,1,train,COc1nnc(Cl)nn1
[C][O][C][C][=N][C][=C][Branch2][Ring2][Branch1][C][=C][C][=C][C][=C][C][Ring1][=Branch1][=C][Branch1][=C][C][=C][N][=C][Branch1][Ring2][C][O][C][N][=C][Ring1][=Branch2][C][=C][C][=C][C][=C][Ring2][Ring1][#Branch1][Ring1][=Branch1][C][=N][Ring2][Ring1][=N],6.8639,1,train,COCc1ncc(-c2c3ccccc3c(-c3cnc(COC)nc3)c3ccccc23)cn1
[N][#C][C][=C][C][=C][Branch1][C][N][C][=N][O][N][=C][Ring1][#Branch2][Ring1][Branch1],9.1886,1,train,N#Cc1ccc(N)c2nonc12
[C][#C][C][=C][C][=C][C][=C][C][=C][C][=C][Ring1][#Branch2][Ring1][=Branch1],7.7235,1,train,C#Cc1cccc2ccccc12
[C][=C][S][C][Branch1][P][C][=C][C][=C][Branch1][Branch2][C][=C][C][=C][S][Ring1][Branch1][S][Ring1][#Branch2][=C][Ring1][#C],7.0788,1,train,c1csc(-c2ccc(-c3cccs3)s2)c1
[C][C][=C][N][Branch1][=Branch2][C][Branch1][C][F][Branch1][C][F][F][C][=Branch1][C][=O][NH1][C][Ring1][O][=O],9.8381,1,train,Cc1cn(C(F)(F)F)c(=O)[nH]c1=O
[N][#C][C][=C][C][=C][C][Branch1][Ring1][C][#N][=C][Ring1][Branch2][N],8.9239,1,train,N#Cc1cccc(C#N)c1N
[C][C][=C][C][Branch2][Ring2][=Branch2][C][Branch2][Ring1][C][C][=C][C][Branch1][C][C][=C][Branch1][C][O][C][Branch1][C][Br][=C][Ring1][=Branch2][O][S][=Branch1][C][=O][=Branch1][C][=O][C][=C][C][=C][C][=C][Ring1][=Branch1][Ring2][Ring1][Ring2][=C][C][Branch1][C][Br][=C][Ring2][Ring1][O][O],7.8741,1,train,Cc1cc(C2(c3cc(C)c(O)c(Br)c3)OS(=O)(=O)c3ccccc32)cc(Br)c1O
[O][=C][C][=C][C][Branch1][=Branch2][N][C][C][C][C][C][Ring1][=Branch1][=C][C][=C][C][=C][Branch1][=Branch2][N][C][C][C][C][C][Ring1][=Branch1][C][=C][Branch1][=Branch2][N][C][C][C][C][C][Ring1][=Branch1][C][=C][C][=C][Ring2][Ring1][S][C][Ring2][Ring1][Branch2][=C][Ring1][=Branch1][Ring2][Ring1][=Branch1],6.022,1,train,O=Cc1cc(N2CCCCC2)c2ccc3c(N4CCCCC4)cc(N4CCCCC4)c4ccc1c2c43
[C][=C][S][C][Branch2][Ring1][#Branch1][C][=C][N][=C][Branch1][Branch2][C][=C][C][=C][S][Ring1][Branch1][C][=N][O][N][=C][Ring1][=C][Ring1][Branch1][=C][Ring2][Ring1][Ring1],7.5661,1,train,c1csc(-c2cnc(-c3cccs3)c3nonc23)c1
[O][=C][C][=C][C][Branch1][=Branch2][N][C][C][C][C][C][Ring1][=Branch1][=C][C][=C][C][=C][Branch1][=Branch2][N][C][C][C][C][C][Ring1][=Branch1][C][=C][Branch1][=Branch2][N][C][C][C][C][C][Ring1][=Branch1][C][=C][C][=C][Ring2][Ring1][S][C][Ring2][Ring1][Branch2][=C][Ring1][=Branch1][Ring2][Ring1][=Branch1],6.022,1,train,O=Cc1cc(N2CCCCC2)c2ccc3c(N4CCCCC4)cc(N4CCCCC4)c4ccc1c2c43
[O][=C][C][=C][Branch1][=N][N][C][=C][C][=C][Branch1][C][F][C][=C][Ring1][#Branch1][C][=Branch1][C][=O][C][=C][C][=C][C][=C][Ring1][=Branch1][Ring2][Ring1][Ring1],7.8773,1,train,O=C1C=C(Nc2ccc(F)cc2)C(=O)c2ccccc21
[C][C][=C][N][Branch1][=Branch2][C][Branch1][C][F][Branch1][C][F][F][C][=Branch1][C][=O][NH1][C][Ring1][O][=O],9.8381,1,train,Cc1cn(C(F)(F)F)c(=O)[nH]c1=O
[C][C][C][C][N][C][=Branch1][C][=O][C][=C][C][=C][C][=C][Branch1][=Branch1][N][Branch1][C][C][C][C][=C][C][=Branch1][=Branch1][=C][Ring1][=N][Ring1][=Branch2][C][Ring1][P][=O],7.5213,1,train,CCCCN1C(=O)c2cccc3c(N(C)C)ccc(c23)C1=O
[N][#C][C][=C][C][Branch2][Ring1][Branch1][N][C][=C][C][=C][C][=C][Ring1][=Branch1][O][C][=C][C][=C][C][=C][Ring1][=Branch1][Ring1][=C][=C][Branch2][Ring1][Branch1][N][C][=C][C][=C][C][=C][Ring1][=Branch1][O][C][=C][C][=C][C][=C][Ring1][=Branch1][Ring1][=C][C][=C][Ring2][Ring2][C][C][#N],6.5573,1,train,N#Cc1cc(N2c3ccccc3Oc3ccccc32)c(N2c3ccccc3Oc3ccccc32)cc1C#N
[N][#C][C][=C][C][Branch2][Ring1][Branch1][C][#C][C][=C][Branch1][C][F][C][Branch1][C][F][=N][C][Branch1][C][F][=C][Ring1][=Branch2][F][=C][Branch2][Ring1][Branch1][C][#C][C][=C][Branch1][C][F][C][Branch1][C][F][=N][C][Branch1][C][F][=C][Ring1][=Branch2][F][C][=C][Ring2][Ring1][=C][C][#N],9.2038,1,train,N#Cc1cc(C#Cc2c(F)c(F)nc(F)c2F)c(C#Cc2c(F)c(F)nc(F)c2F)cc1C#N
[N][C][=C][C][=C][C][Branch1][=Branch2][C][Branch1][C][F][Branch1][C][F][F][=C][C][=Branch1][C][=O][O][C][Ring1][O][=C][Ring1][#C],8.8053,1,train,Nc1ccc2c(C(F)(F)F)cc(=O)oc2c1
[N][C][=C][C][=C][Branch2][Ring2][=N][C][#C][C][=C][C][=C][C][=C][C][=C][C][=C][Branch1][=C][C][#C][C][=C][C][=C][Branch1][C][N][C][=C][Ring1][#Branch1][C][=C][C][=C][Ring2][Ring1][#Branch1][C][Ring2][Ring1][Branch1][=C][Ring2][Ring1][Ring1][Ring1][=Branch1][C][=C][Ring2][Ring1][P],6.1271,1,train,Nc1ccc(C#Cc2ccc3ccc4ccc(C#Cc5ccc(N)cc5)c5ccc2c3c45)cc1
[O][=C][C][=C][NH1][C][=Branch1][C][=O][NH1][Ring1][#Branch1],9.7209,1,train,O=c1cc[nH]c(=O)[nH]1
[C][O][C][=Branch1][C][=O][C][=C][C][=Branch1][C][=O][N][Branch1][C][C][C][C][=C][Branch2][Ring1][=Branch1][C][=C][C][=C][C][=Branch1][Ring2][=C][Ring1][=Branch1][C][C][C][N][Ring1][#Branch1][C][C][C][Ring1][O][S][C][Ring2][Ring1][Branch2][=Ring2][Ring1][C],6.5872,1,train,COC(=O)c1cc(=O)n(C)c2cc(-c3cc4c5c(c3)CCCN5CCC4)sc12
[C][O][C][=C][C][Branch2][Ring1][=Branch1][C][=C][C][=C][C][=Branch1][Ring2][=C][Ring1][=Branch1][C][C][C][N][Ring1][#Branch1][C][C][C][Ring1][O][=N][C][Branch2][Ring1][=Branch2][C][=C][C][=C][NH1][C][C][=C][C][=C][C][=C][Ring1][=Branch1][NH1][C][=Ring1][=Branch2][C][Ring1][N][=C][Ring1][S][=N][Ring2][Ring2][Ring1],5.995,1,train,COc1cc(-c2cc3c4c(c2)CCCN4CCC3)nc(-c2ccc3[nH]c4c5ccccc5[nH]c4c3c2)n1
[O][=C][NH1][C][=C][C][=C][C][=C][Ring1][=Branch1][NH1][Ring1][=Branch2],8.3192,1,train,O=c1[nH]c2ccccc2[nH]1
[N][#C][C][=C][C][=C][Branch1][C][N][C][=C][Ring1][#Branch1][C][#N],8.8376,1,train,N#Cc1ccc(N)cc1C#N
[C][=C][N][Branch2][Ring2][#C][C][=C][C][=C][NH1][C][=C][C][=C][Branch2][Ring1][=Branch1][C][=N][C][=C][C][=C][C][=C][Ring1][=Branch1][N][=C][Ring1][#Branch2][C][=C][C][=C][S][Ring1][Branch1][C][=C][Ring2][Ring1][Branch1][C][Ring2][Ring1][Branch2][=C][Ring2][Ring1][N][C][=C][C][=C][C][=C][Ring1][=Branch1][O][Ring2][Ring2][=Branch1],5.8955,1,train,C1=CN(c2ccc3[nH]c4ccc(-c5nc6ccccc6nc5-c5cccs5)cc4c3c2)c2ccccc2O1
[N][#C][C][N][=N][N][Branch2][Ring1][C][C][=C][C][=N][C][=C][C][Branch1][C][Cl][=C][C][=C][Ring1][O][Ring1][#Branch1][C][=Ring1][S][N],8.1325,1,train,N#Cc1nnn(-c2ccnc3cc(Cl)ccc23)c1N
[C][C][Branch1][C][C][O][C][=C][Branch2][Ring1][#Branch2][C][=N][C][=C][C][=C][C][=C][Ring1][=Branch1][N][=C][Ring1][#Branch2][C][=C][C][=C][C][=C][Ring2][Ring1][C][Ring1][=Branch1][C][C][Ring2][Ring1][#Branch1][Br],6.9884,1,train,CC1(C)Oc2c(c3nc4ccccc4nc3c3ccccc23)CC1Br
[C][C][C][C][C][C][C][C][N][C][=C][C][=C][Branch1][#C][C][#C][C][=C][C][=C][Branch1][Ring1][O][C][C][=C][Ring1][Branch2][C][=C][Ring1][S][S][C][=C][C][Branch1][Ring1][C][=O][=C][C][=C][Ring1][Branch2][Ring2][Ring1][#Branch2],6.466,1,train,CCCCCCCCN1c2ccc(C#Cc3ccc(OC)cc3)cc2Sc2cc(C=O)ccc21
[C][C][Branch1][C][C][Branch1][C][C][C][N][C][=C][C][=C][C][=C][Ring1][=Branch1][C][=Branch1][C][=O][N][Ring1][O][C][C][=C][C][=C][C][=C][Ring1][=Branch1],7.2489,1,train,CC(C)(C)C1Nc2ccccc2C(=O)N1Cc1ccccc1
[O][=C][C][=C][C][=C][C][=C][C][=C][C][=C][C][=C][C][=C][Ring1][=C][C][Ring1][N][=C][Ring1][#Branch2][Ring1][=Branch1],7.5023,1,train,O=Cc1ccc2ccc3cccc4ccc1c2c34
[C][C][C][C][N][C][=C][C][=C][Branch1][Ring1][C][#N][C][=C][Ring1][Branch2][C][=C][C][Branch1][Ring1][C][#N][=C][C][=C][Ring1][Branch2][Ring1][P],7.8683,1,train,CCCCn1c2ccc(C#N)cc2c2cc(C#N)ccc21
[N][C][=C][C][Branch1][C][N][=C][C][Branch1][=C][C][=N][C][=C][C][=C][C][=C][Ring1][=Branch1][S][Ring1][=Branch2][=C][Ring1][S],7.1359,1,train,Nc1cc(N)cc(-c2nc3ccccc3s2)c1
[C][C][N][Branch1][Ring1][C][C][C][=C][C][=C][Branch2][Ring1][=Branch1][C][=C][C][=N][C][=N][C][=C][C][=C][C][=C][Ring1][=Branch1][N][=C][Ring1][#Branch2][S][Ring1][=N][C][Branch1][Ring1][O][C][=C][Ring2][Ring1][#Branch1],6.4136,1,train,CCN(CC)c1ccc(C=Cc2nc3nc4ccccc4nc3s2)c(OC)c1
[C][O][C][=N][C][Branch2][Ring1][S][N][C][=C][C][=C][C][=C][Branch1][=Branch2][C][=C][C][=C][Ring1][#Branch2][Ring1][=Branch1][C][=Branch1][C][=O][C][=C][C][=C][C][=C][Ring1][=Branch1][Ring1][#C][=N][C][Branch1][Ring1][O][C][=N][Ring2][Ring1][O],7.2214,1,train,COc1nc(Nc2ccc3c4c(cccc24)C(=O)c2ccccc2-3)nc(OC)n1
[C][C][N][Branch1][Ring1][C][C][C][=C][C][=C][C][=C][Branch1][=C][C][=C][N][C][=C][C][=C][C][Ring1][=Branch1][=N][Ring1][=Branch2][C][=Branch1][C][=O][O][C][Ring1][S][=C][Ring2][Ring1][Ring2],6.7172,1,train,CCN(CC)c1ccc2cc(-c3cn4ccccc4n3)c(=O)oc2c1
[O][=C][Branch1][C][O][C][C][C][C][C][N][C][=C][C][=C][C][=C][Ring1][=Branch1][C][=Branch1][C][=O][C][=C][C][Branch1][=Branch2][S][=Branch1][C][=O][=Branch1][C][=O][O][=C][C][=C][Ring1][#Branch2][Ring2][Ring1][Ring1],7.7441,1,train,O=C(O)CCCCCn1c2ccccc2c(=O)c2cc(S(=O)(=O)O)ccc21
[C][O][C][=C][Branch1][S][C][=C][C][=C][Branch1][=Branch1][N][Branch1][C][C][C][C][=C][Ring1][=Branch2][O][C][=C][C][=C][C][=C][Ring1][=Branch1][C][Ring2][Ring1][Ring1][=O],6.8044,1,train,COc1c(-c2ccc(N(C)C)cc2)oc2ccccc2c1=O
[N][C][=C][C][=C][C][=Branch1][Ring2][=C][Ring1][=Branch1][C][=Branch1][C][=O][N][C][Ring1][#Branch1][=O],8.6236,1,train,Nc1ccc2c(c1)C(=O)NC2=O
[N][C][=C][C][=C][C][Branch1][=Branch2][C][Branch1][C][F][Branch1][C][F][F][=C][C][=Branch1][C][=O][O][C][Ring1][O][=C][Ring1][#C],8.8053,1,train,Nc1ccc2c(C(F)(F)F)cc(=O)oc2c1
[C][C][O][C][=Branch1][C][=O][C][N][C][=Branch1][C][=O][C][=C][Branch1][=N][C][=C][C][=C][Branch1][Ring1][C][#N][C][=C][Ring1][Branch2][N][Branch1][=Branch2][C][C][=Branch1][C][=O][O][C][C][C][=Branch1][C][=O][C][Ring2][Ring1][Ring2][=C][Ring2][Ring1][Branch2][C][=C][C][=C][Branch1][Ring1][C][#N][C][=C][Ring1][Branch2],7.8671,1,train,CCOC(=O)CN1C(=O)C2=C(c3ccc(C#N)cc3)N(CC(=O)OCC)C(=O)C2=C1c1ccc(C#N)cc1
[C][N][C][=C][Branch1][Ring1][C][#N][C][Branch1][Ring1][C][#N][=C][Branch1][Branch2][C][C][=C][S][C][=Ring1][Branch1][C][Branch1][Ring1][C][#N][=C][Ring1][P][C][#N],8.4841,1,train,CNc1c(C#N)c(C#N)c(-c2ccsc2)c(C#N)c1C#N
[O][=C][C][=C][NH1][C][=Branch1][C][=O][NH1][Ring1][#Branch1],9.7209,1,train,O=c1cc[nH]c(=O)[nH]1
[C][C][=C][N][Branch1][=Branch2][C][Branch1][C][F][Branch1][C][F][F][C][=Branch1][C][=O][NH1][C][Ring1][O][=O],9.8381,1,train,Cc1cn(C(F)(F)F)c(=O)[nH]c1=O
[C][C][C][C][C][C][N][Branch1][#Branch1][C][C][C][C][C][C][C][=C][C][=C][Branch2][Ring1][Branch1][C][#C][C][=C][C][=C][Branch1][=Branch2][C][Branch1][C][F][Branch1][C][F][F][C][=C][Ring1][#Branch2][C][=C][Ring2][Ring1][C],7.2595,1,train,CCCCCCN(CCCCCC)c1ccc(C#Cc2ccc(C(F)(F)F)cc2)cc1
[O][=C][C][=C][C][=C][C][=C][Ring1][=Branch1][C][=Branch1][C][=O][C][=C][C][Branch2][Ring1][S][C][=C][C][=C][Branch2][Ring1][Ring2][N][Branch1][=Branch2][C][=C][C][=C][C][=C][Ring1][=Branch1][C][=C][C][=C][C][=C][Ring1][=Branch1][C][=C][Ring2][Ring1][Ring1][=C][C][=C][Ring2][Ring1][=Branch2][Ring2][Ring2][C],6.6713,1,train,O=C1c2ccccc2C(=O)c2cc(-c3ccc(N(c4ccccc4)c4ccccc4)cc3)ccc21
[N][#C][C][=C][C][=C][Branch1][C][N][C][Branch1][Ring1][C][#N][=C][Ring1][=Branch2],8.8701,1,train,N#Cc1ccc(N)c(C#N)c1
[C][=C][Branch2][Ring2][=C][C][=N][C][=C][Branch1][Branch2][C][=C][NH1][C][=N][Ring1][Branch1][C][=C][C][=C][Ring1][O][N][=C][Ring1][#C][C][=C][C][=C][C][=Branch1][Ring2][=C][Ring1][=Branch1][O][C][=C][C][=C][C][=C][Ring1][=Branch1][N][Ring1][O][N][C][=C][C][=C][C][=C][Ring1][=Branch1][S][Ring2][Ring2][#Branch1],5.8109,1,train,C1=C(c2nc3c(-c4c[nH]cn4)cccc3nc2-c2ccc3c(c2)Oc2ccccc2N3)Nc2ccccc2S1
[C][C][=C][N][Branch1][=Branch2][C][Branch1][C][F][Branch1][C][F][F][C][=Branch1][C][=O][NH1][C][Ring1][O][=O],9.8381,1,train,Cc1cn(C(F)(F)F)c(=O)[nH]c1=O
[C][N][Branch1][C][C][C][=C][C][=C][N][=C][Branch2][Ring1][Branch2][C][=C][C][=C][Branch1][=C][C][=Branch1][C][=O][O][C][Branch1][C][C][Branch1][C][C][C][C][=C][Ring1][=N][S][C][Ring2][Ring1][C][=C][Ring2][Ring1][=Branch1],6.8787,1,train,CN(C)c1ccc2nc(-c3ccc(C(=O)OC(C)(C)C)cc3)sc2c1
[O][=C][Branch1][C][O][C][=C][C][=C][C][=C][Ring1][=Branch1],9.3416,1,train,O=C(O)c1ccccc1
[C][C][=Branch1][C][=O][C][=C][C][=Branch2][Ring1][Ring1][=C][C][=C][C][=C][Branch1][=Branch1][N][Branch1][C][C][C][C][=C][Ring1][=N][Ring1][=Branch2][C][C][C][Ring1][#C],6.7832,1,train,CC(=O)c1c2c(cc3ccc(N(C)C)cc13)CCC2
[C][O][C][=C][C][=C][Branch2][Ring1][=C][C][=C][C][Branch1][N][C][=C][C][=C][Branch1][C][C][C][=C][Ring1][#Branch1][=C][Branch1][Ring1][C][#N][C][Branch1][Ring1][O][C][=N][Ring1][P][C][=C][Ring2][Ring1][#Branch1],7.4031,1,train,COc1ccc(-c2cc(-c3ccc(C)cc3)c(C#N)c(OC)n2)cc1
[C][N][Branch1][C][C][C][=C][C][=C][Branch2][Ring1][Branch1][C][=C][C][=C][C][=Branch1][C][=O][C][Branch1][C][O][=C][O][C][Ring1][Branch2][=C][Ring1][N][C][=C][Ring2][Ring1][C],6.9805,1,train,CN(C)c1ccc(-c2ccc3c(=O)c(O)coc3c2)cc1
[N][#C][C][=C][O][C][=C][C][=C][C][=C][Ring1][=Branch1][C][Ring1][#Branch2][=O],8.9873,1,train,N#Cc1coc2ccccc2c1=O
[O][=C][NH1][C][=C][C][=C][C][=C][Ring1][=Branch1][NH1][Ring1][=Branch2],8.3192,1,train,O=c1[nH]c2ccccc2[nH]1
[O][=C][C][=C][C][Branch1][=Branch2][S][=Branch1][C][=O][=Branch1][C][=O][Cl][=C][C][=C][Ring1][#Branch2][NH1][C][=C][C][=C][Branch1][=Branch2][S][=Branch1][C][=O][=Branch1][C][=O][Cl][C][=C][Ring2][Ring1][=Branch1][Ring1][#Branch2],8.8376,1,train,O=c1c2cc(S(=O)(=O)Cl)ccc2[nH]c2ccc(S(=O)(=O)Cl)cc12
[C][=C][Branch2][Ring1][#C][C][=C][C][=C][O][C][=C][C][=C][Branch1][=Branch2][C][=C][N][=C][C][=N][Ring1][=Branch1][C][=C][Ring1][N][C][Ring1][#C][=C][Ring2][Ring1][Ring1][N][C][=C][C][=C][Branch1][=C][C][=C][C][=C][C][=C][C][=C][Ring1][=Branch1][S][Ring1][=Branch2][C][=C][Ring1][#C][S][Ring2][Ring2][=Branch1],6.0248,1,train,C1=C(c2ccc3oc4ccc(-c5cnccn5)cc4c3c2)Nc2ccc(-c3cc4ccccc4s3)cc2S1
[C][O][C][=C][C][=C][Branch2][Branch1][Ring1][C][#C][C][=C][C][=C][Branch2][Ring2][Branch1][C][#C][C][=C][C][=C][Branch2][Ring1][#Branch1][P][=Branch1][C][=O][Branch1][=Branch2][C][=C][C][=C][C][=C][Ring1][=Branch1][C][=C][C][=C][C][=C][Ring1][=Branch1][C][=C][Ring2][Ring1][Ring2][C][=C][Ring2][Ring1][N][C][=C][Ring2][Ring2][Ring2],6.878,1,train,COc1ccc(C#Cc2ccc(C#Cc3ccc(P(=O)(c4ccccc4)c4ccccc4)cc3)cc2)cc1
[O][=C][C][=C][NH1][C][=Branch1][C][=O][NH1][Ring1][#Branch1],9.7209,1,train,O=c1cc[nH]c(=O)[nH]1
[N][#C][C][=C][Branch1][Ring1][C][#N][C][Branch1][Ring1][C][#N][=C][Branch2][Ring2][Branch1][C][=N][C][=N][C][Branch1][=Branch2][C][Branch1][C][F][Branch1][C][F][F][=N][C][=N][C][Branch1][Ring1][C][=O][=N][C][=Branch1][Branch1][=N][Ring2][Ring1][C][N][Ring1][=Branch2][Ring1][P][C][Branch1][Ring1][C][#N][=C][Ring2][Ring1][#C][C][#N],9.4712,1,train,N#Cc1c(C#N)c(C#N)c(C2=NC3=NC(C(F)(F)F)=NC4=NC(C=O)=NC(=N2)N43)c(C#N)c1C#N
[N][#C][C][=C][C][=C][Branch1][C][N][C][=C][Ring1][#Branch1],8.4747,1,train,N#Cc1ccc(N)cc1
[N][#C][C][Branch1][Ring1][C][#N][=C][C][=C][C][=C][C][=Branch1][Ring2][=C][Ring1][=Branch1][NH1][C][=C][C][=C][C][=C][C][Ring1][=Branch1][=C][C][=C][Ring1][=C][Ring1][#Branch2],7.3619,1,train,N#CC(C#N)=Cc1ccc2c(c1)[nH]c1c3ccccc3ccc21
[C][O][C][=C][Branch1][C][F][C][Branch1][C][F][=C][Branch2][Ring2][Branch1][C][=C][C][=C][NH1][C][C][=C][C][Branch1][=Branch2][C][=C][N][=C][C][=N][Ring1][=Branch1][=C][C][=C][Ring1][N][S][C][=Ring1][#C][C][Ring2][Ring1][C][=C][Ring2][Ring1][=Branch1][C][Branch1][C][F][=C][Ring2][Ring1][#C][F],6.9111,1,train,COc1c(F)c(F)c(-c2ccc3[nH]c4c5cc(-c6cnccn6)ccc5sc4c3c2)c(F)c1F
[C][C][C][C][=Branch1][C][=O][C][=C][C][=Branch2][Ring2][Ring2][=C][Branch1][Branch2][C][=Branch1][C][=O][C][C][C][C][=C][Ring1][O][O][C][Branch1][Branch2][C][C][=Branch1][C][=O][O][C][Branch1][=Branch1][C][=Branch1][C][=O][O][O][Ring1][=N][O][C][O][Ring2][Ring1][Branch2],7.8098,1,train,CCCC(=O)c1c2c(c(C(=O)CCC)c3c1OC(CC(=O)OC)(C(=O)O)O3)OCO2
[C][N][Branch1][C][C][C][C][N][C][C][=C][C][=C][C][=C][C][Ring1][=Branch1][=C][C][=C][C][=C][C][=C][Ring1][=C][Ring1][=Branch1],6.489,1,train,CN(C)CCNCc1c2ccccc2cc2ccccc12
[C][C][C][C][N][C][=C][C][=C][C][=C][Ring1][=Branch1][C][=C][C][=C][C][=C][C][Branch2][Ring1][Ring1][C][=C][C][=C][Branch1][=Branch2][C][Branch1][C][F][Branch1][C][F][F][C][=C][Ring1][#Branch2][=C][C][=C][Ring1][S][N][Branch1][Branch1][C][C][C][C][C][Ring2][Ring1][#Branch1][=C][Ring2][Ring1][O][Ring2][Ring2][C],6.4363,1,train,CCCCn1c2ccccc2c2ccc3c4cc(-c5ccc(C(F)(F)F)cc5)ccc4n(CCCC)c3c21
[N][#C][C][=C][C][=C][Branch1][C][N][C][=C][Ring1][#Branch1],8.4747,1,train,N#Cc1ccc(N)cc1
[C][S][C][=C][C][=C][C][=Branch1][Ring2][=C][Ring1][=Branch1][N][Branch1][S][C][C][C][N][C][C][N][Branch1][C][C][C][N][Ring1][#Branch1][C][C][=C][C][=C][C][=C][Ring1][=Branch1][S][Ring2][Ring1][=Branch1],6.0962,1,train,CSc1ccc2c(c1)N(CCCN1CCN(C)CN1C)c1ccccc1S2
[C][O][C][=C][C][=C][C][O][C][Branch2][Ring1][Ring2][C][=C][C][=C][Branch1][Ring1][O][C][C][=C][C][=C][Ring1][Branch2][O][C][Ring1][N][=O][=C][C][Ring2][Ring1][=Branch1][=Ring2][Ring1][C],7.1084,1,train,COc1cccc2oc(-c3cc4c(OC)cccc4oc3=O)cc12
[O][=C][O][C][=C][C][=C][C][=C][Ring1][=Branch1][C][=C][Ring1][#Branch2][C][=C][C][=C][Branch1][S][C][=C][C][=C][C][=C][C][=C][Ring1][=Branch1][O][C][Ring1][#Branch2][=O][C][=C][Ring1][P],7.6597,1,train,O=c1oc2ccccc2cc1-c1ccc(-c2cc3ccccc3oc2=O)cc1
[C][C][=C][C][=C][Branch1][C][C][N][Ring1][=Branch1][C][=C][C][=C][C][Branch1][Ring1][C][#N][=C][Ring1][Branch2],7.5956,1,train,Cc1ccc(C)n1-c1cccc(C#N)c1
[C][C][=C][N][Branch1][=Branch2][C][Branch1][C][F][Branch1][C][F][F][C][=Branch1][C][=O][NH1][C][Ring1][O][=O],9.8381,1,train,Cc1cn(C(F)(F)F)c(=O)[nH]c1=O
[C][S][C][C][=C][Branch2][Ring1][=N][C][=C][C][=C][C][=C][C][=Branch1][=Branch2][=C][Ring1][=Branch1][O][C][Ring1][#Branch2][=O][C][C][C][N][Ring1][#Branch2][C][C][C][Ring1][=C][O][C][=Branch1][C][=O][C][=Ring2][Ring1][=Branch2][C][#N],7.1576,1,train,CSc1cc(-c2cc3cc4c5c(c3oc2=O)CCCN5CCC4)oc(=O)c1C#N
[N][#C][C][=C][C][=C][C][NH1][C][=C][C][Ring1][=Branch2][=Ring1][Branch1],8.2316,1,train,N#Cc1cccc2[nH]ccc12
[N][C][=C][C][=C][C][Branch1][=Branch2][C][Branch1][C][F][Branch1][C][F][F][=C][C][=Branch1][C][=O][O][C][Ring1][O][=C][Ring1][#C],8.8053,1,train,Nc1ccc2c(C(F)(F)F)cc(=O)oc2c1
[N][#C][C][=C][Branch1][Ring1][C][#N][C][Branch1][Ring1][C][#N][=C][Branch2][Ring2][Branch1][C][=N][C][=N][C][Branch1][=Branch2][C][Branch1][C][F][Branch1][C][F][F][=N][C][=N][C][Branch1][Ring1][C][=O][=N][C][=Branch1][Branch1][=N][Ring2][Ring1][C][N][Ring1][=Branch2][Ring1][P][C][Branch1][Ring1][C][#N][=C][Ring2][Ring1][#C][C][#N],9.4712,1,train,N#Cc1c(C#N)c(C#N)c(C2=NC3=NC(C(F)(F)F)=NC4=NC(C=O)=NC(=N2)N43)c(C#N)c1C#N
[C][C][=C][Branch2][Ring2][=C][N][C][=C][C][=C][C][=C][Ring1][=Branch1][O][C][=C][C][Branch2][Ring1][Branch1][C][=C][C][=N][C][=C][Ring1][=Branch1][C][=C][C][=C][C][=C][N][=C][Ring1][=Branch1][Ring1][#Branch2][=C][C][=C][Ring2][Ring1][Ring2][Ring2][Ring1][N][C][=C][C][=C][C][=C][N][Ring2][Ring2][Branch1][Ring1][=Branch1],6.1096,1,train,Cc1c(N2c3ccccc3Oc3cc(-c4ccnc5c4ccc4cccnc45)ccc32)cc2ccccn12
[N][C][=C][C][=C][C][=Branch1][Ring2][=C][Ring1][=Branch1][C][=Branch1][C][=O][N][C][Ring1][#Branch1][=O],8.6236,1,train,Nc1ccc2c(c1)C(=O)NC2=O
[C][C][Branch1][C][C][N][C][=C][C][Branch1][C][Cl][=C][C][=C][Ring1][#Branch1][C][NH1][C][=C][C][=C][C][=C][Ring1][=Branch1][C][=Branch1][C][=O][C][=Ring1][O][Ring2][Ring1][Branch1],7.0706,1,train,CC1(C)Nc2cc(Cl)ccc2-c2[nH]c3ccccc3c(=O)c21
[N][C][=C][C][=C][C][=N][C][Branch2][Ring2][N][C][=C][N][=C][C][=Branch1][Ring2][=C][Ring1][=Branch1][C][=C][C][=C][C][=C][Ring1][=Branch1][N][Ring1][#Branch2][C][=C][C][=C][C][=Branch1][Ring2][=C][Ring1][=Branch1][O][C][=C][C][=C][C][=C][Ring1][=Branch1][N][Ring1][O][=C][N][=C][Ring2][Ring2][Branch1][Ring2][Ring1][P],6.107,1,train,Nc1cccc2nc(-c3cnc4c(c3)c3ccccc3n4-c3ccc4c(c3)Oc3ccccc3N4)cnc12
[F][C][=N][C][Branch1][C][F][=C][Branch1][C][F][C][Branch2][Ring1][#C][C][#C][C][=N][C][=C][N][=C][Ring1][=Branch1][C][#C][C][=C][Branch1][C][F][C][Branch1][C][F][=N][C][Branch1][C][F][=C][Ring1][=Branch2][F][=C][Ring2][Ring1][N][F],8.6537,1,train,Fc1nc(F)c(F)c(C#Cc2nccnc2C#Cc2c(F)c(F)nc(F)c2F)c1F
[C][O][C][=C][C][=C][Branch2][Ring1][N][C][=C][C][Branch1][=Branch2][C][=C][C][=C][C][=C][Ring1][=Branch1][=C][Branch1][=Branch2][C][=C][C][=C][C][=C][Ring1][=Branch1][C][Ring1][P][C][=C][C][=C][C][=C][Ring2][Ring1][O][Ring1][=Branch1],6.5435,1,train,COc1ccc(C2=CC(c3ccccc3)=C(c3ccccc3)C2)c2ccccc12
[N][C][=C][C][=C][C][Branch1][=Branch2][C][Branch1][C][F][Branch1][C][F][F][=C][C][=Branch1][C][=O][O][C][Ring1][O][=C][Ring1][#C],8.8053,1,train,Nc1ccc2c(C(F)(F)F)cc(=O)oc2c1
[N][#C][C][=C][Branch1][Branch2][C][=C][C][=C][S][Ring1][Branch1][C][=C][Branch1][Branch2][C][=C][C][=C][S][Ring1][Branch1][NH1][C][Ring1][S][=O],7.9701,1,train,N#Cc1c(-c2cccs2)cc(-c2cccs2)[nH]c1=O
[C][C][C][C][N][C][=Branch1][C][=O][C][=C][C][=C][C][=C][Branch1][=Branch1][N][Branch1][C][C][C][C][=C][C][=Branch1][=Branch1][=C][Ring1][=N][Ring1][=Branch2][C][Ring1][P][=O],7.5213,1,train,CCCCN1C(=O)c2cccc3c(N(C)C)ccc(c23)C1=O
[C][=C][C][=C][Branch2][Ring1][Ring1][C][=C][C][=C][Branch1][=Branch2][C][=C][C][=C][C][=C][Ring1][=Branch1][C][=C][Ring1][N][C][=C][Ring2][Ring1][C],7.5146,1,train,c1ccc(-c2ccc(-c3ccccc3)cc2)cc1
[C][#Branch1][S][#C][C][=N][C][=N][C][=C][C][=C][C][=C][Ring1][#Branch2][Ring1][=Branch1][C][=C][C][=C][Branch2][Ring1][Ring2][N][Branch1][=Branch2][C][=C][C][=C][C][=C][Ring1][=Branch1][C][=C][C][=C][C][=C][Ring1][=Branch1][C][=C][Ring2][Ring1][Ring1],6.5055,1,train,C(#Cc1ncnc2ccccc12)c1ccc(N(c2ccccc2)c2ccccc2)cc1
[O][=C][C][=C][NH1][C][=Branch1][C][=O][NH1][Ring1][#Branch1],9.7209,1,train,O=c1cc[nH]c(=O)[nH]1
[C][N][C][C][N][Branch2][Ring1][#C][C][=C][C][=C][C][=C][Branch1][=Branch2][C][=C][C][=C][Ring1][#Branch2][Ring1][=Branch1][C][=Branch1][C][=O][C][=C][C][=C][C][=C][Ring1][=Branch1][Ring1][#C][C][C][Ring2][Ring1][Branch2],6.8069,1,train,CN1CCN(c2ccc3c4c(cccc24)C(=O)c2ccccc2-3)CC1
[C][#Branch1][#Branch2][#C][C][=C][C][=C][C][=C][Ring1][=Branch1][C][=C][C][=C][C][=C][Ring1][=Branch1],7.8693,1,train,C(#Cc1ccccc1)c1ccccc1
[O][=C][C][=C][C][=C][C][=C][Ring1][=Branch1][C][=Branch1][C][=O][N][Ring1][#Branch2][C][=C][C][=C][Branch1][=Branch2][C][N][C][=N][C][=N][Ring1][Branch1][C][=C][Ring1][N],8.0295,1,train,O=C1c2ccccc2C(=O)N1c1ccc(Cn2cncn2)cc1
[C][C][=C][C][=C][C][N][=C][C][=Branch1][C][=O][N][Branch1][C][C][C][=Branch1][C][=O][N][=C][Ring1][=Branch2][N][Branch1][C][C][C][Ring2][Ring1][C][=Ring1][=C],7.9453,1,train,Cc1cccc2nc3c(=O)n(C)c(=O)nc-3n(C)c12
[O][=C][C][=C][NH1][C][=Branch1][C][=O][NH1][Ring1][#Branch1],9.7209,1,train,O=c1cc[nH]c(=O)[nH]1
[C][C][N][Branch1][Ring1][C][C][C][=C][C][=C][Branch2][Ring1][=Branch1][C][=C][C][=N][C][=N][C][=C][C][=C][C][=C][Ring1][=Branch1][N][=C][Ring1][#Branch2][S][Ring1][=N][C][Branch1][Ring1][O][C][=C][Ring2][Ring1][#Branch1],6.4377,1,train,CCN(CC)c1ccc(C=Cc2nc3nc4ccccc4nc3s2)c(OC)c1
[F][C][Branch1][C][F][Branch1][C][F][C][Branch1][C][F][Branch1][C][F][C][Branch1][C][F][Branch1][C][F][C][Branch1][C][F][Branch1][C][F][C][Branch1][C][F][Branch1][C][F][C][Branch1][C][F][Branch1][C][F][C][C][O][C][=N][N][=C][Branch1][C][Cl][N][=N][Ring1][#Branch1],9.2088,1,train,FC(F)(F)C(F)(F)C(F)(F)C(F)(F)C(F)(F)C(F)(F)CCOc1nnc(Cl)nn1
[Cl][C][=C][C][Branch1][C][Cl][=C][Branch1][C][Cl][C][Branch2][Ring2][=Branch1][C][=C][C][=C][C][Branch1][#C][C][=C][C][=C][C][=C][C][=C][C][Ring1][=Branch1][=C][Ring1][#Branch2][=C][Ring1][S][C][=N][C][=C][N][N][=C][N][=C][Ring1][=Branch2][Ring1][Branch1][=C][Ring2][Ring1][P][Cl],7.2986,1,train,Clc1cc(Cl)c(Cl)c(-c2cccc(-c3ccc4ccccc4c3)c2-c2nccn3ncnc23)c1Cl
[C][C][Branch1][C][C][C][=C][C][Branch1][Ring1][C][=O][=C][C][=C][Ring1][Branch2][N][C][=C][C][=C][Branch2][Ring1][=Branch1][C][=C][C][=C][C][=C][O][C][=C][C][=C][C][=C][Ring1][=Branch1][C][Ring1][=Branch2][=C][Ring1][=N][C][=C][Ring2][Ring1][Branch1][Ring2][Ring1][S],6.6311,1,train,CC1(C)c2cc(C=O)ccc2Nc2ccc(C=Cc3ccc4oc5ccccc5c4c3)cc21
[C][S][C][S][C][Branch1][=Branch1][C][Branch1][C][C][=O][=C][N][=N][NH1][C][=Branch1][C][=O][C][=Ring1][=N][Ring1][#Branch1],7.97,1,train,CSc1sc(C(C)=O)c2nn[nH]c(=O)c12
[C][=C][C][=C][Branch2][Ring2][#C][N][C][=C][C][=C][Branch2][Ring2][C][C][=C][N][=C][Branch2][Ring1][#Branch1][C][=C][C][=C][C][=C][Ring1][=Branch1][C][=C][N][=C][C][=C][C][=C][C][Ring1][=Branch1][=N][Ring1][#Branch2][O][Ring2][Ring1][Branch1][C][=C][Ring2][Ring1][O][C][=C][Ring2][Ring2][C],6.5083,1,train,c1ccc(Nc2ccc(-c3cnc(-c4ccccc4-c4cnc5ccccc5n4)o3)cc2)cc1
[C][O][C][=C][C][=C][Branch1][#C][C][#C][C][=C][C][=C][Branch1][Ring1][C][#N][C][=C][Ring1][Branch2][C][=C][Ring1][S][O][C],7.4095,1,train,COc1ccc(C#Cc2ccc(C#N)cc2)cc1OC
[O][=C][C][=C][NH1][C][=Branch1][C][=O][NH1][Ring1][#Branch1],9.7209,1,train,O=c1cc[nH]c(=O)[nH]1
[C][N][Branch1][C][C][C][=C][C][=C][Branch1][=C][C][=Branch1][C][=O][N][C][=C][C][=C][C][=C][Ring1][=Branch1][C][=C][Ring1][#C],6.9763,1,train,CN(C)c1ccc(C(=O)Nc2ccccc2)cc1
[N][#C][C][=C][C][=C][C][Branch1][C][N][=C][Ring1][#Branch1][C][#N],8.8725,1,train,N#Cc1cccc(N)c1C#N
[C][#C][C][=C][C][=C][C][=Branch1][Ring2][=C][Ring1][=Branch1][C][=C][Branch1][=Branch2][C][=N][C][=N][C][=N][Ring1][=Branch1][C][=C][C][Branch2][Ring1][#Branch2][C][=C][C][=C][C][=Branch1][Ring2][=C][Ring1][=Branch1][C][=C][C][=C][C][=C][Ring1][=Branch1][S][Ring1][#Branch2][=Branch1][C][=O][=O][=C][C][=C][Ring2][Ring1][Branch1][Ring2][Ring1][S],7.3013,1,train,C#Cc1ccc2c(c1)cc(-c1ncncn1)c1cc(-c3ccc4c(c3)-c3ccccc3S4(=O)=O)ccc12
[F][C][Branch1][C][F][Branch1][C][F][C][Branch1][C][F][Branch1][C][F][C][Branch1][C][F][Branch1][C][F][C][Branch1][C][F][Branch1][C][F][C][Branch1][C][F][Branch1][C][F][C][Branch1][C][F][Branch1][C][F][C][C][O][C][=N][N][=C][Branch1][C][Cl][N][=N][Ring1][#Branch1],9.1783,1,train,FC(F)(F)C(F)(F)C(F)(F)C(F)(F)C(F)(F)C(F)(F)CCOc1nnc(Cl)nn1
[N][#C][C][=C][Branch1][Branch2][C][=C][C][=C][S][Ring1][Branch1][C][=C][Branch1][Branch2][C][=C][C][=C][S][Ring1][Branch1][NH1][C][Ring1][S][=O],7.9421,1,train,N#Cc1c(-c2cccs2)cc(-c2cccs2)[nH]c1=O
[C][C][C][C][=C][C][=N][C][Ring1][Branch1][=C][C][=C][NH1][C][Branch1][=Branch2][C][=C][Ring1][Branch1][C][C][O][C][=C][N][=C][Branch1][S][C][=C][C][NH1][C][Ring2][Ring1][=Branch1][=C][C][=Ring1][Branch1][C][C][C][C][Branch1][Ring2][C][C][C][=C][Ring2][Ring1][C],6.4508,1,train,CCCC1=Cc2nc1ccc1[nH]c(cc1CCOC)c1nc(ccc3[nH]c2cc3CCC)C(CCC)=C1
[C][O][C][=C][C][=C][C][Branch2][Ring1][Branch1][C][=N][C][Branch1][N][C][=C][C][=C][C][Branch1][C][C][=C][Ring1][#Branch1][=N][O][Ring1][N][=C][C][=Branch1][C][=O][O][C][Ring2][Ring1][Ring1][=C][Ring2][Ring1][#Branch1],7.8516,1,train,COc1ccc2c(-c3nc(-c4cccc(C)c4)no3)cc(=O)oc2c1
[O][C][=C][C][=C][C][=C][C][=C][C][Ring1][=Branch1][=C][Ring1][#Branch2][C][=N][C][Branch1][=Branch2][C][=C][C][=C][C][=C][Ring1][=Branch1][=C][C][=C][C][=C][N][Ring1][#C][Ring1][=Branch1],6.5899,1,train,Oc1ccc2ccccc2c1-c1nc(-c2ccccc2)c2ccccn12
[C][C][=C][C][=C][C][=C][Branch2][Ring2][Branch2][C][=C][C][=C][C][=C][C][=C][C][Branch2][Ring1][Branch1][C][=C][C][=C][C][=C][Branch1][C][C][C][=Branch1][C][=O][O][C][Ring1][Branch2][=C][Ring1][N][=C][Ring2][Ring1][=Branch1][Ring2][Ring1][C][C][=C][Ring2][Ring1][N][O][C][Ring2][Ring1][S][=O],7.454,1,train,Cc1cc2ccc(-c3cccc4cccc(-c5ccc6cc(C)c(=O)oc6c5)c34)cc2oc1=O
[C][C][=Branch1][C][=O][C][N][=C][Branch2][Ring1][S][C][=C][C][=C][Branch2][Ring1][Ring2][N][Branch1][=Branch2][C][=C][C][=C][C][=C][Ring1][=Branch1][C][=C][C][=C][C][=C][Ring1][=Branch1][C][=C][Ring2][Ring1][Ring1][O][C][=Ring2][Ring1][Branch2][C],6.7398,1,train,CC(=O)c1nc(-c2ccc(N(c3ccccc3)c3ccccc3)cc2)oc1C
[C][C][C][C][=Branch1][C][=O][C][=C][C][=Branch2][Ring2][Branch1][=C][Branch1][Branch2][C][=Branch1][C][=O][C][C][C][C][=C][Ring1][O][O][C][Branch1][Branch2][C][C][=Branch1][C][=O][O][C][Branch1][#Branch1][C][=Branch1][C][=O][O][C][O][Ring1][=C][O][C][O][Ring2][Ring1][=Branch2],7.723,1,train,CCCC(=O)c1c2c(c(C(=O)CCC)c3c1OC(CC(=O)OC)(C(=O)OC)O3)OCO2
[C][C][=C][N][Branch1][=Branch2][C][Branch1][C][F][Branch1][C][F][F][C][=Branch1][C][=O][NH1][C][Ring1][O][=O],9.8381,1,train,Cc1cn(C(F)(F)F)c(=O)[nH]c1=O
[N][C][=C][C][=C][C][=N][Ring1][=Branch1],8.4499,1,train,Nc1ccccn1
[O][=S][=Branch1][C][=O][Branch2][Ring1][Ring1][C][=C][C][=C][Branch1][=Branch2][C][=C][N][=C][C][=N][Ring1][=Branch1][C][=C][Ring1][N][C][=C][C][=C][Branch2][Ring1][Ring1][C][=C][Branch1][C][F][C][Branch1][C][F][=C][C][Branch1][C][F][=C][Ring1][=Branch2][F][C][Branch1][C][Br][=C][Ring1][P],7.8598,1,train,O=S(=O)(c1ccc(-c2cnccn2)cc1)c1ccc(-c2c(F)c(F)cc(F)c2F)c(Br)c1
[N][#C][C][=C][C][=C][C][Branch1][C][N][=C][Ring1][#Branch1][C][#N],8.8725,1,train,N#Cc1cccc(N)c1C#N
[C][C][=C][N][Branch1][=Branch2][C][Branch1][C][F][Branch1][C][F][F][C][=Branch1][C][=O][NH1][C][Ring1][O][=O],9.8381,1,train,Cc1cn(C(F)(F)F)c(=O)[nH]c1=O
[N][C][=C][C][=C][C][=C][Ring1][=Branch1][C][=Branch1][C][=O][O],8.3498,1,train,Nc1ccccc1C(=O)O
[C][N][Branch1][C][C][C][=C][C][=C][N][=C][Branch1][=Branch2][C][=C][C][=C][C][=C][Ring1][=Branch1][S][C][Ring1][O][=C][Ring1][#C],6.8675,1,train,CN(C)c1ccc2nc(-c3ccccc3)sc2c1
[C][O][C][=Branch1][C][=O][C][N][=C][Branch1][Branch2][C][=C][C][=C][O][Ring1][Branch1][O][C][=Ring1][#Branch2][C],8.2082,1,train,COC(=O)c1nc(-c2ccco2)oc1C
[N][C][=C][C][=C][C][=Branch1][Ring2][=C][Ring1][=Branch1][C][=Branch1][C][=O][N][C][Ring1][#Branch1][=O],8.6236,1,train,Nc1ccc2c(c1)C(=O)NC2=O
[O][=C][C][Branch1][N][C][=C][C][=C][Branch1][C][O][C][=C][Ring1][#Branch1][=C][O][C][=C][C][Branch1][C][O][=C][C][Branch1][C][O][=C][Ring2][Ring1][Ring1][Ring1][Branch2],7.443,1,train,O=c1c(-c2ccc(O)cc2)coc2cc(O)cc(O)c12
[N][C][=C][C][=C][C][=N][Ring1][=Branch1],8.4499,1,train,Nc1ccccn1
[O][=C][Branch1][C][O][C][O][C][=C][C][=C][NH1][C][=C][Branch1][#Branch1][C][Ring1][Branch1][=C][Ring1][=Branch2][C][C][C][C][Ring1][Branch2][=O],7.5624,1,train,O=C(O)COc1ccc2[nH]c3c(c2c1)CCCC3=O
[C][N][Branch1][C][C][C][=C][C][=C][Branch2][Ring1][Branch2][C][=N][C][Branch1][=Branch2][C][=C][C][=C][C][=C][Ring1][=Branch1][=C][C][=C][C][=C][N][Ring1][#C][Ring1][=Branch1][C][=C][Ring2][Ring1][Branch1],6.295,1,train,CN(C)c1ccc(-c2nc(-c3ccccc3)c3ccccn23)cc1
[N][#C][C][=C][C][=C][Branch2][Ring1][=N][C][=C][C][=C][Branch2][Ring1][Ring1][C][=C][C][C][Branch1][=Branch2][C][=C][C][=C][C][=C][Ring1][=Branch1][C][C][Ring1][N][S][Ring1][P][S][Ring2][Ring1][=Branch1],7.1617,1,train,N#Cc1ccc(-c2ccc(C3=CCC(c4ccccc4)CC3)s2)s1
[O][=C][C][=C][C][=C][C][=C][Ring1][=Branch1][C][=Branch1][C][=O][N][Ring1][#Branch2][C][=C][Branch2][Ring1][#C][C][=C][C][=C][Branch1][=C][C][=C][NH1][C][=C][C][=C][C][=C][Ring1][=Branch2][Ring1][=Branch1][C][=C][C][=C][N][=C][Ring2][Ring1][Ring1][Ring1][=Branch1][C][=C][C][=N][S][N][=C][Ring2][Ring1][N][Ring1][Branch1],6.8317,1,train,O=C1c2ccccc2C(=O)N1c1c(-c2ccc(-c3c[nH]c4ccccc34)c3cccnc23)ccc2nsnc12
[C][C][N][Branch1][Ring1][C][C][C][=C][C][=C][Branch2][Ring1][N][C][=C][C][=C][Branch1][Ring2][S][Ring1][Branch1][C][Branch1][#Branch1][C][=Branch1][C][=O][O][C][=C][C][=Branch1][C][=O][N][Ring1][N][C][C][=C][Ring2][Ring1][Branch1],6.7675,1,train,CCN(CC)c1ccc(-c2cc3c(s2)c(C(=O)OC)cc(=O)n3C)cc1
[O][=C][C][=C][NH1][C][=Branch1][C][=O][NH1][Ring1][#Branch1],9.7209,1,train,O=c1cc[nH]c(=O)[nH]1
[N][#C][C][=C][C][=C][C][Branch1][Ring1][C][#N][=C][Ring1][Branch2][N],8.9239,1,train,N#Cc1cccc(C#N)c1N
[C][=C][C][=C][Branch2][Ring2][Branch1][C][=C][C][Branch2][Ring1][=Branch2][C][=C][C][=C][C][=C][C][=C][C][=C][C][=C][C][=C][Ring1][=C][C][Ring1][N][=C][Ring1][#Branch2][Ring1][=Branch1][=C][C][=N][Ring2][Ring1][=Branch1][N][=C][Ring2][Ring1][N],6.6943,1,train,c1ccc(-c2cc(-c3ccc4ccc5cccc6ccc3c4c56)ccn2)nc1
[C][O][C][=C][C][=C][Branch2][Ring1][P][C][#C][C][=N][C][=C][C][=C][C][=C][Ring1][=Branch1][N][=C][Ring1][#Branch2][C][=C][N][Branch1][C][C][C][=C][C][=C][C][=C][Ring1][#Branch2][Ring1][=Branch1][C][=C][Ring2][Ring1][N],6.5071,1,train,COc1ccc(C#Cc2nc3ccccc3nc2-c2cn(C)c3ccccc23)cc1
[F][C][Branch1][C][F][Branch1][C][F][C][Branch1][C][F][Branch1][C][F][C][Branch1][C][F][Branch1][C][F][C][Branch1][C][F][Branch1][C][F][C][Branch1][C][F][Branch1][C][F][C][Branch1][C][F][Branch1][C][F][C][C][O][C][=N][N][=C][Branch1][C][Cl][N][=N][Ring1][#Branch1],9.2088,1,train,FC(F)(F)C(F)(F)C(F)(F)C(F)(F)C(F)(F)C(F)(F)CCOc1nnc(Cl)nn1
[F][C][Branch1][C][F][Branch1][C][F][C][Branch1][C][F][Branch1][C][F][C][Branch1][C][F][Branch1][C][F][C][Branch1][C][F][Branch1][C][F][C][Branch1][C][F][Branch1][C][F][C][Branch1][C][F][Branch1][C][F][C][C][O][C][=N][N][=C][Branch1][C][Cl][N][=N][Ring1][#Branch1],9.2088,1,train,FC(F)(F)C(F)(F)C(F)(F)C(F)(F)C(F)(F)C(F)(F)CCOc1nnc(Cl)nn1
[C][C][=C][C][=C][C][=C][C][=Branch1][C][=O][N][Branch1][C][C][C][=Branch1][C][=O][N][Branch1][C][C][C][Ring1][#Branch2][=N][C][Ring1][=C][=C][Ring2][Ring1][C],8.0057,1,train,Cc1ccc2cc3c(=O)n(C)c(=O)n(C)c3nc2c1
[C][C][Branch1][C][C][C][=C][C][=C][C][=C][Ring1][=Branch1][N][Branch2][Ring2][Ring2][C][=C][C][=C][C][=Branch1][Ring2][=C][Ring1][=Branch1][C][=C][C][=C][C][=C][Ring1][=Branch1][C][=N][C][=C][C][=C][C][=C][Ring1][=Branch1][N][=C][Ring2][Ring1][Ring1][Ring1][#Branch2][C][=C][C][=C][C][=C][Ring1][=Branch1][Ring2][Ring2][Branch1],6.2081,1,train,CC1(C)c2ccccc2N(c2ccc3c(c2)c2ccccc2c2nc4ccccc4nc32)c2ccccc21
[C][C][=C][C][Branch1][C][C][=N][C][Branch1][C][N][=N][Ring1][Branch2],7.99,1,train,Cc1cc(C)nc(N)n1
[Cl][C][=C][C][=C][C][=Branch1][Ring2][=C][Ring1][=Branch1][C][=C][N][=C][C][=C][Ring1][=Branch1][N][Ring1][#Branch2][N][C][=C][C][=C][C][=C][Ring1][=Branch1][O][C][=C][C][Branch1][=C][C][=C][C][=C][C][=N][S][N][=C][Ring1][=Branch2][Ring1][Branch1][=C][C][=C][Ring1][#C][Ring2][Ring1][#Branch1],6.7056,1,train,Clc1ccc2c(c1)c1cnccc1n2N1c2ccccc2Oc2cc(-c3cccc4nsnc34)ccc21
[C][N][Branch1][C][C][C][=C][C][=C][Branch2][Ring1][P][C][=N][C][Branch1][S][C][=C][C][=C][Branch1][=Branch1][N][Branch1][C][C][C][C][=C][Ring1][=Branch2][=C][C][=C][C][=C][C][Ring1][=Branch1][=N][Ring2][Ring1][Ring1][C][=C][Ring2][Ring1][=Branch2],6.08,1,train,CN(C)c1ccc(-c2nc(-c3ccc(N(C)C)cc3)c3ccccc3n2)cc1
[C][=C][S][C][=C][C][Branch2][Ring2][O][C][=C][C][=N][C][Branch2][Ring1][#C][C][=C][C][=C][Branch2][Ring1][Ring1][N][C][=C][C][=C][C][O][C][=C][C][=Ring1][Branch1][C][=C][Ring1][=Branch2][Ring1][N][N][=C][Ring2][Ring1][C][=N][Ring2][Ring1][Branch2][=C][C][=C][Ring2][Ring1][=C][N][Ring2][Ring2][C],6.0128,1,train,C1=CSc2cc(-c3ccnc(-c4ccc(-n5ccc6cc7occc7cc65)nc4)n3)ccc2N1
[C][=C][N][=C][C][Branch2][Ring2][#C][C][=C][C][Branch1][Branch2][C][=C][C][=C][NH1][Ring1][Branch1][=C][C][=C][C][Branch2][Ring1][Ring1][C][=N][C][=N][C][NH1][C][=N][C][=Ring1][Branch1][N][=C][Ring1][=Branch2][NH1][Ring1][N][=C][C][Ring2][Ring1][C][=C][Ring2][Ring1][O][=C][Ring2][Ring1][P],6.6003,1,train,c1cncc(-c2cc(-c3ccc[nH]3)c3ccc(-c4nc5nc6[nH]cnc6nc5[nH]4)cc3c2)c1
[N][#C][C][=C][O][C][=C][C][=C][C][=C][Ring1][=Branch1][C][Ring1][#Branch2][=O],8.9873,1,train,N#Cc1coc2ccccc2c1=O
[C][=C][C][=C][C][=C][Ring1][=Branch1],9.3262,1,train,c1ccccc1
[C][#Branch1][S][#C][C][=N][C][=N][C][=C][C][=C][C][=C][Ring1][#Branch2][Ring1][=Branch1][C][=C][C][=C][Branch2][Ring1][Ring2][N][Branch1][=Branch2][C][=C][C][=C][C][=C][Ring1][=Branch1][C][=C][C][=C][C][=C][Ring1][=Branch1][C][=C][Ring2][Ring1][Ring1],6.5055,1,train,C(#Cc1ncnc2ccccc12)c1ccc(N(c2ccccc2)c2ccccc2)cc1
[N][#C][C][=C][O][C][=C][C][=C][C][=C][Ring1][=Branch1][C][Ring1][#Branch2][=O],8.9873,1,train,N#Cc1coc2ccccc2c1=O
[N][#C][C][=C][C][=C][C][=C][NH1][C][Ring1][Branch1][=C][Ring1][=Branch2],8.251,1,train,N#Cc1ccc2cc[nH]c2c1
[Cl][C][=C][Branch1][C][Cl][C][Branch1][=N][C][=N][C][S][C][=N][C][=Ring1][Branch1][S][Ring1][Branch2][=C][Branch1][C][Cl][C][Branch1][C][Cl][=C][Ring1][P][C][=C][NH1][C][Branch2][Ring1][Branch1][C][=C][C][=C][C][=C][C][=C][Ring1][=Branch1][C][=C][C][=C][C][=C][Ring1][=C][Ring1][=Branch1][=C][Ring2][Ring1][Ring1],7.0806,1,train,Clc1c(Cl)c(-c2nc3scnc3s2)c(Cl)c(Cl)c1-c1c[nH]c(-c2cc3ccccc3c3ccccc23)c1
[N][#C][C][=C][C][Branch1][Ring1][C][#N][=C][Branch2][Ring2][#Branch1][C][=N][C][=C][C][N][=C][Branch1][P][C][=C][C][=C][N][=C][N][Branch1][C][Br][C][Ring1][=Branch1][=C][Ring1][#Branch2][O][C][=Ring1][#C][C][=C][Ring2][Ring1][Ring1][O][Ring2][Ring1][=Branch1][C][Branch1][Ring1][C][#N][=C][Ring2][Ring1][S],8.007,1,train,N#Cc1cc(C#N)c(-c2nc3cc4nc(-c5ccc6ncn(Br)c6c5)oc4cc3o2)c(C#N)c1
[C][C][C][C][C][=C][C][Branch1][Ring1][C][=O][=C][C][=C][C][=C][Branch1][Branch1][C][C][C][C][C][=C][Branch1][=Branch2][N][C][C][C][C][C][Ring1][=Branch1][C][=C][C][=C][Ring2][Ring1][#Branch2][C][Ring2][Ring1][=Branch1][=C][Ring2][Ring1][Ring2][Ring1][=Branch1],6.5126,1,train,CCCCc1cc(C=O)c2ccc3c(CCCC)cc(N4CCCCC4)c4ccc1c2c34
[C][N][Branch1][C][C][C][=C][C][=C][Branch2][Ring1][S][C][=Branch1][=C][=C][C][=C][C][=C][Branch1][Ring1][C][#N][C][=C][Ring1][Branch2][C][=C][C][=C][Branch1][=Branch1][N][Branch1][C][C][C][C][=C][Ring1][=Branch2][C][=C][Ring2][Ring1][=Branch2],6.2314,1,train,CN(C)c1ccc(C(=Cc2ccc(C#N)cc2)c2ccc(N(C)C)cc2)cc1
[C][N][Branch1][C][C][C][=C][C][=C][Branch1][P][C][=Branch1][C][=O][N][C][=C][C][=C][C][Branch1][C][Cl][=C][Ring1][#Branch1][C][=C][Ring1][S],7.0407,1,train,CN(C)c1ccc(C(=O)Nc2cccc(Cl)c2)cc1
[O][=C][NH1][C][=C][C][=C][C][=C][Ring1][=Branch1][NH1][Ring1][=Branch2],8.3192,1,train,O=c1[nH]c2ccccc2[nH]1
[C][C][=C][N][Branch1][=Branch2][C][Branch1][C][F][Branch1][C][F][F][C][=Branch1][C][=O][NH1][C][Ring1][O][=O],9.8381,1,train,Cc1cn(C(F)(F)F)c(=O)[nH]c1=O
[C][O][C][=C][C][NH1][C][=C][Branch1][#C][C][=Ring1][Branch1][C][=C][Ring1][=Branch2][O][C][C][=Branch1][C][=O][O][C][C][C][C][Ring1][=C][=O],7.3855,1,train,COc1cc2[nH]c3c(c2cc1OCC(=O)O)CCCC3=O
[C][O][C][=Branch1][C][=O][C][C][Branch1][#Branch1][C][=Branch1][C][=O][O][C][=C][C][=C][C][Branch1][C][C][=N][N][Ring1][#Branch1][C][=Ring1][=C][C],7.9409,1,train,COC(=O)c1c(C(=O)OC)c2ccc(C)nn2c1C
[O][=C][C][=C][C][=C][Branch2][Ring1][S][O][C][=C][C][=C][C][=C][Branch1][=Branch2][C][=C][C][=C][Ring1][#Branch2][Ring1][=Branch1][C][=Branch1][C][=O][N][Branch1][Ring2][C][C][O][C][Ring1][=C][=O][C][=C][Ring2][Ring1][=Branch2],7.9025,1,train,O=Cc1ccc(Oc2ccc3c4c(cccc24)C(=O)N(CCO)C3=O)cc1
[O][C][=C][Branch2][Ring1][#Branch2][C][=N][C][=C][C][=C][C][=C][C][Ring1][=Branch1][=C][C][=C][C][=C][C][Ring1][=Branch1][=C][Ring1][=C][NH1][Ring1][P][C][=C][C][=C][Ring2][Ring1][#Branch1][C][C][C][N][Ring1][=Branch1][C][C][C][Ring1][#Branch2],6.1269,1,train,Oc1c(-c2nc3c4ccccc4c4ccccc4c3[nH]2)cc2c3c1CCCN3CCC2
[C][C][=C][C][=Branch1][C][=O][NH1][C][=Branch1][C][=O][NH1][Ring1][Branch2],9.3421,1,train,Cc1cc(=O)[nH]c(=O)[nH]1
[N][#C][C][=C][C][=C][Branch1][C][N][C][=N][O][N][=C][Ring1][#Branch2][Ring1][Branch1],8.8095,1,train,N#Cc1ccc(N)c2nonc12
[N][C][=C][C][=C][C][=N][Ring1][=Branch1],8.4499,1,train,Nc1ccccn1
[N][#C][C][=C][Branch1][Ring1][C][#N][C][Branch1][Ring1][C][#N][=C][Branch2][Ring2][Branch1][C][=N][C][=N][C][Branch1][=Branch2][C][Branch1][C][F][Branch1][C][F][F][=N][C][=N][C][Branch1][Ring1][C][=O][=N][C][=Branch1][Branch1][=N][Ring2][Ring1][C][N][Ring1][=Branch2][Ring1][P][C][Branch1][Ring1][C][#N][=C][Ring2][Ring1][#C][C][#N],9.4712,1,train,N#Cc1c(C#N)c(C#N)c(C2=NC3=NC(C(F)(F)F)=NC4=NC(C=O)=NC(=N2)N43)c(C#N)c1C#N
[C][C][=C][C][=C][Branch2][Ring2][O][N][C][=C][C][=C][C][=C][Ring1][=Branch1][C][=C][C][Branch2][Ring1][Ring1][C][=Branch1][Branch2][=C][Branch1][Ring1][C][#N][C][#N][C][=C][C][=C][C][=C][Ring1][=Branch1][=C][C][=C][Ring2][Ring1][C][Ring2][Ring1][=Branch2][C][=C][Ring2][Ring1][#C],7.1093,1,train,Cc1ccc(-n2c3ccccc3c3cc(C(=C(C#N)C#N)c4ccccc4)ccc32)cc1
[Cl][C][=C][Branch1][#C][N][C][=C][S][C][=C][C][=C][C][=C][Ring1][=Branch1][Ring1][#Branch2][C][=C][C][=C][Branch1][Branch2][C][=C][C][=C][O][Ring1][Branch1][C][=C][C][=C][C][=C][C][=C][C][=C][C][Branch1][O][C][Ring2][Ring1][P][=C][Ring2][Ring1][Branch1][Ring1][N][=C][Ring1][Branch2][Ring1][N],5.9802,1,train,Clc1c(N2C=CSc3ccccc32)cc2cc(-c3ccco3)cc3c4cccc5cccc(c1c23)c54
[C][C][=C][C][=C][C][=N][C][C][=Branch1][C][=O][NH1][C][=Branch1][C][=O][NH1][C][=Ring1][Branch2][N][=C][Ring1][S][Ring1][N],8.2064,1,train,Cc1cccc2nc3c(=O)[nH]c(=O)[nH]c3nc12
[N][#C][C][=C][C][=C][N][=C][NH1][C][=Branch1][C][=O][NH1][C][=Branch1][C][=O][C][Ring1][Branch2][=N][C][Ring1][N][=C][Ring1][S],8.6387,1,train,N#Cc1ccc2nc3[nH]c(=O)[nH]c(=O)c3nc2c1
[N][#C][C][=C][O][C][=C][C][=C][C][=C][Ring1][=Branch1][C][Ring1][#Branch2][=O],8.9873,1,train,N#Cc1coc2ccccc2c1=O
[C][N][Branch1][C][C][C][=C][C][=C][Branch2][Ring1][P][C][=N][C][Branch1][S][C][=C][C][=C][Branch1][=Branch1][N][Branch1][C][C][C][C][=C][Ring1][=Branch2][=C][C][=C][C][=C][C][Ring1][=Branch1][=N][Ring2][Ring1][Ring1][C][=C][Ring2][Ring1][=Branch2],6.08,1,train,CN(C)c1ccc(-c2nc(-c3ccc(N(C)C)cc3)c3ccccc3n2)cc1
[C][C][N][Branch1][Ring1][C][C][C][=C][C][=C][Branch2][Ring1][=Branch1][C][=C][C][=N][C][=N][C][=C][C][=C][C][=C][Ring1][=Branch1][N][=C][Ring1][#Branch2][S][Ring1][=N][C][Branch1][Ring1][O][C][=C][Ring2][Ring1][#Branch1],6.52,1,train,CCN(CC)c1ccc(C=Cc2nc3nc4ccccc4nc3s2)c(OC)c1
[C][C][C][C][=Branch1][C][=O][C][=C][C][=Branch2][Ring2][Ring2][=C][Branch1][Branch2][C][=Branch1][C][=O][C][C][C][C][=C][Ring1][O][O][C][Branch1][Branch2][C][C][=Branch1][C][=O][O][C][Branch1][=Branch1][C][=Branch1][C][=O][O][O][Ring1][=N][O][C][O][Ring2][Ring1][Branch2],7.7254,1,train,CCCC(=O)c1c2c(c(C(=O)CCC)c3c1OC(CC(=O)OC)(C(=O)O)O3)OCO2
[C][O][C][=Branch1][C][=O][C][Branch2][Ring1][P][C][C][=C][C][=C][O][C][Branch1][S][C][=C][C][=C][Branch1][=Branch1][N][Branch1][C][C][C][C][=C][Ring1][=Branch2][=N][C][Ring1][=C][=C][Ring2][Ring1][C][N][C][=Branch1][C][=O][O][C][Branch1][C][C][Branch1][C][C][C],6.7918,1,train,COC(=O)C(Cc1ccc2oc(-c3ccc(N(C)C)cc3)nc2c1)NC(=O)OC(C)(C)C
[N][#C][C][=C][C][=C][Branch1][C][N][C][=N][O][N][=C][Ring1][#Branch2][Ring1][Branch1],8.8095,1,train,N#Cc1ccc(N)c2nonc12
[C][C][O][C][=Branch1][C][=O][C][C][=C][Branch1][C][C][N][N][=C][Branch1][=Branch2][C][=C][C][=C][C][=C][Ring1][=Branch1][C][=C][C][=Ring1][S][Ring1][N],7.5907,1,train,CCOC(=O)c1cc(C)n2nc(-c3ccccc3)ccc12
[N][#C][C][=C][C][Branch2][Ring1][Branch1][C][#C][C][=C][Branch1][C][F][C][Branch1][C][F][=N][C][Branch1][C][F][=C][Ring1][=Branch2][F][=C][Branch2][Ring1][Branch1][C][#C][C][=C][Branch1][C][F][C][Branch1][C][F][=N][C][Branch1][C][F][=C][Ring1][=Branch2][F][C][=C][Ring2][Ring1][=C][C][#N],9.2038,1,train,N#Cc1cc(C#Cc2c(F)c(F)nc(F)c2F)c(C#Cc2c(F)c(F)nc(F)c2F)cc1C#N
[N][C][=C][C][=C][C][Branch1][=Branch2][C][Branch1][C][F][Branch1][C][F][F][=C][C][=Branch1][C][=O][O][C][Ring1][O][=C][Ring1][#C],8.8053,1,train,Nc1ccc2c(C(F)(F)F)cc(=O)oc2c1
[C][C][=C][N][Branch1][=Branch2][C][Branch1][C][F][Branch1][C][F][F][C][=Branch1][C][=O][NH1][C][Ring1][O][=O],9.8381,1,train,Cc1cn(C(F)(F)F)c(=O)[nH]c1=O
[C][O][C][=C][C][=C][Branch2][Ring1][S][C][=Branch1][C][=O][N][N][C][=C][Branch1][=N][C][C][=C][Ring1][=Branch1][C][C][C][C][Ring1][=Branch1][=O][C][=Branch1][C][=O][C][C][C][Ring1][#C][C][=C][Ring2][Ring1][=Branch2],7.0795,1,train,COc1ccc(C(=O)NN2C3=C(CC4=C2CCCC4=O)C(=O)CCC3)cc1
[F][C][Branch1][C][F][Branch1][C][F][C][Branch1][C][F][Branch1][C][F][C][Branch1][C][F][Branch1][C][F][C][Branch1][C][F][Branch1][C][F][C][Branch1][C][F][Branch1][C][F][C][Branch1][C][F][Branch1][C][F][C][C][O][C][=N][N][=C][Branch1][C][Cl][N][=N][Ring1][#Branch1],9.2088,1,train,FC(F)(F)C(F)(F)C(F)(F)C(F)(F)C(F)(F)C(F)(F)CCOc1nnc(Cl)nn1
[F][C][Branch1][C][F][Branch1][C][F][C][Branch1][C][F][Branch1][C][F][C][Branch1][C][F][Branch1][C][F][C][Branch1][C][F][Branch1][C][F][C][Branch1][C][F][Branch1][C][F][C][Branch1][C][F][Branch1][C][F][C][C][O][C][=N][N][=C][Branch1][C][Cl][N][=N][Ring1][#Branch1],9.1783,1,train,FC(F)(F)C(F)(F)C(F)(F)C(F)(F)C(F)(F)C(F)(F)CCOc1nnc(Cl)nn1
[N][C][=C][C][=C][C][Branch1][=Branch2][C][Branch1][C][F][Branch1][C][F][F][=C][C][=Branch1][C][=O][O][C][Ring1][O][=C][Ring1][#C],8.8053,1,train,Nc1ccc2c(C(F)(F)F)cc(=O)oc2c1
[N][#C][C][=C][C][=C][N][=C][NH1][C][=Branch1][C][=O][NH1][C][=Branch1][C][=O][C][Ring1][Branch2][=N][C][Ring1][N][=C][Ring1][S],8.6387,1,train,N#Cc1ccc2nc3[nH]c(=O)[nH]c(=O)c3nc2c1
[O][=C][C][=C][NH1][C][=Branch1][C][=O][NH1][Ring1][#Branch1],9.7209,1,train,O=c1cc[nH]c(=O)[nH]1
[N][#C][C][=C][Branch1][C][F][C][Branch1][C][F][=C][Branch1][Ring1][C][#N][C][O][C][=C][C][O][C][=C][Branch1][Ring1][C][#N][C][Branch1][C][F][=C][Branch1][C][F][C][Branch1][Ring1][C][#N][=C][Ring1][N][O][C][=Ring1][S][C][=C][Ring2][Ring1][Ring2][O][C][Ring2][Ring1][S][=Ring2][Ring1][Branch2],8.4371,1,train,N#Cc1c(F)c(F)c(C#N)c2oc3cc4oc5c(C#N)c(F)c(F)c(C#N)c5oc4cc3oc12
[F][C][Branch1][C][F][Branch1][C][F][C][Branch1][C][F][Branch1][C][F][C][Branch1][C][F][Branch1][C][F][C][Branch1][C][F][Branch1][C][F][C][Branch1][C][F][Branch1][C][F][C][Branch1][C][F][Branch1][C][F][C][C][O][C][=N][N][=C][Branch1][C][Cl][N][=N][Ring1][#Branch1],9.1783,1,train,FC(F)(F)C(F)(F)C(F)(F)C(F)(F)C(F)(F)C(F)(F)CCOc1nnc(Cl)nn1
[N][C][=C][C][=C][C][=C][Ring1][=Branch1][C][=Branch1][C][=O][C][=C][C][=C][C][=C][Ring1][=Branch1][Ring1][#Branch2],7.8018,1,train,Nc1cccc2c1C(=O)c1ccccc1-2
[N][C][=C][C][=C][C][Branch1][=Branch2][C][Branch1][C][F][Branch1][C][F][F][=C][C][=Branch1][C][=O][O][C][Ring1][O][=C][Ring1][#C],8.8053,1,train,Nc1ccc2c(C(F)(F)F)cc(=O)oc2c1
[C][C][Branch1][C][C][C][C][=C][Branch1][N][C][=C][C][=C][Branch1][C][N][C][=C][Ring1][#Branch1][S][C][=Ring1][N][C][S][C][Branch2][Ring1][Branch1][C][NH1][C][=N][C][=Ring1][Branch1][C][=C][C][=C][C][=N][S][N][=C][Ring1][=Branch2][Ring1][Branch1][=C][C][=Ring2][Ring1][Ring1][Ring2][Ring1][P],6.2424,1,train,CC1(C)c2cc(-c3ccc(N)cc3)sc2-c2sc(-c3[nH]cnc3-c3cccc4nsnc34)cc21
[O][=C][C][C][=Branch1][C][=O][N][C][=C][C][Branch1][=Branch1][C][=Branch1][C][=O][O][=C][C][=C][Ring1][=Branch2][N][Ring1][#C],8.6625,1,train,O=C1CC(=O)Nc2cc(C(=O)O)ccc2N1
[C][C][C][C][N][C][=C][C][=C][Branch1][=Branch2][C][=C][C][=C][C][=C][Ring1][=Branch1][C][=C][Ring1][N][C][=C][C][=C][C][=C][C][Branch1][=Branch2][C][=C][C][=C][C][=C][Ring1][=Branch1][=C][C][=C][Ring1][N][N][Branch1][Branch1][C][C][C][C][C][Ring2][Ring1][Ring1][=C][Ring2][Ring1][#Branch1][Ring2][Ring2][Ring2],6.1084,1,train,CCCCn1c2ccc(-c3ccccc3)cc2c2ccc3c4cc(-c5ccccc5)ccc4n(CCCC)c3c21
[C][N][Branch1][C][C][C][=C][C][=C][Branch2][Ring1][P][C][=N][C][Branch1][S][C][=C][C][=C][Branch1][=Branch1][N][Branch1][C][C][C][C][=C][Ring1][=Branch2][=C][C][=C][C][=C][C][Ring1][=Branch1][=N][Ring2][Ring1][Ring1][C][=C][Ring2][Ring1][=Branch2],6.0902,1,train,CN(C)c1ccc(-c2nc(-c3ccc(N(C)C)cc3)c3ccccc3n2)cc1
[C][=C][C][=C][Branch2][Ring1][C][C][=C][S][C][Branch1][=Branch2][C][=C][C][=N][C][=C][Ring1][=Branch1][=N][Ring1][O][C][=C][Ring1][P],7.6041,1,train,c1ccc(-c2csc(-c3ccncc3)n2)cc1
[O][=C][Branch1][C][O][C][C][C][C][N][Ring1][Branch1][C][=Branch1][C][=O][C][=C][C][=C][Branch2][Ring1][S][C][C][C][Branch1][#C][C][=C][C][=C][C][=C][C][=C][C][=C][Ring1][#Branch2][Ring1][=Branch1][=N][N][Ring1][#C][C][=C][C][=C][C][=C][Ring1][=Branch1][C][=C][Ring2][Ring1][O],6.4695,1,train,O=C(O)C1CCCN1C(=O)c1ccc(C2CC(c3cccc4ccccc34)=NN2c2ccccc2)cc1
[C][C][=Branch1][C][=O][C][C][=C][N][C][=C][Branch2][Ring1][C][C][Branch1][=Branch2][C][=C][C][=C][C][=C][Ring1][=Branch1][=C][Ring1][O][C][=Ring1][#C][C][N][Branch2][Ring1][C][C][C][C][N][C][=Branch1][C][=O][O][C][Branch1][C][C][Branch1][C][C][C][C][Ring2][Ring1][=Branch2][=O],7.1173,1,train,CC(=O)c1ccn2c3c(c(-c4ccccc4)c2c1)CN(CCCNC(=O)OC(C)(C)C)C3=O
[N][#C][C][=C][C][=C][Branch1][Ring1][C][#N][C][Branch1][C][N][=C][Ring1][=Branch2],8.8908,1,train,N#Cc1ccc(C#N)c(N)c1
[O][=C][C][=C][C][=C][C][C][=C][O][C][=Ring1][Branch1][C][=C][Ring1][=Branch2][O][Ring1][=N],8.5807,1,train,O=c1ccc2cc3ccoc3cc2o1
[N][#C][C][=C][C][=C][Branch1][C][N][C][=N][O][N][=C][Ring1][#Branch2][Ring1][Branch1],9.1886,1,train,N#Cc1ccc(N)c2nonc12
[O][C][=C][C][=C][Branch2][Ring1][=C][C][=C][Ring1][=Branch1][C][=N][C][=C][C][=C][C][=C][C][Ring1][=Branch1][=C][C][=C][C][=C][C][Ring1][=Branch1][=C][Ring1][=C][NH1][Ring1][P][C][=C][C][=C][C][=C][Ring1][=Branch1][N][Ring2][Ring1][N][C][=C][C][=C][C][=C][Ring1][=Branch1],6.3278,1,train,Oc1cc2c(cc1-c1nc3c4ccccc4c4ccccc4c3[nH]1)c1ccccc1n2-c1ccccc1
[C][O][C][=Branch1][C][=O][C][=N][O][C][Branch1][=Branch2][C][=C][C][=C][C][=C][Ring1][=Branch1][=C][Ring1][O][Cl],8.5736,1,train,COC(=O)c1noc(-c2ccccc2)c1Cl
[N][C][=C][C][=C][C][=N][C][Branch2][Ring2][N][C][=C][N][=C][C][=Branch1][Ring2][=C][Ring1][=Branch1][C][=C][C][=C][C][=C][Ring1][=Branch1][N][Ring1][#Branch2][C][=C][C][=C][C][=Branch1][Ring2][=C][Ring1][=Branch1][O][C][=C][C][=C][C][=C][Ring1][=Branch1][N][Ring1][O][=C][N][=C][Ring2][Ring2][Branch1][Ring2][Ring1][P],6.107,1,train,Nc1cccc2nc(-c3cnc4c(c3)c3ccccc3n4-c3ccc4c(c3)Oc3ccccc3N4)cnc12
[O][=C][C][=C][NH1][C][=Branch1][C][=O][NH1][Ring1][#Branch1],9.7209,1,train,O=c1cc[nH]c(=O)[nH]1
[C][C][=C][C][Branch1][=Branch2][C][Branch1][C][F][Branch1][C][F][F][=N][C][=C][Ring1][#Branch2][C][=C][C][=N][C][Branch1][N][C][=C][C][=C][Branch1][C][Cl][C][=C][Ring1][#Branch1][=C][N][Ring1][N][Ring1][S],7.6274,1,train,Cc1cc(C(F)(F)F)nc2c1ccc1nc(-c3ccc(Cl)cc3)cn12
[N][C][=C][C][=C][C][=C][Ring1][=Branch1][C][=Branch1][C][=O][O],8.2828,1,train,Nc1ccccc1C(=O)O
[C][=C][C][=C][Branch2][Ring1][Branch2][C][N][=C][Branch1][=Branch2][C][=C][C][=C][C][=C][Ring1][=Branch1][N][C][=C][C][=C][C][=Ring1][#C][Ring1][=Branch1][C][=C][Ring2][Ring1][Branch1],6.9053,1,train,c1ccc(-c2nc(-c3ccccc3)n3ccccc23)cc1
[C][S][C][S][C][Branch1][=Branch1][C][Branch1][C][N][=O][=C][N][=N][N][Branch1][C][C][C][=Branch1][C][=O][C][=Ring1][=C][Ring1][Branch2],7.8954,1,train,CSc1sc(C(N)=O)c2nnn(C)c(=O)c12
[C][O][C][=C][C][=C][C][=C][Ring1][=Branch1][C][=C][Branch1][#Branch2][C][=C][C][=C][C][=C][Ring1][=Branch1][O][N][=C][Branch2][Ring1][Ring1][C][=C][C][=C][Branch1][=Branch2][C][Branch1][C][F][Branch1][C][F][F][C][=C][Ring1][#Branch2][N][Ring2][Ring1][=Branch1][C][=C][C][=C][Branch1][C][C][C][=C][Ring1][#Branch1],6.9304,1,train,COc1ccccc1-c1c(-c2ccccc2O)nc(-c2ccc(C(F)(F)F)cc2)n1-c1ccc(C)cc1
[C][=C][C][=C][Branch2][Ring2][S][N][Branch1][=C][C][C][=C][N][C][=C][C][=C][C][=Ring1][=Branch2][Ring1][=Branch1][N][C][=C][C][=C][C][=C][Ring1][=Branch1][O][C][=C][C][Branch1][=Branch2][C][=C][N][=C][C][=N][Ring1][=Branch1][=C][C][=C][Ring1][N][Ring2][Ring1][Ring2][C][=C][Ring2][Ring2][Ring2],6.0345,1,train,c1ccc(N(c2ccn3ccccc23)N2c3ccccc3Oc3cc(-c4cnccn4)ccc32)cc1
[C][=C][N][Branch2][Ring2][#C][C][=C][C][=C][NH1][C][=C][C][=C][Branch2][Ring1][=Branch1][C][=N][C][=C][C][=C][C][=C][Ring1][=Branch1][N][=C][Ring1][#Branch2][C][=C][C][=C][S][Ring1][Branch1][C][=C][Ring2][Ring1][Branch1][C][Ring2][Ring1][Branch2][=C][Ring2][Ring1][N][C][=C][C][=C][C][=C][Ring1][=Branch1][O][Ring2][Ring2][=Branch1],5.8955,1,train,C1=CN(c2ccc3[nH]c4ccc(-c5nc6ccccc6nc5-c5cccs5)cc4c3c2)c2ccccc2O1
[F][C][Branch1][C][F][Branch1][C][F][C][Branch1][C][F][Branch1][C][F][C][Branch1][C][F][Branch1][C][F][C][Branch1][C][F][Branch1][C][F][C][Branch1][C][F][Branch1][C][F][C][Branch1][C][F][Branch1][C][F][C][C][O][C][=N][N][=C][Branch1][C][Cl][N][=N][Ring1][#Branch1],9.2088,1,train,FC(F)(F)C(F)(F)C(F)(F)C(F)(F)C(F)(F)C(F)(F)CCOc1nnc(Cl)nn1
[C][=C][C][=C][C][=C][C][Branch2][Ring1][#C][C][C][=C][C][=C][C][=C][N][Ring1][=Branch1][C][=Ring1][=Branch2][C][=C][C][Branch1][=Branch2][C][=C][N][=C][C][=N][Ring1][=Branch1][=C][NH1][Ring1][O][=C][C][=C][C][=C][C][Ring1][=Branch1][=C][C][Ring2][Ring1][=C][=C][C][Ring2][Ring2][C][=C][Ring2][Ring2][=Branch1],6.1288,1,train,c1ccc2cc3c(-c4cc5ccccn5c4-c4cc(-c5cnccn5)c[nH]4)c4ccccc4cc3cc2c1
[C][C][=C][N][Branch1][=Branch2][C][Branch1][C][F][Branch1][C][F][F][C][=Branch1][C][=O][NH1][C][Ring1][O][=O],9.8381,1,train,Cc1cn(C(F)(F)F)c(=O)[nH]c1=O
[N][#C][C][=C][Branch1][Ring1][C][#N][C][Branch1][Ring1][C][#N][=C][Branch2][Ring2][Branch1][C][=N][C][=N][C][Branch1][=Branch2][C][Branch1][C][F][Branch1][C][F][F][=N][C][=N][C][Branch1][Ring1][C][=O][=N][C][=Branch1][Branch1][=N][Ring2][Ring1][C][N][Ring1][=Branch2][Ring1][P][C][Branch1][Ring1][C][#N][=C][Ring2][Ring1][#C][C][#N],9.4712,1,train,N#Cc1c(C#N)c(C#N)c(C2=NC3=NC(C(F)(F)F)=NC4=NC(C=O)=NC(=N2)N43)c(C#N)c1C#N
[C][C][=C][N][Branch1][=Branch2][C][Branch1][C][F][Branch1][C][F][F][C][=Branch1][C][=O][NH1][C][Ring1][O][=O],9.8381,1,train,Cc1cn(C(F)(F)F)c(=O)[nH]c1=O
[C][N][Branch1][C][C][C][=N][C][Branch1][C][N][=C][N][=C][Branch1][Ring1][C][#N][N][Branch1][#Branch2][C][C][=C][C][=C][C][=C][Ring1][=Branch1][C][Ring1][=C][=N][Ring2][Ring1][Ring1],7.3737,1,train,CN(C)c1nc(N)c2nc(C#N)n(Cc3ccccc3)c2n1
[C][N][Branch1][C][C][C][=C][C][=C][Branch2][Ring2][Ring2][C][#C][C][=C][C][=C][Branch2][Ring1][=Branch1][C][=C][C][Branch1][=Branch1][N][Branch1][C][C][C][=C][C][=C][C][=C][C][Ring1][=Branch1][=C][Ring1][=N][C][=C][Ring2][Ring1][Ring1][C][=C][Ring2][Ring1][O],6.0408,1,train,CN(C)c1ccc(C#Cc2ccc(-c3cc(N(C)C)c4ccccc4c3)cc2)cc1
[C][#C][C][=C][C][=C][S][C][=C][Branch2][Ring2][N][C][=C][C][=C][Ring1][=Branch1][C][=C][C][Branch2][Ring1][Branch1][N][C][=C][C][=C][C][=C][Ring1][=Branch1][N][C][=C][C][=C][C][=C][Ring1][=Branch1][Ring1][=C][=C][C][=C][Ring2][Ring1][Ring2][N][Ring2][Ring1][#Branch1][Br][C][Ring2][Ring1][#C][=C][Ring2][Ring2][Ring1],5.9841,1,train,C#Cc1ccc2sc3c(ccc4c3c3cc(N5c6ccccc6Nc6ccccc65)ccc3n4Br)c2c1
[N][#C][C][=C][C][=C][Branch1][C][N][C][=N][O][N][=C][Ring1][#Branch2][Ring1][Branch1],8.8095,1,train,N#Cc1ccc(N)c2nonc12
[C][C][=C][C][Branch1][=Branch2][C][=C][C][=C][C][=C][Ring1][=Branch1][=N][C][=C][Ring1][N][C][=C][C][=N][C][Branch1][=Branch2][C][=C][C][=C][C][=C][Ring1][=Branch1][=C][N][Ring1][O][Ring1][#C],7.1057,1,train,Cc1cc(-c2ccccc2)nc2c1ccc1nc(-c3ccccc3)cn12
[N][C][=C][C][=C][C][Branch1][=Branch2][C][Branch1][C][F][Branch1][C][F][F][=C][C][=Branch1][C][=O][O][C][Ring1][O][=C][Ring1][#C],8.8053,1,train,Nc1ccc2c(C(F)(F)F)cc(=O)oc2c1
[C][=C][C][=C][Branch1][S][N][C][=C][C][=C][C][=C][C][=C][C][Ring1][=Branch1][=N][Ring1][#Branch2][C][=C][Ring1][P],7.2585,1,train,c1ccc(Nc2ccc3ccccc3n2)cc1
[C][C][=C][N][Branch1][=Branch2][C][Branch1][C][F][Branch1][C][F][F][C][=Branch1][C][=O][NH1][C][Ring1][O][=O],9.8381,1,train,Cc1cn(C(F)(F)F)c(=O)[nH]c1=O
[C][O][C][=C][C][=C][N][=C][C][=C][C][Ring1][=Branch1][=C][Ring1][#Branch2],7.8941,1,train,COc1ccc2ncccc2c1
[C][C][Branch1][C][C][Branch1][C][C][C][=C][C][=C][C][=C][C][=C][Branch1][=Branch2][C][Branch1][C][C][Branch1][C][C][C][C][=C][C][=C][C][=C][Ring2][Ring1][C][C][Ring1][S][=C][Ring1][=Branch1][Ring1][=C],6.699,1,train,CC(C)(C)c1ccc2ccc3c(C(C)(C)C)ccc4ccc1c2c43
[N][C][=C][C][=C][C][=C][Ring1][=Branch1][C][=Branch1][C][=O][N][C][Ring1][=Branch1][=O],8.6527,1,train,Nc1cccc2c1C(=O)NC2=O
[C][N][Branch1][C][C][C][=C][C][=C][C][=Branch1][Ring2][=C][Ring1][=Branch1][C][=Branch1][C][=O][N][C][Ring1][#Branch1][=O],7.9068,1,train,CN(C)c1ccc2c(c1)C(=O)NC2=O
[Cl][C][=N][C][Branch1][#Branch2][N][C][=C][C][=C][C][=C][Ring1][=Branch1][=N][C][Branch2][Ring1][=Branch1][N][C][=C][C][=C][C][=C][C][=C][C][=C][C][Ring1][=Branch1][=C][C][Ring1][#Branch2][=C][Ring1][=C][=N][Ring2][Ring1][N],6.7804,1,train,Clc1nc(Nc2ccccc2)nc(Nc2ccc3cc4ccccc4cc3c2)n1
[Cl][C][=C][C][=C][Branch2][Ring1][Ring1][C][=C][C][=C][C][C][=C][O][C][=Ring1][Branch1][C][=C][Ring1][=Branch2][NH1][Ring1][N][C][=C][C][Branch1][P][C][=C][C][=C][C][=Branch1][Ring2][=C][Ring1][=Branch1][O][C][=C][N][Ring1][#Branch1][=C][C][=C][Ring2][Ring1][S][Ring1][S],6.1131,1,train,Clc1ccc(-c2cc3cc4ccoc4cc3[nH]2)c2cc(-c3ccc4c(c3)OC=CN4)ccc12
[F][C][Branch1][C][F][Branch1][C][F][C][Branch1][C][F][Branch1][C][F][C][Branch1][C][F][Branch1][C][F][C][Branch1][C][F][Branch1][C][F][C][Branch1][C][F][Branch1][C][F][C][Branch1][C][F][Branch1][C][F][C][C][O][C][=N][N][=C][Branch1][C][Cl][N][=N][Ring1][#Branch1],9.2088,1,train,FC(F)(F)C(F)(F)C(F)(F)C(F)(F)C(F)(F)C(F)(F)CCOc1nnc(Cl)nn1
[C][=C][C][=C][C][=C][Ring1][=Branch1],9.3262,1,train,c1ccccc1
[C][O][C][=C][C][NH1][C][=C][Branch1][#C][C][=Ring1][Branch1][C][=C][Ring1][=Branch2][O][C][C][=Branch1][C][=O][O][C][C][C][C][Ring1][=C][=O],7.5137,1,train,COc1cc2[nH]c3c(c2cc1OCC(=O)O)CCCC3=O
[C][C][N][C][=C][C][=C][C][Branch1][=Branch2][C][Branch1][C][F][Branch1][C][F][F][=C][C][=Branch1][C][=O][O][C][Ring1][O][=C][Ring1][#C],8.3808,1,train,CCNc1ccc2c(C(F)(F)F)cc(=O)oc2c1
[N][#C][C][=C][C][=C][C][C][=C][NH1][C][Ring1][=Branch2][=Ring1][Branch1],8.2757,1,train,N#Cc1cccc2cc[nH]c12
[O][=C][C][=C][NH1][C][=Branch1][C][=O][NH1][Ring1][#Branch1],9.7209,1,train,O=c1cc[nH]c(=O)[nH]1
[C][O][C][=C][C][=C][C][=Branch1][C][=O][C][=C][Branch1][Branch2][NH1][C][Ring1][#Branch1][=C][Ring1][O][C][=C][C][Branch1][C][Cl][=C][C][=C][Ring1][#Branch1][N][C][Ring1][=C][Branch1][C][C][C],6.9377,1,train,COc1ccc2c(=O)c3c([nH]c2c1)-c1cc(Cl)ccc1NC3(C)C
[N][C][=C][C][=C][C][=C][C][=C][C][=C][C][=C][C][Branch1][=C][C][=C][C][=C][C][Ring2][Ring1][C][=C][Ring1][=Branch1][Ring1][S][=C][Ring1][N][Ring1][S],6.5376,1,train,Nc1ccc2c3cccc4cccc(c5cccc1c52)c43
[C][O][C][=Branch1][C][=O][C][=C][C][=Branch1][C][=O][N][Branch1][C][C][C][C][=C][Branch2][Ring1][=Branch1][C][=C][C][=C][Branch1][N][N][C][C][N][Branch1][C][C][C][C][Ring1][#Branch1][C][=C][Ring1][=N][S][C][Ring2][Ring1][Branch2][=Ring2][Ring1][C],6.637,1,train,COC(=O)c1cc(=O)n(C)c2cc(-c3ccc(N4CCN(C)CC4)cc3)sc12
[C][C][Branch1][C][C][=C][C][N][C][=Branch1][C][=O][C][=C][C][=C][C][=C][Ring1][=Branch1][C][=Branch1][=C][=C][C][O][C][Branch1][C][C][=N][C][=Ring1][=Branch1][Ring1][#Branch2][C][Ring2][Ring1][C][=O],7.6225,1,train,CC(C)=CCN1C(=O)c2cccc3c2c(cc2oc(C)nc23)C1=O
[C][C][C][C][N][C][=C][C][=C][C][=C][Ring1][=Branch1][C][=C][C][=C][C][=C][C][Branch1][#C][C][=C][C][=C][C][=C][C][=C][C][Ring1][=Branch1][=C][Ring1][#Branch2][=C][C][=C][Ring1][S][N][Branch1][Branch1][C][C][C][C][C][Ring2][Ring1][#Branch1][=C][Ring2][Ring1][O][Ring2][Ring2][C],6.0544,1,train,CCCCn1c2ccccc2c2ccc3c4cc(-c5ccc6ccccc6c5)ccc4n(CCCC)c3c21
[O][=C][C][=C][NH1][C][=Branch1][C][=O][NH1][Ring1][#Branch1],9.7209,1,train,O=c1cc[nH]c(=O)[nH]1
[C][C][=C][C][Branch1][C][C][=C][Branch1][C][C][C][Branch2][Ring1][Branch1][C][=C][C][=C][C][=C][Branch1][C][C][C][=Branch1][C][=O][O][C][Ring1][Branch2][=C][Ring1][N][=C][Ring2][Ring1][Ring2][C],7.4731,1,train,Cc1cc(C)c(C)c(-c2ccc3cc(C)c(=O)oc3c2)c1C
[C][C][=C][N][Branch1][=Branch2][C][Branch1][C][F][Branch1][C][F][F][C][=Branch1][C][=O][NH1][C][Ring1][O][=O],9.8381,1,train,Cc1cn(C(F)(F)F)c(=O)[nH]c1=O
[C][C][=C][S][C][=Ring1][Branch1],9.0193,1,train,c1ccsc1
[C][O][C][=C][C][=C][Branch1][#C][C][#C][C][=C][C][=C][Branch1][Ring1][C][#N][C][=C][Ring1][Branch2][C][=C][Ring1][S][O][C],7.4095,1,train,COc1ccc(C#Cc2ccc(C#N)cc2)cc1OC
[N][#C][C][=C][C][=C][Branch1][C][N][C][=C][Ring1][#Branch1][C][#N],8.8376,1,train,N#Cc1ccc(N)cc1C#N
[O][=C][C][=C][Branch1][C][O][C][Branch1][=C][C][=N][C][=C][C][=C][C][=C][Ring1][=Branch1][S][Ring1][=Branch2][=C][C][=C][C][=C][C][=C][Ring2][Ring1][Ring2][Ring1][=Branch1],7.5825,1,train,O=Cc1c(O)c(-c2nc3ccccc3s2)cc2ccccc12
[O][=C][O][C][=C][C][=C][C][=C][Ring1][=Branch1][C][=C][Ring1][#Branch2][C][=N][C][=C][C][=C][C][=C][Ring1][=Branch1][O][Ring1][=Branch2],8.0395,1,train,O=c1oc2ccccc2cc1-c1nc2ccccc2o1
[C][#Branch1][=C][#C][C][=N][C][S][C][=N][C][=Ring1][Branch1][S][Ring1][Branch2][C][=N][C][=C][C][O][C][Branch2][Ring1][Branch1][C][=C][C][=C][C][=C][C][=C][C][=C][C][Ring1][=Branch1][=C][C][Ring1][#Branch2][=C][Ring1][=C][=N][C][=Ring2][Ring1][Ring1][C][=C][Ring2][Ring1][#Branch1][O][Ring2][Ring1][#Branch2],6.8744,1,train,C(#Cc1nc2scnc2s1)c1nc2cc3oc(-c4ccc5cc6ccccc6cc5c4)nc3cc2o1
[O][C][=C][Branch2][Ring1][#Branch2][C][=N][C][=C][C][=C][C][=C][C][Ring1][=Branch1][=C][C][=C][C][=C][C][Ring1][=Branch1][=C][Ring1][=C][NH1][Ring1][P][C][=C][C][=C][Ring2][Ring1][#Branch1][C][C][C][N][Ring1][=Branch1][C][C][C][Ring1][#Branch2],6.0446,1,train,Oc1c(-c2nc3c4ccccc4c4ccccc4c3[nH]2)cc2c3c1CCCN3CCC2
[N][#C][C][=C][C][=C][C][=C][Branch1][C][O][C][=C][Ring1][#Branch1][O][C][Ring1][O][=O],9.0246,1,train,N#Cc1cc2ccc(O)cc2oc1=O
[C][O][C][=C][C][Branch1][=Branch1][C][=Branch1][C][=O][O][=C][C][=C][Ring1][=Branch2][O],8.2779,1,train,COc1cc(C(=O)O)ccc1O
[N][#C][C][=C][C][=C][Branch1][C][N][C][=N][O][N][=C][Ring1][#Branch2][Ring1][Branch1],9.1886,1,train,N#Cc1ccc(N)c2nonc12
[N][#C][C][N][=N][N][Branch2][Ring1][C][C][=C][C][=N][C][=C][C][Branch1][C][Cl][=C][C][=C][Ring1][O][Ring1][#Branch1][C][=Ring1][S][N],8.1325,1,train,N#Cc1nnn(-c2ccnc3cc(Cl)ccc23)c1N
[C][O][C][=C][C][=C][C][=C][Branch2][Ring1][Ring1][C][=C][C][=C][Branch1][=Branch2][C][Branch1][C][F][Branch1][C][F][F][C][=C][Ring1][#Branch2][O][C][=Branch1][C][=O][C][Ring1][P][=C][Ring2][Ring1][Branch1],8.0753,1,train,COc1ccc2cc(-c3ccc(C(F)(F)F)cc3)oc(=O)c2c1
[N][#C][C][=C][C][=C][C][=C][C][=C][C][=C][Ring1][#Branch2][Ring1][=Branch1],8.3922,1,train,N#Cc1cccc2ccccc12
[N][C][=C][C][=C][C][=Branch1][Ring2][=C][Ring1][=Branch1][C][C][=C][C][=C][C][=C][Ring1][=Branch1][Ring1][#Branch2],7.0937,1,train,Nc1ccc2c(c1)Cc1ccccc1-2
[O][=C][O][C][=C][C][=C][C][=C][Ring1][=Branch1][C][=C][Ring1][#Branch2][C][=C][C][=C][C][Branch1][S][C][=C][C][=C][C][=C][C][=C][Ring1][=Branch1][O][C][Ring1][#Branch2][=O][=C][Ring1][P],7.7029,1,train,O=c1oc2ccccc2cc1-c1cccc(-c2cc3ccccc3oc2=O)c1
[C][=C][C][=C][Branch2][Ring2][#Branch2][C][=C][C][=C][C][Branch1][=Branch2][C][=C][C][=N][C][=N][Ring1][=Branch1][=C][C][=C][Branch1][Branch2][C][C][=C][NH1][C][=Ring1][Branch1][C][=C][C][Ring1][O][=C][C][Ring2][Ring1][Branch1][=C][Ring2][Ring1][=Branch2][C][=C][Ring2][Ring1][#C],6.4979,1,train,c1ccc(-c2ccc3c(-c4ccncn4)c4cc(-c5cc[nH]c5)ccc4cc3c2)cc1
[C][S][=Branch1][C][=O][=Branch1][C][=O][C][=C][C][=C][Branch2][Ring1][Branch1][C][=C][C][=C][C][=C][Branch1][C][N][C][=C][Ring1][#Branch1][C][=Branch1][C][=O][O][Ring1][N][C][=C][Ring2][Ring1][C],7.6039,1,train,CS(=O)(=O)c1ccc(-c2cc3ccc(N)cc3c(=O)o2)cc1
[N][C][=C][C][=C][C][=C][Ring1][=Branch1][C][=Branch1][C][=O][N][C][Ring1][=Branch1][=O],8.6527,1,train,Nc1cccc2c1C(=O)NC2=O
[C][N][C][C][=C][S][C][=Ring1][Branch1][C][S][C][Branch2][Ring2][=Branch1][N][C][=C][C][=C][C][=C][Ring1][=Branch1][N][Branch1][#C][C][=N][C][=C][N][Ring1][Branch1][C][C][=C][NH1][C][=Ring1][Branch1][C][=C][C][=C][C][=C][Ring1][=Branch1][Ring2][Ring1][Branch2][=C][C][=Ring2][Ring1][=N][Ring2][Ring2][Ring1],6.0798,1,train,Cn1c2ccsc2c2sc(N3c4ccccc4N(c4nccn4-c4cc[nH]c4)c4ccccc43)cc21
[N][#C][C][=C][C][Branch2][Ring1][Branch1][C][#C][C][=C][Branch1][C][F][C][Branch1][C][F][=N][C][Branch1][C][F][=C][Ring1][=Branch2][F][=C][Branch2][Ring1][Branch1][C][#C][C][=C][Branch1][C][F][C][Branch1][C][F][=N][C][Branch1][C][F][=C][Ring1][=Branch2][F][C][=C][Ring2][Ring1][=C][C][#N],9.2038,1,train,N#Cc1cc(C#Cc2c(F)c(F)nc(F)c2F)c(C#Cc2c(F)c(F)nc(F)c2F)cc1C#N
[N][#C][C][=C][C][=C][Branch1][C][N][C][=N][O][N][=C][Ring1][#Branch2][Ring1][Branch1],8.8095,1,train,N#Cc1ccc(N)c2nonc12
[N][#C][C][=C][NH1][C][=C][C][=C][C][=C][Ring1][=Branch2][Ring1][=Branch1],8.271,1,train,N#Cc1c[nH]c2ccccc12
[N][#C][C][=C][C][Branch1][C][N][=C][C][Branch1][Ring1][C][#N][=C][Ring1][=Branch2],8.8732,1,train,N#Cc1cc(N)cc(C#N)c1
[C][C][=C][Branch1][P][C][=C][C][=C][C][=Branch1][Ring2][=C][Ring1][=Branch1][S][C][=C][N][Ring1][#Branch1][C][=C][C][=C][Ring1][S][C][=C][C][=C][C][=C][C][=C][C][=C][C][=C][Ring1][=Branch1][C][Ring1][#Branch2][=C][Ring1][=C],6.0647,1,train,Cc1c(-c2ccc3c(c2)SC=CN3)cccc1-c1ccc2ccc3ccccc3c2c1
[C][C][=C][C][=C][N][=C][C][Ring1][=Branch1][=C][Branch1][C][C][C][=C][Ring1][O][NH1][C][=C][C][=C][C][=C][Ring1][=Branch1][Ring1][=Branch2],6.8963,1,train,Cc1c2ccncc2c(C)c2c1[nH]c1ccccc12
[N][C][=C][C][=C][C][Branch1][=Branch2][C][Branch1][C][F][Branch1][C][F][F][=C][C][=Branch1][C][=O][O][C][Ring1][O][=C][Ring1][#C],8.8053,1,train,Nc1ccc2c(C(F)(F)F)cc(=O)oc2c1
[C][O][C][=C][C][=C][Branch2][Ring2][=N][C][=C][C][=C][C][=Branch1][Ring2][=C][Ring1][=Branch1][C][C][C][=C][C][Branch1][=N][C][=C][C][=C][Branch1][Ring1][O][C][C][=C][Ring1][Branch2][=C][C][=Branch1][#Branch1][=C][Ring1][=C][Ring2][Ring1][Ring1][C][C][Ring2][Ring1][=Branch1][C][=C][Ring2][Ring1][=C],6.4477,1,train,COc1ccc(-c2cc3c4c(c2)CCc2cc(-c5ccc(OC)cc5)cc(c2-4)CC3)cc1
[C][=C][C][=C][NH1][N][=C][C][Ring1][Branch1][=C][Ring1][=Branch2],8.4045,1,train,c1ccc2[nH]ncc2c1
[C][C][O][C][=Branch1][C][=O][C][S][C][Branch1][Ring1][S][C][=C][C][=Branch1][C][=O][NH1][N][=N][C][=Ring1][N][Ring1][#Branch1],7.9602,1,train,CCOC(=O)c1sc(SC)c2c(=O)[nH]nnc12
[F][C][Branch1][C][F][Branch1][C][F][C][Branch1][C][F][Branch1][C][F][C][Branch1][C][F][Branch1][C][F][C][Branch1][C][F][Branch1][C][F][C][Branch1][C][F][Branch1][C][F][C][Branch1][C][F][Branch1][C][F][C][C][O][C][=N][N][=C][Branch1][C][Cl][N][=N][Ring1][#Branch1],9.1783,1,train,FC(F)(F)C(F)(F)C(F)(F)C(F)(F)C(F)(F)C(F)(F)CCOc1nnc(Cl)nn1
[C][C][Branch1][C][C][C][C][C][C][Branch1][C][C][Branch1][C][C][N][Ring1][=Branch2][C][Branch1][S][C][N][C][=C][S][C][=C][C][=C][C][=C][Ring1][=Branch1][Ring1][#Branch2][C][=C][C][=C][Branch1][N][C][=C][C][=N][S][N][=C][Ring1][Branch1][Ring1][=Branch2][C][=N][S][N][=C][Ring1][S][Ring1][Branch1],5.9339,1,train,CC1(C)CCCC(C)(C)N1C(CN1C=CSc2ccccc21)c1cc2c(ccc3nsnc32)c2nsnc12
[O][=C][C][=C][NH1][C][=Branch1][C][=O][NH1][Ring1][#Branch1],9.7209,1,train,O=c1cc[nH]c(=O)[nH]1
[C][C][N][C][=C][Branch2][Ring1][Ring1][C][=N][C][=N][C][NH1][C][=N][C][=Ring1][Branch1][N][=C][Ring1][=Branch2][NH1][Ring1][N][C][=C][C][Branch2][Ring1][Ring1][C][=C][Branch1][C][F][C][Branch1][C][F][=C][C][Branch1][C][F][=C][Ring1][=Branch2][F][=C][C][=C][Ring1][S][Ring2][Ring1][#C],6.9945,1,train,CCn1cc(-c2nc3nc4[nH]cnc4nc3[nH]2)c2cc(-c3c(F)c(F)cc(F)c3F)ccc21
[N][C][=C][C][=C][C][=N][C][=C][C][=C][Ring1][#Branch2][Ring1][=Branch1],7.7269,1,train,Nc1cccc2ncccc12
[C][C][C][Branch1][C][C][Branch1][C][C][C][=C][C][=C][Branch2][Ring1][#C][C][=C][C][=C][Branch2][Ring1][Ring2][C][=C][C][=C][Branch1][#Branch2][C][Branch1][C][C][Branch1][C][C][C][C][C][=C][Ring1][O][C][=C][Ring1][P][C][=C][Ring2][Ring1][#Branch1],7.01,1,train,CCC(C)(C)c1ccc(-c2ccc(-c3ccc(C(C)(C)CC)cc3)cc2)cc1
[C][C][=C][N][Branch1][=Branch2][C][Branch1][C][F][Branch1][C][F][F][C][=Branch1][C][=O][NH1][C][Ring1][O][=O],9.8381,1,train,Cc1cn(C(F)(F)F)c(=O)[nH]c1=O
[N][C][C][Branch2][Ring1][#Branch2][C][=C][C][=C][C][=Branch1][Ring2][=C][Ring1][=Branch1][C][=C][C][=C][C][=C][Ring1][=Branch1][S][Ring1][#Branch2][=Branch1][C][=O][=O][=C][O][C][=Ring2][Ring1][Ring2][C][=C][N][=C][O][Ring1][Branch1],7.4352,1,train,Nc1c(-c2ccc3c(c2)-c2ccccc2S3(=O)=O)coc1-c1cnco1
[C][O][C][=C][C][Branch1][Ring1][O][C][=C][C][=Branch1][Ring2][=C][Ring1][Branch2][C][=Branch1][C][=O][C][=C][C][=C][Branch1][Ring1][O][C][C][=C][Ring1][Branch2][Ring1][=N],7.3839,1,train,COc1cc(OC)c2c(c1)C(=O)c1ccc(OC)cc1-2
[C][C][=C][N][Branch1][=Branch2][C][Branch1][C][F][Branch1][C][F][F][C][=Branch1][C][=O][NH1][C][Ring1][O][=O],9.8381,1,train,Cc1cn(C(F)(F)F)c(=O)[nH]c1=O
[C][O][C][=N][C][Branch1][C][Cl][=N][C][Branch2][Ring1][S][N][C][=C][C][=C][C][=C][Branch1][=Branch2][C][=C][C][=C][Ring1][#Branch2][Ring1][=Branch1][C][=Branch1][C][=O][C][=C][C][=C][C][=C][Ring1][=Branch1][Ring1][#C][=N][Ring2][Ring1][#Branch2],7.416,1,train,COc1nc(Cl)nc(Nc2ccc3c4c(cccc24)C(=O)c2ccccc2-3)n1
[N][#C][C][=C][C][=C][NH1][C][=C][C][Ring1][Branch1][=C][Ring1][=Branch2],8.262,1,train,N#Cc1ccc2[nH]ccc2c1
[C][C][Branch1][C][C][C][=C][C][=C][C][=C][Ring1][=Branch1][N][Branch2][Ring1][P][C][=C][C][C][=C][C][=C][C][=C][Ring1][=Branch1][N][C][=C][C][=C][C][=C][Ring1][=Branch1][C][=Branch1][Branch1][=C][Ring2][Ring1][C][C][=Ring1][P][Ring1][#Branch2][C][=C][C][=C][C][=C][Ring1][=Branch1][Ring2][Ring2][C],6.3732,1,train,CC1(C)c2ccccc2N(c2cc3c4ccccc4n4c5ccccc5c(c2)c34)c2ccccc21
[C][C][C][C][C][=C][C][Branch1][Ring1][C][=O][=C][C][=C][C][=C][Branch1][Branch1][C][C][C][C][C][=C][Branch1][=Branch2][N][C][C][C][C][C][Ring1][=Branch1][C][=C][C][=C][Ring2][Ring1][#Branch2][C][Ring2][Ring1][=Branch1][=C][Ring2][Ring1][Ring2][Ring1][=Branch1],6.5126,1,train,CCCCc1cc(C=O)c2ccc3c(CCCC)cc(N4CCCCC4)c4ccc1c2c34
[C][C][=C][N][Branch1][=Branch2][C][Branch1][C][F][Branch1][C][F][F][C][=Branch1][C][=O][NH1][C][Ring1][O][=O],9.8381,1,train,Cc1cn(C(F)(F)F)c(=O)[nH]c1=O
[C][O][C][=C][C][Branch2][Ring1][=Branch1][C][=C][C][=C][C][=Branch1][Ring2][=C][Ring1][=Branch1][C][C][C][N][Ring1][#Branch1][C][C][C][Ring1][O][=N][C][Branch2][Ring1][=Branch2][C][=C][C][=C][NH1][C][C][=C][C][=C][C][=C][Ring1][=Branch1][NH1][C][=Ring1][=Branch2][C][Ring1][N][=C][Ring1][S][=N][Ring2][Ring2][Ring1],5.995,1,train,COc1cc(-c2cc3c4c(c2)CCCN4CCC3)nc(-c2ccc3[nH]c4c5ccccc5[nH]c4c3c2)n1
[C][N][C][=Branch1][C][=O][N][=C][N][Branch1][C][C][C][=C][C][=C][C][=C][Ring1][=Branch1][N][=C][Ring1][O][C][Ring1][S][=O],8.1196,1,train,Cn1c(=O)nc2n(C)c3ccccc3nc-2c1=O
[O][=C][C][=C][NH1][C][=Branch1][C][=O][NH1][Ring1][#Branch1],9.7209,1,train,O=c1cc[nH]c(=O)[nH]1
[C][C][=C][N][Branch1][=Branch2][C][Branch1][C][F][Branch1][C][F][F][C][=Branch1][C][=O][NH1][C][Ring1][O][=O],9.8381,1,train,Cc1cn(C(F)(F)F)c(=O)[nH]c1=O
[C][C][C][C][Branch1][Ring2][C][C][C][C][=C][C][=C][C][=C][Ring1][=Branch1][C][=C][C][=C][Branch1][=N][C][=C][C][=C][Branch1][Ring1][O][C][C][=C][Ring1][Branch2][C][=C][Ring1][=C][Ring2][Ring1][Branch2],6.9265,1,train,CCCC1(CCC)c2ccccc2-c2ccc(-c3ccc(OC)cc3)cc21
[O][=C][C][=C][NH1][C][=Branch1][C][=O][NH1][Ring1][#Branch1],9.7209,1,train,O=c1cc[nH]c(=O)[nH]1
[C][C][=Branch1][C][=O][N][Branch1][#Branch2][C][C][=C][C][=C][C][=N][Ring1][=Branch1][C][=C][C][=C][C][=C][C][Ring1][=Branch1][=C][C][=C][Branch1][=Branch2][C][=C][C][=C][Ring1][=C][Ring1][=Branch1][C][=Branch1][C][=O][N][Branch1][#Branch2][C][C][=C][C][=C][C][=N][Ring1][=Branch1][C][Ring2][Ring1][C][=O],7.0287,1,train,CC(=O)N(Cc1ccccn1)c1c2ccccc2c2c3c(cccc13)C(=O)N(Cc1ccccn1)C2=O
[C][O][C][=C][C][=C][C][=C][Ring1][=Branch1][C][=C][C][=C][C][=C][Ring1][=Branch1][C][Ring1][=Branch2][=O],7.8657,1,train,COc1cccc2c1-c1ccccc1C2=O
[C][C][=C][C][=Branch1][C][=O][NH1][C][=Branch1][C][=O][NH1][Ring1][Branch2],9.3421,1,train,Cc1cc(=O)[nH]c(=O)[nH]1
[C][O][O][C][C][=N][O][C][Branch1][=Branch2][C][=C][C][=C][C][=C][Ring1][=Branch1][=C][Ring1][O][Br],8.3415,1,train,COOCc1noc(-c2ccccc2)c1Br
[N][#C][C][=C][C][=C][Branch1][C][N][C][Branch1][Ring1][C][#N][=C][Ring1][=Branch2],8.8701,1,train,N#Cc1ccc(N)c(C#N)c1
[N][#C][C][=C][C][=C][Branch1][C][N][C][=N][O][N][=C][Ring1][#Branch2][Ring1][Branch1],8.8095,1,train,N#Cc1ccc(N)c2nonc12
[Cl][C][=C][C][=C][Branch2][Ring2][P][C][=C][C][Branch2][Ring2][Branch1][C][=C][C][=C][Branch2][Ring1][=Branch2][C][=C][N][=C][Branch1][=Branch2][C][=C][C][=C][C][=C][Ring1][=Branch1][C][=N][C][=C][N][=C][Ring1][S][Ring1][=Branch1][C][=C][Ring2][Ring1][=Branch1][=N][C][=N][Ring2][Ring1][N][C][=C][Ring2][Ring2][C],6.8675,1,train,Clc1ccc(-c2cc(-c3ccc(-c4cnc(-c5ccccc5)c5nccnc45)cc3)ncn2)cc1
[O][=C][C][=Branch2][Ring2][Ring2][=C][C][=Branch1][C][=O][C][=C][C][=C][C][=C][C][Ring1][=Branch1][=C][C][=C][C][=C][C][=C][C][=C][Ring1][=Branch1][C][Ring2][Ring1][Ring2][=C][Ring1][#Branch2][Ring2][Ring1][C][C][=Branch1][C][=O][C][=C][C][=C][C][=C][Ring1][=Branch1][Ring2][Ring1][#C],6.8747,1,train,O=C1C(=c2c(=O)c3c4ccccc4cc4cc5ccccc5c2c43)C(=O)c2ccccc21
[C][=C][C][=C][Branch2][Ring1][=C][C][N][=C][Branch1][=C][C][=C][NH1][C][=C][C][=C][C][=C][Ring1][=Branch2][Ring1][=Branch1][N][C][=C][C][=C][C][=Ring2][Ring1][C][Ring1][=Branch1][C][=C][Ring2][Ring1][Branch2],6.444,1,train,c1ccc(-c2nc(-c3c[nH]c4ccccc34)n3ccccc23)cc1
[N][#C][C][=C][O][C][=C][C][=C][C][=C][Ring1][=Branch1][C][Ring1][#Branch2][=O],8.9873,1,train,N#Cc1coc2ccccc2c1=O
[N][#C][C][=C][C][Branch2][Ring1][Branch1][C][#C][C][=C][Branch1][C][F][C][Branch1][C][F][=N][C][Branch1][C][F][=C][Ring1][=Branch2][F][=C][Branch2][Ring1][Branch1][C][#C][C][=C][Branch1][C][F][C][Branch1][C][F][=N][C][Branch1][C][F][=C][Ring1][=Branch2][F][C][=C][Ring2][Ring1][=C][C][#N],9.2038,1,train,N#Cc1cc(C#Cc2c(F)c(F)nc(F)c2F)c(C#Cc2c(F)c(F)nc(F)c2F)cc1C#N
[C][O][C][=C][C][=C][Branch2][Ring2][#Branch1][C][C][C][Branch1][N][C][=C][C][=C][Branch1][C][O][C][=C][Ring1][#Branch1][=N][N][Ring1][N][C][=C][C][=C][Branch1][=Branch2][S][Branch1][C][N][=Branch1][C][=O][=O][C][=C][Ring1][#Branch2][C][=C][Ring2][Ring1][N],6.8067,1,train,COc1ccc(C2CC(c3ccc(O)cc3)=NN2c2ccc(S(N)(=O)=O)cc2)cc1
[C][=C][S][C][Branch2][Branch1][Branch1][C][=C][C][=C][Branch1][Branch2][C][=C][N][=C][NH1][Ring1][Branch1][C][=C][C][=C][Branch2][Ring1][=Branch2][C][=C][C][=C][NH1][C][C][=C][C][=C][C][=C][Ring1][=Branch1][S][C][=Ring1][=Branch2][C][Ring1][N][=C][Ring1][S][N][=C][Ring2][Ring1][#C][Ring2][Ring1][=Branch1][=C][Ring2][Ring2][Ring2],6.4757,1,train,c1csc(-c2ccc(-c3cnc[nH]3)c3ccc(-c4ccc5[nH]c6c7ccccc7sc6c5c4)nc23)c1
[O][=C][Branch2][Ring2][#Branch2][C][=C][NH1][C][Branch2][Ring1][#C][C][=C][C][=C][C][=C][Ring1][=Branch1][NH1][C][=C][Ring1][Branch1][C][=C][C][C][=C][C][=C][C][=C][Ring1][=Branch1][NH1][C][=Ring1][=Branch2][Ring1][=N][=C][Ring2][Ring1][=Branch2][N][C][=C][S][C][=C][C][=C][C][=C][Ring1][=Branch1][Ring1][#Branch2],6.0065,1,train,O=C(c1c[nH]c(-c2cccc3c2[nH]c2c3ccc3c4ccccc4[nH]c32)c1)N1C=CSc2ccccc21
[C][C][C][C][C][C][N][Branch1][#Branch1][C][C][C][C][C][C][C][=C][C][=C][Branch2][Ring1][=N][C][#C][C][=C][C][=C][Branch1][S][N][Branch1][#Branch1][C][C][C][C][C][C][C][C][C][C][C][C][C][=C][Ring2][Ring1][Ring1][C][=C][Ring2][Ring1][O],5.9774,1,train,CCCCCCN(CCCCCC)c1ccc(C#Cc2ccc(N(CCCCCC)CCCCCC)cc2)cc1
[N][#C][C][=C][C][=C][C][=C][Branch1][=Branch2][C][Branch1][C][F][Branch1][C][F][F][C][=C][Ring1][#Branch2][C][=C][Ring1][=C][C][=C][C][=C][C][=C][C][=C][Ring1][=Branch1][Ring1][#Branch2],8.0139,1,train,N#Cc1cc2ccc(C(F)(F)F)cc2c2c1ccc1ccccc12
[C][=C][C][=C][C][=Branch1][#Branch2][=C][C][=C][C][Ring1][=Branch1][=C][Ring1][#Branch2][N][C][Branch2][Ring1][=Branch2][C][=C][C][=C][C][=C][C][=C][C][=C][C][=C][C][=C][Ring1][=C][C][Ring1][N][=C][Ring1][#Branch2][Ring1][=Branch1][N][Ring2][Ring1][O],6.4219,1,train,c1cc2c3c(cccc3c1)NC(c1ccc3ccc4cccc5ccc1c3c45)N2
[O][=C][Branch1][C][O][C][=C][C][=C][Branch1][=N][C][=C][C][=C][C][=C][C][=C][Ring1][=Branch1][Ring1][#Branch2][O][C][Ring1][=C][=O],8.3944,1,train,O=C(O)c1cc2c(ccc3ccccc32)oc1=O
[O][=C][C][=C][NH1][C][=Branch1][C][=O][NH1][Ring1][#Branch1],9.7209,1,train,O=c1cc[nH]c(=O)[nH]1
[C][C][C][C][C][C][C][Branch1][#Branch1][C][C][C][C][C][C][N][C][=Branch1][C][=O][C][=C][C][=C][C][=C][Branch1][=Branch2][C][=C][C][=C][C][=C][Ring1][=Branch1][C][=C][C][=Branch1][=Branch1][=C][Ring1][S][Ring1][N][C][Ring2][Ring1][Ring2][=O],7.451,1,train,CCCCCCC(CCCCCC)N1C(=O)c2cccc3c(-c4ccccc4)ccc(c23)C1=O
[C][N][Branch1][C][C][C][=C][C][=C][C][=C][Ring1][=Branch1][C][=C][C][=C][C][=C][Ring1][=Branch1][C][Ring1][=Branch2][=O],7.431,1,train,CN(C)c1cccc2c1-c1ccccc1C2=O
[C][C][=C][C][=Branch1][C][=O][NH1][C][=Branch1][C][=O][NH1][Ring1][Branch2],9.3421,1,train,Cc1cc(=O)[nH]c(=O)[nH]1
[C][O][C][=C][C][=C][N][=C][C][=C][C][Ring1][=Branch1][=C][Ring1][#Branch2],7.8941,1,train,COc1ccc2ncccc2c1
[N][#C][C][=C][C][Branch1][C][N][=C][C][Branch1][Ring1][C][#N][=C][Ring1][=Branch2],8.8732,1,train,N#Cc1cc(N)cc(C#N)c1
[C][O][C][=C][C][=C][C][=C][C][=C][C][=C][Branch1][Ring1][O][C][C][=C][C][Branch1][#C][C][=C][C][=C][C][Ring2][Ring1][Ring2][=C][Ring1][=Branch1][Ring2][Ring1][C][=C][Ring1][=C][Ring2][Ring1][C],6.2461,1,train,COc1ccc2c3cccc4c(OC)ccc(c5cccc1c52)c43
[C][C][=C][C][=C][C][=C][Ring1][=Branch1],8.7357,1,train,Cc1ccccc1
[C][O][C][=Branch1][C][=O][C][=N][C][Branch1][C][Br][=C][Branch1][=Branch2][C][=C][C][=C][C][=C][Ring1][=Branch1][O][Ring1][N],8.6149,1,train,COC(=O)c1nc(Br)c(-c2ccccc2)o1
[C][O][C][=N][C][Branch2][Ring2][Ring1][N][C][=C][C][=C][C][=C][C][=C][C][=C][C][=C][C][Branch1][=C][C][=C][C][=C][C][Ring2][Ring1][C][=C][Ring1][=Branch1][Ring1][S][=C][Ring1][N][Ring1][S][=N][C][Branch1][Ring1][O][C][=N][Ring2][Ring1][=N],6.4488,1,train,COc1nc(Nc2ccc3c4cccc5cccc(c6cccc2c63)c54)nc(OC)n1
[N][#C][C][=C][Branch1][Ring1][C][#N][C][Branch1][Ring1][C][#N][=C][Branch2][Ring2][Branch1][C][=N][C][=N][C][Branch1][=Branch2][C][Branch1][C][F][Branch1][C][F][F][=N][C][=N][C][Branch1][Ring1][C][=O][=N][C][=Branch1][Branch1][=N][Ring2][Ring1][C][N][Ring1][=Branch2][Ring1][P][C][Branch1][Ring1][C][#N][=C][Ring2][Ring1][#C][C][#N],9.4712,1,train,N#Cc1c(C#N)c(C#N)c(C2=NC3=NC(C(F)(F)F)=NC4=NC(C=O)=NC(=N2)N43)c(C#N)c1C#N
[C][N][C][Branch1][=C][C][=Branch1][C][=O][N][C][=C][C][=C][C][=N][Ring1][=Branch1][=C][Branch1][C][O][C][=C][C][=C][C][=C][Ring1][=Branch1][S][Ring2][Ring1][Ring2][=Branch1][C][=O][=O],7.4981,1,train,CN1C(C(=O)Nc2ccccn2)=C(O)c2ccccc2S1(=O)=O
[C][C][=C][N][Branch1][=Branch2][C][Branch1][C][F][Branch1][C][F][F][C][=Branch1][C][=O][NH1][C][Ring1][O][=O],9.8381,1,train,Cc1cn(C(F)(F)F)c(=O)[nH]c1=O
[Br][C][=C][C][=C][C][C][=C][Branch2][Ring1][=Branch1][C][C][=C][NH1][C][=Ring1][Branch1][C][=C][C][=C][C][=C][C][=C][C][Ring1][=Branch1][=C][Ring1][#Branch2][O][C][=Ring2][Ring1][Ring2][C][=C][Ring2][Ring1][Branch2][NH1][Ring2][Ring1][O],6.6668,1,train,Brc1cc2cc3cc(-c4cc[nH]c4-c4ccc5ccccc5c4)oc3cc2[nH]1
[C][O][C][=Branch1][C][=O][C][Branch2][Ring1][P][C][C][=C][C][=C][O][C][Branch1][S][C][=C][C][=C][Branch1][=Branch1][N][Branch1][C][C][C][C][=C][Ring1][=Branch2][=N][C][Ring1][=C][=C][Ring2][Ring1][C][N][C][=Branch1][C][=O][O][C][Branch1][C][C][Branch1][C][C][C],6.7649,1,train,COC(=O)C(Cc1ccc2oc(-c3ccc(N(C)C)cc3)nc2c1)NC(=O)OC(C)(C)C
[O][=C][O][C][=C][C][=C][C][=C][Ring1][=Branch1][C][=C][Ring1][#Branch2][C][=N][C][=C][C][=C][C][=C][Ring1][=Branch1][O][Ring1][=Branch2],8.0395,1,train,O=c1oc2ccccc2cc1-c1nc2ccccc2o1
[C][=C][C][=C][Branch2][Branch1][Ring1][N][Branch2][Ring1][C][C][=C][C][=C][Branch1][Branch2][C][=C][N][=C][NH1][Ring1][Branch1][C][=C][Ring1][O][C][=N][C][=C][C][Branch1][=C][C][=C][C][=C][N][=C][NH1][C][Ring1][Branch1][=C][Ring1][=Branch2][=C][C][=C][Ring1][#C][S][Ring2][Ring1][C][C][=C][Ring2][Ring2][Ring2],6.5944,1,train,c1ccc(N(c2ccc(-c3cnc[nH]3)cc2)c2nc3cc(-c4ccc5nc[nH]c5c4)ccc3s2)cc1
[C][C][C][C][N][C][=C][C][=C][C][=C][Ring1][=Branch1][C][=C][C][=C][C][=C][C][Branch1][#C][C][=C][C][=C][C][=C][C][=C][C][Ring1][=Branch1][=C][Ring1][#Branch2][=C][C][=C][Ring1][S][N][Branch1][Branch1][C][C][C][C][C][Ring2][Ring1][#Branch1][=C][Ring2][Ring1][O][Ring2][Ring2][C],6.0522,1,train,CCCCn1c2ccccc2c2ccc3c4cc(-c5ccc6ccccc6c5)ccc4n(CCCC)c3c21
[C][O][C][=N][N][=C][Branch1][C][Cl][N][=N][Ring1][#Branch1],8.9753,1,train,COc1nnc(Cl)nn1
[N][#C][C][=C][C][=C][Branch1][C][N][C][=N][O][N][=C][Ring1][#Branch2][Ring1][Branch1],9.1886,1,train,N#Cc1ccc(N)c2nonc12
[O][=C][C][=C][NH1][C][=Branch1][C][=O][NH1][Ring1][#Branch1],9.7209,1,train,O=c1cc[nH]c(=O)[nH]1
[N][C][=C][C][=C][C][Branch1][=Branch2][C][Branch1][C][F][Branch1][C][F][F][=C][C][=Branch1][C][=O][O][C][Ring1][O][=C][Ring1][#C],8.8053,1,train,Nc1ccc2c(C(F)(F)F)cc(=O)oc2c1
[O][=C][O][C][=C][C][=C][C][=C][Ring1][=Branch1][C][=C][Ring1][#Branch2][C][=C][N][C][=C][C][=C][C][Ring1][=Branch1][=N][Ring1][=Branch2],7.6707,1,train,O=c1oc2ccccc2cc1-c1cn2ccccc2n1
[C][C][Branch1][C][C][O][C][=C][Branch2][Ring1][#Branch2][C][=N][C][=C][C][=C][C][=C][Ring1][=Branch1][N][=C][Ring1][#Branch2][C][=C][C][=C][C][=C][Ring2][Ring1][C][Ring1][=Branch1][C][C][Ring2][Ring1][#Branch1][Br],6.9883,1,train,CC1(C)Oc2c(c3nc4ccccc4nc3c3ccccc23)CC1Br
[C][C][=C][NH1][C][=Branch1][C][=O][NH1][C][Ring1][#Branch1][=O],9.129,1,train,Cc1c[nH]c(=O)[nH]c1=O
[O][=C][C][=C][NH1][C][=Branch1][C][=O][NH1][Ring1][#Branch1],9.7209,1,train,O=c1cc[nH]c(=O)[nH]1
[C][C][=C][N][Branch1][=Branch2][C][Branch1][C][F][Branch1][C][F][F][C][=Branch1][C][=O][NH1][C][Ring1][O][=O],9.8381,1,train,Cc1cn(C(F)(F)F)c(=O)[nH]c1=O
[N][#C][C][=C][C][=C][Branch2][Ring1][Ring1][C][=C][O][C][=C][C][=C][C][Branch1][C][O][=C][Ring1][#Branch1][C][Ring1][#Branch2][=O][C][=C][Ring2][Ring1][C],8.148,1,train,N#Cc1ccc(C=C2Oc3cccc(O)c3C2=O)cc1
[C][C][Branch2][Ring1][=Branch2][C][=C][C][=C][Branch1][#C][N][C][=C][O][C][=C][C][=C][C][=C][Ring1][=Branch1][Ring1][#Branch2][C][=C][Ring1][S][C][=C][C][=C][NH1][C][=C][Branch2][Ring1][C][C][=C][C][C][=C][C][=C][C][=C][Ring1][=Branch1][NH1][C][=Ring1][=Branch2][Ring1][=N][C][Ring1][S][=C][Ring2][Ring1][Ring2],5.7349,1,train,CC(c1ccc(N2C=COc3ccccc32)cc1)c1ccc2[nH]c3c(ccc4c5ccccc5[nH]c43)c2c1
[O][=C][Branch2][Ring1][O][C][=C][C][=C][C][=Branch1][Ring2][=C][Ring1][=Branch1][S][C][=C][Branch1][=Branch2][C][=C][C][=C][C][=N][Ring1][=Branch1][N][Ring1][=N][C][=C][C][=C][C][=C][C][Ring1][=Branch1][=C][C][=C][C][=C][C][=C][C][=C][Ring1][=Branch1][C][=C][Ring2][Ring1][C][Ring1][#Branch2],6.0441,1,train,O=C(c1ccc2c(c1)SC=C(c1ccccn1)N2)c1c2ccccc2cc2cc3ccccc3cc12
[C][O][C][=Branch1][C][=O][C][=C][C][=Branch1][C][=O][N][Branch1][C][C][C][C][=C][Branch1][=N][C][=C][C][=C][Branch1][Ring1][O][C][C][=C][Ring1][Branch2][S][C][Ring2][Ring1][Ring1][=Ring1][=N],7.4195,1,train,COC(=O)c1cc(=O)n(C)c2cc(-c3ccc(OC)cc3)sc12
[C][O][C][=C][C][NH1][C][=C][Branch1][#C][C][=Ring1][Branch1][C][=C][Ring1][=Branch2][O][C][C][=Branch1][C][=O][O][C][C][C][C][Ring1][=C][=O],7.3855,1,train,COc1cc2[nH]c3c(c2cc1OCC(=O)O)CCCC3=O
[C][C][=C][N][Branch1][=Branch2][C][Branch1][C][F][Branch1][C][F][F][C][=Branch1][C][=O][NH1][C][Ring1][O][=O],9.8381,1,train,Cc1cn(C(F)(F)F)c(=O)[nH]c1=O
[C][C][C][C][N][C][=C][C][=C][Branch1][=Branch1][N][C][C][C][C][C][=C][Ring1][O][C][=Branch1][C][=O][C][=C][C][=C][C][=C][Ring1][=Branch1][C][Ring1][O][=O],6.6904,1,train,CCCCNc1ccc(NCCCC)c2c1C(=O)c1ccccc1C2=O
[C][C][Branch1][C][C][Branch1][C][C][N][C][=Branch1][C][=O][C][=C][C][=C][C][=C][C][=C][C][=C][C][=C][C][=Branch1][=Branch2][=C][Ring1][=C][C][Ring2][Ring1][C][=O][C][Ring1][#C][=C][Ring1][=N][Ring1][=Branch2],7.4671,1,train,CC(C)(C)n1c(=O)c2cc3ccc4cccc5ccc(c2c1=O)c3c45
[C][C][N][Branch1][Ring1][C][C][C][=C][C][=C][C][=C][Branch1][=C][C][=N][C][=C][C][=C][C][=C][Ring1][=Branch1][S][Ring1][=Branch2][C][=Branch1][C][=O][O][C][Ring1][S][=C][Ring2][Ring1][Ring2],7.0169,1,train,CCN(CC)c1ccc2cc(-c3nc4ccccc4s3)c(=O)oc2c1
[C][C][=C][Branch1][P][C][=C][C][=C][C][=Branch1][Ring2][=C][Ring1][=Branch1][S][C][=C][N][Ring1][#Branch1][C][=C][C][=C][Ring1][S][C][=C][C][=C][C][=C][C][=C][C][=C][C][=C][Ring1][=Branch1][C][Ring1][#Branch2][=C][Ring1][=C],6.0647,1,train,Cc1c(-c2ccc3c(c2)SC=CN3)cccc1-c1ccc2ccc3ccccc3c2c1
[F][C][Branch1][C][F][Branch1][C][F][C][Branch1][C][F][Branch1][C][F][C][Branch1][C][F][Branch1][C][F][C][Branch1][C][F][Branch1][C][F][C][Branch1][C][F][Branch1][C][F][C][Branch1][C][F][Branch1][C][F][C][C][O][C][=N][N][=C][Branch1][C][Cl][N][=N][Ring1][#Branch1],9.1783,1,train,FC(F)(F)C(F)(F)C(F)(F)C(F)(F)C(F)(F)C(F)(F)CCOc1nnc(Cl)nn1
[O][=C][Branch1][=Branch2][C][=C][N][=C][C][=N][Ring1][=Branch1][N][C][=C][C][=C][C][=C][Ring1][=Branch1][N][Branch2][Ring1][Ring1][C][=C][C][=C][C][S][C][=C][C][=Ring1][Branch1][C][=C][Ring1][=Branch2][S][Ring1][N][C][=C][C][=C][C][=C][Ring1][=Branch1][Ring2][Ring1][#Branch2],6.4108,1,train,O=C(c1cnccn1)N1c2ccccc2N(c2cc3cc4sccc4cc3s2)c2ccccc21
[C][=C][C][=C][NH1][N][=C][C][Ring1][Branch1][=C][Ring1][=Branch2],8.4045,1,train,c1ccc2[nH]ncc2c1
[O][=C][C][=C][NH1][C][=Branch1][C][=O][NH1][Ring1][#Branch1],9.7209,1,train,O=c1cc[nH]c(=O)[nH]1
[C][=C][C][=C][C][=C][Ring1][=Branch1],9.3262,1,train,c1ccccc1
[N][C][=C][C][=C][C][Branch1][=Branch2][C][Branch1][C][F][Branch1][C][F][F][=C][C][=Branch1][C][=O][O][C][Ring1][O][=C][Ring1][#C],8.8053,1,train,Nc1ccc2c(C(F)(F)F)cc(=O)oc2c1
[O][C][=C][C][=C][C][=C][C][=C][C][Ring1][=Branch1][=C][Ring1][#Branch2][C][=N][C][Branch1][=Branch2][C][=C][C][=C][C][=C][Ring1][=Branch1][=C][C][=C][C][=C][N][Ring1][#C][Ring1][=Branch1],6.7489,1,train,Oc1ccc2ccccc2c1-c1nc(-c2ccccc2)c2ccccn12
[C][C][=C][N][Branch1][=Branch2][C][Branch1][C][F][Branch1][C][F][F][C][=Branch1][C][=O][NH1][C][Ring1][O][=O],9.8381,1,train,Cc1cn(C(F)(F)F)c(=O)[nH]c1=O
[C][C][O][C][=C][C][=C][C][Branch2][Ring1][C][C][=N][C][Branch1][=Branch2][C][=C][C][=C][C][=C][Ring1][=Branch1][=N][O][Ring1][O][=C][C][=Branch1][C][=O][O][C][Ring2][Ring1][C][=C][Ring2][Ring1][=Branch1],8.0323,1,train,CCOc1ccc2c(-c3nc(-c4ccccc4)no3)cc(=O)oc2c1
[C][=C][C][=C][C][Branch2][Ring2][#Branch2][C][=N][C][=C][Branch2][Ring1][#C][C][=C][C][=C][C][=C][C][Ring1][=Branch1][=C][C][=C][C][=C][Branch1][Branch2][C][C][=C][S][C][=Ring1][Branch1][C][=C][Ring2][Ring1][Ring1][Ring1][O][S][Ring2][Ring1][Branch2][=C][C][=C][C][Ring2][Ring1][=C][=C][Ring2][Ring2][C],6.6353,1,train,c1ccc2c(-c3ncc(-c4c5ccccc5cc5ccc(-c6ccsc6)cc45)s3)cccc2c1
[C][=C][C][Branch1][#C][C][C][=C][O][C][=C][C][=C][C][=C][Ring1][=Branch2][Ring1][=Branch1][C][=C][C][=C][C][=C][Ring1][=Branch1][C][=Branch1][C][=O][N][C][Ring1][=Branch1][=O],7.6936,1,train,C=CC(Cc1coc2ccccc12)c1cccc2c1C(=O)NC2=O
[C][C][O][C][=Branch1][C][=O][C][=C][C][=C][Branch1][C][N][C][=C][Ring1][#Branch1],8.0774,1,train,CCOC(=O)c1ccc(N)cc1
[F][C][=N][C][Branch1][C][F][=C][Branch1][C][F][C][Branch2][Ring1][#C][C][#C][C][=C][C][=C][C][=C][Ring1][=Branch1][C][#C][C][=C][Branch1][C][F][C][Branch1][C][F][=N][C][Branch1][C][F][=C][Ring1][=Branch2][F][=C][Ring2][Ring1][N][F],8.7945,1,train,Fc1nc(F)c(F)c(C#Cc2ccccc2C#Cc2c(F)c(F)nc(F)c2F)c1F
[O][=C][Branch1][C][O][C][=C][C][=C][C][=C][Ring1][=Branch1],9.3416,1,train,O=C(O)c1ccccc1
[N][#C][C][=C][C][=C][Branch1][C][N][C][=N][O][N][=C][Ring1][#Branch2][Ring1][Branch1],9.1886,1,train,N#Cc1ccc(N)c2nonc12
[O][=C][C][=C][NH1][C][=Branch1][C][=O][NH1][Ring1][#Branch1],9.7209,1,train,O=c1cc[nH]c(=O)[nH]1
[C][N][Branch1][C][C][C][=C][C][=C][Branch1][O][C][#C][C][=C][C][=C][C][=C][Ring1][=Branch1][C][=C][Ring1][=C],6.7749,1,train,CN(C)c1ccc(C#Cc2ccccc2)cc1
[C][O][C][=C][C][=C][Branch2][Ring2][=N][C][=C][C][=C][C][=Branch1][Ring2][=C][Ring1][=Branch1][C][C][C][=C][C][Branch1][=N][C][=C][C][=C][Branch1][Ring1][O][C][C][=C][Ring1][Branch2][=C][C][=Branch1][#Branch1][=C][Ring1][=C][Ring2][Ring1][Ring1][C][C][Ring2][Ring1][=Branch1][C][=C][Ring2][Ring1][=C],6.4479,1,train,COc1ccc(-c2cc3c4c(c2)CCc2cc(-c5ccc(OC)cc5)cc(c2-4)CC3)cc1
[N][#C][C][=C][C][=C][C][=C][Ring1][=Branch1][N],8.5267,1,train,N#Cc1ccccc1N
[C][=C][C][=C][C][=C][Ring1][=Branch1],9.3262,1,train,c1ccccc1
[N][C][=C][C][=C][C][=C][C][=C][C][=C][C][=C][C][=Branch1][Ring2][=C][Ring1][=C][C][Ring1][=N][=C][Ring1][O][Ring1][#Branch1],6.9769,1,train,Nc1cc2ccc3cccc4ccc(c1)c2c34
[C][O][C][=C][C][=C][C][=C][Branch1][Ring1][C][#N][C][=Branch1][C][=N][O][C][Ring1][=Branch2][=C][Ring1][=N],8.2889,1,train,COc1ccc2cc(C#N)c(=N)oc2c1
[C][C][C][C][N][C][=Branch1][C][=O][C][=C][C][=C][C][=C][Branch1][Ring1][O][C][C][=C][C][=Branch1][=Branch1][=C][Ring1][N][Ring1][Branch2][C][Ring1][S][=O],7.8374,1,train,CCCCN1C(=O)c2cccc3c(OC)ccc(c23)C1=O
[C][=C][C][=C][C][=C][Ring1][=Branch1],9.3262,1,train,c1ccccc1
[N][C][=C][C][=C][C][Branch1][=Branch2][C][Branch1][C][F][Branch1][C][F][F][=C][C][=Branch1][C][=O][O][C][Ring1][O][=C][Ring1][#C],8.8053,1,train,Nc1ccc2c(C(F)(F)F)cc(=O)oc2c1
[C][C][=C][N][Branch1][=Branch2][C][Branch1][C][F][Branch1][C][F][F][C][=Branch1][C][=O][NH1][C][Ring1][O][=O],9.8381,1,train,Cc1cn(C(F)(F)F)c(=O)[nH]c1=O
[F][C][Branch1][C][F][Branch1][C][F][C][Branch1][C][F][Branch1][C][F][C][Branch1][C][F][Branch1][C][F][C][Branch1][C][F][Branch1][C][F][C][Branch1][C][F][Branch1][C][F][C][Branch1][C][F][Branch1][C][F][C][C][O][C][=N][N][=C][Branch1][C][Cl][N][=N][Ring1][#Branch1],9.1783,1,train,FC(F)(F)C(F)(F)C(F)(F)C(F)(F)C(F)(F)C(F)(F)CCOc1nnc(Cl)nn1
[F][C][Branch1][C][F][Branch1][C][F][C][Branch1][C][F][Branch1][C][F][C][Branch1][C][F][Branch1][C][F][C][Branch1][C][F][Branch1][C][F][C][Branch1][C][F][Branch1][C][F][C][Branch1][C][F][Branch1][C][F][C][C][O][C][=N][N][=C][Branch1][C][Cl][N][=N][Ring1][#Branch1],9.1783,1,train,FC(F)(F)C(F)(F)C(F)(F)C(F)(F)C(F)(F)C(F)(F)CCOc1nnc(Cl)nn1
[O][=C][N][C][=Branch1][C][=O][C][C][Ring1][=Branch1][=C][C][C][=C][C][=C][C][=Ring1][=Branch1][NH1][C][Ring1][=Branch2][=C][NH1][C][=C][C][=C][C][=C][Ring1][=Branch1][C][=Ring2][Ring1][Ring2][Ring1][=Branch2],7.1179,1,train,O=C1NC(=O)c2c1c1c3ccccc3[nH]c1c1[nH]c3ccccc3c21
[C][=C][C][=C][C][=Branch1][Ring2][=C][Ring1][=Branch1][C][C][C][=C][Ring1][#Branch1][C][=N][C][=C][Ring1][=Branch1][C][=C][C][=C][C][=C][Ring1][=Branch1][C][C][Ring1][#Branch2],7.2484,1,train,c1ccc2c(c1)CCc1c-2cnc2c1-c1ccccc1CC2
[C][C][=C][C][=C][Branch2][Ring2][P][C][=C][C][Branch1][S][C][=C][C][=C][Branch1][=Branch1][N][Branch1][C][C][C][C][=C][Ring1][=Branch2][=C][C][Branch1][C][N][=N][C][Branch1][Branch2][N][C][C][C][C][Ring1][Branch1][=C][Branch1][Ring1][C][#N][C][Ring1][=C][=N][Ring2][Ring1][O][C][=C][Ring2][Ring1][P],6.405,1,train,Cc1ccc(-c2cc(-c3ccc(N(C)C)cc3)c3c(N)nc(N4CCCC4)c(C#N)c3n2)cc1
[O][=C][C][=C][C][Branch1][=Branch2][N][C][C][C][C][C][Ring1][=Branch1][=C][C][=C][C][=C][Branch1][=Branch2][N][C][C][C][C][C][Ring1][=Branch1][C][=C][Branch1][=Branch2][N][C][C][C][C][C][Ring1][=Branch1][C][=C][C][=C][Ring2][Ring1][S][C][Ring2][Ring1][Branch2][=C][Ring1][=Branch1][Ring2][Ring1][=Branch1],6.0876,1,train,O=Cc1cc(N2CCCCC2)c2ccc3c(N4CCCCC4)cc(N4CCCCC4)c4ccc1c2c43
[C][C][Branch1][C][C][C][C][C][C][N][C][C][C][=C][Ring1][Branch1][C][=C][C][=C][C][=Branch1][Branch2][=C][C][=C][Ring1][#Branch2][Ring1][=Branch1][C][C][C][C][Ring1][=Branch2][=O],6.5419,1,train,CC(C)CCCCN1CCc2c1ccc1c3c(ccc21)CCCC3=O
[C][C][=C][C][=Branch1][C][=O][C][=C][C][=C][Branch1][C][N][C][=C][Ring1][#Branch1][O][Ring1][N],7.9292,1,train,Cc1cc(=O)c2ccc(N)cc2o1
[N][#C][C][=C][Branch1][P][C][=C][C][=C][Branch1][Branch2][C][=C][C][=C][S][Ring1][Branch1][S][Ring1][#Branch2][C][C][Ring1][=C],7.4516,1,train,N#CC1=C(c2ccc(-c3cccs3)s2)CC1
[C][C][C][C][N][C][=C][C][=C][C][=C][Ring1][=Branch1][C][=C][C][=C][C][=C][C][Branch1][#C][C][=C][C][=C][C][=C][C][=C][C][Ring1][=Branch1][=C][Ring1][#Branch2][=C][C][=C][Ring1][S][N][Branch1][Branch1][C][C][C][C][C][Ring2][Ring1][#Branch1][=C][Ring2][Ring1][O][Ring2][Ring2][C],6.0544,1,train,CCCCn1c2ccccc2c2ccc3c4cc(-c5ccc6ccccc6c5)ccc4n(CCCC)c3c21
[C][C][C][C][N][C][=Branch1][C][=O][C][=C][C][=C][C][=C][Branch1][Ring1][O][C][C][=C][C][=Branch1][=Branch1][=C][Ring1][N][Ring1][Branch2][C][Ring1][S][=O],7.8445,1,train,CCCCN1C(=O)c2cccc3c(OC)ccc(c23)C1=O
[O][=C][C][=C][C][=C][C][=C][C][=C][C][=C][C][=C][C][=C][Ring1][=C][C][Ring1][N][=C][Ring1][#Branch2][Ring1][=Branch1],7.5672,1,train,O=Cc1ccc2ccc3cccc4ccc1c2c34
[O][=C][C][=C][C][Branch1][=Branch2][N][C][C][C][C][C][Ring1][=Branch1][=C][C][=C][C][=C][Branch1][=Branch2][N][C][C][C][C][C][Ring1][=Branch1][C][=C][Branch1][=Branch2][N][C][C][C][C][C][Ring1][=Branch1][C][=C][C][=C][Ring2][Ring1][S][C][Ring2][Ring1][Branch2][=C][Ring1][=Branch1][Ring2][Ring1][=Branch1],5.9322,1,train,O=Cc1cc(N2CCCCC2)c2ccc3c(N4CCCCC4)cc(N4CCCCC4)c4ccc1c2c43
[O][=C][C][=C][NH1][C][=Branch1][C][=O][NH1][Ring1][#Branch1],9.7209,1,train,O=c1cc[nH]c(=O)[nH]1
[C][N][Branch1][C][C][C][=C][C][=C][C][=Branch1][Ring2][=C][Ring1][=Branch1][C][C][=C][C][=C][C][=C][Ring1][=Branch1][Ring1][#Branch2],6.6505,1,train,CN(C)c1ccc2c(c1)Cc1ccccc1-2
[N][#C][C][=C][C][=C][C][=C][C][=C][Ring1][=Branch1][NH1][Ring1][=Branch2],8.3055,1,train,N#Cc1cc2ccccc2[nH]1
[N][#C][C][=C][C][=C][Branch1][=N][C][#C][C][=C][C][=C][C][=C][Ring1][=Branch1][C][#N][C][=C][Ring1][S],8.2349,1,train,N#Cc1ccc(C#Cc2ccccc2C#N)cc1
[C][C][=C][N][=C][Branch2][Ring1][=C][N][C][=Branch1][C][=O][C][=C][Branch1][C][O][C][=C][C][=C][C][=C][Ring1][=Branch1][S][=Branch1][C][=O][=Branch1][C][=O][N][Ring1][=N][C][S][Ring2][Ring1][=Branch1],7.7174,1,train,Cc1cnc(NC(=O)C2=C(O)c3ccccc3S(=O)(=O)N2C)s1
[O][=C][C][=C][C][Branch1][Ring1][C][=O][=C][C][=C][C][=C][Branch1][=Branch2][N][C][C][C][C][C][Ring1][=Branch1][C][=C][Branch1][=Branch2][N][C][C][C][C][C][Ring1][=Branch1][C][=C][C][=C][Ring2][Ring1][N][C][Ring2][Ring1][Branch2][=C][Ring1][=Branch1][Ring2][Ring1][=Branch1],6.467,1,train,O=Cc1cc(C=O)c2ccc3c(N4CCCCC4)cc(N4CCCCC4)c4ccc1c2c43
[C][C][=C][C][=Branch1][C][=O][O][C][=C][Ring1][#Branch1][C][=C][Branch1][C][Br][C][O][C][=C][Branch1][C][C][C][=Ring1][=Branch1][Ring1][O],8.171,1,train,Cc1cc(=O)oc2c1cc(Br)c1occ(C)c12
[C][C][=C][N][Branch1][=Branch2][C][Branch1][C][F][Branch1][C][F][F][C][=Branch1][C][=O][NH1][C][Ring1][O][=O],9.8381,1,train,Cc1cn(C(F)(F)F)c(=O)[nH]c1=O
[F][C][Branch1][C][F][Branch1][C][F][C][Branch1][C][F][Branch1][C][F][C][Branch1][C][F][Branch1][C][F][C][Branch1][C][F][Branch1][C][F][C][Branch1][C][F][Branch1][C][F][C][Branch1][C][F][Branch1][C][F][C][C][O][C][=N][N][=C][Branch1][C][Cl][N][=N][Ring1][#Branch1],9.2088,1,train,FC(F)(F)C(F)(F)C(F)(F)C(F)(F)C(F)(F)C(F)(F)CCOc1nnc(Cl)nn1
[F][C][Branch1][C][F][Branch1][C][F][C][Branch1][C][F][Branch1][C][F][C][Branch1][C][F][Branch1][C][F][C][Branch1][C][F][Branch1][C][F][C][Branch1][C][F][Branch1][C][F][C][Branch1][C][F][Branch1][C][F][C][C][O][C][=N][N][=C][Branch1][C][Cl][N][=N][Ring1][#Branch1],9.2088,1,train,FC(F)(F)C(F)(F)C(F)(F)C(F)(F)C(F)(F)C(F)(F)CCOc1nnc(Cl)nn1
[C][C][Branch1][C][C][N][C][=C][C][Branch1][C][Cl][=C][C][=C][Ring1][#Branch1][C][NH1][C][=C][C][=C][C][=C][Ring1][=Branch1][C][=Branch1][C][=O][C][=Ring1][O][Ring2][Ring1][Branch1],7.0706,1,train,CC1(C)Nc2cc(Cl)ccc2-c2[nH]c3ccccc3c(=O)c21
[O][=C][Branch1][C][O][C][=C][C][=C][C][=C][Ring1][=Branch1],9.3416,1,train,O=C(O)c1ccccc1
[N][#C][C][=C][C][=C][C][C][=C][NH1][C][Ring1][=Branch2][=Ring1][Branch1],8.2757,1,train,N#Cc1cccc2cc[nH]c12
[C][O][C][=C][C][=C][Branch2][Ring1][P][C][#C][C][=N][C][=C][C][=C][C][=C][Ring1][=Branch1][N][=C][Ring1][#Branch2][C][=C][N][Branch1][C][C][C][=C][C][=C][C][=C][Ring1][#Branch2][Ring1][=Branch1][C][=C][Ring2][Ring1][N],6.4932,1,train,COc1ccc(C#Cc2nc3ccccc3nc2-c2cn(C)c3ccccc23)cc1
[C][O][C][=C][C][=C][C][=C][Branch1][=Branch2][C][=C][C][=C][Ring1][#Branch2][Ring1][=Branch1][C][=Branch1][C][=O][C][=C][C][=C][C][=C][Ring1][=Branch1][Ring1][#C],7.379,1,train,COc1ccc2c3c(cccc13)C(=O)c1ccccc1-2
[N][#C][C][=C][C][=C][Branch1][C][N][C][=N][O][N][=C][Ring1][#Branch2][Ring1][Branch1],9.1886,1,train,N#Cc1ccc(N)c2nonc12
[F][C][Branch1][C][F][Branch1][C][F][C][Branch1][C][F][Branch1][C][F][C][Branch1][C][F][Branch1][C][F][C][Branch1][C][F][Branch1][C][F][C][Branch1][C][F][Branch1][C][F][C][Branch1][C][F][Branch1][C][F][C][C][O][C][=N][N][=C][Branch1][C][Cl][N][=N][Ring1][#Branch1],9.1783,1,train,FC(F)(F)C(F)(F)C(F)(F)C(F)(F)C(F)(F)C(F)(F)CCOc1nnc(Cl)nn1
[O][=C][C][=C][NH1][C][=Branch1][C][=O][NH1][Ring1][#Branch1],9.7209,1,train,O=c1cc[nH]c(=O)[nH]1
[C][S][=Branch1][C][=O][=Branch1][C][=O][C][=C][C][=C][Branch2][Ring2][Branch1][C][=Branch1][C][=O][C][=C][C][=C][Branch2][Ring1][Branch1][N][C][=C][C][=C][O][C][=C][C][=C][C][=C][Ring1][=Branch1][C][Ring1][=Branch2][=C][Ring1][=N][C][=C][Ring2][Ring1][Ring2][C][=C][Ring2][Ring1][N],7.048,1,train,CS(=O)(=O)c1ccc(C(=O)c2ccc(Nc3ccc4oc5ccccc5c4c3)cc2)cc1
[C][N][Branch1][C][C][C][=C][C][=C][Branch2][Ring1][P][C][=N][C][Branch1][S][C][=C][C][=C][Branch1][=Branch1][N][Branch1][C][C][C][C][=C][Ring1][=Branch2][=C][C][=C][C][=C][C][Ring1][=Branch1][=N][Ring2][Ring1][Ring1][C][=C][Ring2][Ring1][=Branch2],6.08,1,train,CN(C)c1ccc(-c2nc(-c3ccc(N(C)C)cc3)c3ccccc3n2)cc1
[C][C][C][C][N][C][=C][C][=C][C][=C][Ring1][=Branch1][C][=C][Ring1][=Branch2][C][C][=C][C][=C][C][=C][Ring1][=Branch1][N][Branch1][Branch1][C][C][C][C][C][=Ring1][=N][C][C][=C][C][=C][C][=C][Ring1][=Branch1][N][Branch1][Branch1][C][C][C][C][C][Ring2][Ring1][N][=Ring1][=N],6.0511,1,train,CCCCn1c2ccccc2c2c1c1c3ccccc3n(CCCC)c1c1c3ccccc3n(CCCC)c21
[C][C][=C][C][=C][C][=C][C][C][=Branch1][C][=O][N][Branch1][C][C][C][=Branch1][C][=O][N][Branch1][C][C][C][=Ring1][#Branch2][N][=C][Ring2][Ring1][C][Ring1][=C],7.9413,1,train,Cc1cccc2cc3c(=O)n(C)c(=O)n(C)c3nc12
[N][C][C][C][=C][NH1][C][=C][C][=C][Branch1][C][O][C][=C][Ring1][#Branch2][Ring1][#Branch1],7.1359,1,train,NCCc1c[nH]c2ccc(O)cc12
[C][=C][C][=C][Branch2][Ring2][P][C][=C][C][=C][Branch2][Ring1][S][C][=C][C][=C][Branch2][Ring1][Ring2][N][Branch1][=Branch2][C][=C][C][=C][C][=C][Ring1][=Branch1][C][=C][C][=C][C][=C][Ring1][=Branch1][C][=C][Ring2][Ring1][Ring1][C][=N][S][N][=C][Ring2][Ring1][N][Ring1][Branch1][C][=C][Ring2][Ring2][C],6.4383,1,train,c1ccc(-c2ccc(-c3ccc(N(c4ccccc4)c4ccccc4)cc3)c3nsnc23)cc1
[C][N][C][=C][C][=C][C][=C][Ring1][=Branch1][C][=Branch1][C][=O][C][=C][C][=C][C][=C][Ring1][=Branch1][Ring1][#C],7.5025,1,train,Cn1c2ccccc2c(=O)c2ccccc21
[C][O][C][=C][C][=C][C][=C][C][=C][C][=C][Branch1][Ring1][O][C][C][=C][C][Branch1][#C][C][=C][C][=C][C][Ring2][Ring1][Ring2][=C][Ring1][=Branch1][Ring2][Ring1][C][=C][Ring1][=C][Ring2][Ring1][C],6.2461,1,train,COc1ccc2c3cccc4c(OC)ccc(c5cccc1c52)c43
[C][N][C][C][N][Branch2][Ring1][#C][C][=C][C][=C][C][=C][Branch1][=Branch2][C][=C][C][=C][Ring1][#Branch2][Ring1][=Branch1][C][=Branch1][C][=O][C][=C][C][=C][C][=C][Ring1][=Branch1][Ring1][#C][C][C][Ring2][Ring1][Branch2],6.8069,1,train,CN1CCN(c2ccc3c4c(cccc24)C(=O)c2ccccc2-3)CC1
[C][C][Branch1][C][C][Branch1][C][C][C][=C][C][=C][Branch2][Ring2][Ring2][C][=N][N][=C][Branch2][Ring1][=Branch2][C][=C][C][=C][C][=C][C][=C][C][=C][C][=C][C][=C][Ring1][=C][C][Ring1][N][=C][Ring1][#Branch2][Ring1][=Branch1][O][Ring2][Ring1][Branch1][C][=C][Ring2][Ring1][O],6.8942,1,train,CC(C)(C)c1ccc(-c2nnc(-c3ccc4ccc5cccc6ccc3c4c56)o2)cc1
[C][O][C][=Branch1][C][=O][C][=N][C][Branch1][C][Br][=C][Branch1][=Branch2][C][=C][C][=C][C][=C][Ring1][=Branch1][O][Ring1][N],8.6149,1,train,COC(=O)c1nc(Br)c(-c2ccccc2)o1
[C][C][=C][C][=C][Branch2][Ring1][#Branch2][O][C][C][=C][C][=Branch1][C][=O][O][C][=C][Ring1][#Branch1][C][=C][C][=C][C][=C][C][=C][Ring1][=Branch1][Ring1][#Branch2][C][=C][Ring2][Ring1][#Branch1],7.3514,1,train,Cc1ccc(OCc2cc(=O)oc3c2ccc2ccccc23)cc1
[F][C][Branch1][C][F][Branch1][C][F][C][Branch1][C][F][Branch1][C][F][C][Branch1][C][F][Branch1][C][F][C][Branch1][C][F][Branch1][C][F][C][Branch1][C][F][Branch1][C][F][C][Branch1][C][F][Branch1][C][F][C][C][O][C][=N][N][=C][Branch1][C][Cl][N][=N][Ring1][#Branch1],9.1783,1,train,FC(F)(F)C(F)(F)C(F)(F)C(F)(F)C(F)(F)C(F)(F)CCOc1nnc(Cl)nn1
[C][C][=C][N][Branch1][=Branch2][C][Branch1][C][F][Branch1][C][F][F][C][=Branch1][C][=O][NH1][C][Ring1][O][=O],9.8381,1,train,Cc1cn(C(F)(F)F)c(=O)[nH]c1=O
[N][#C][C][=C][C][=C][Branch1][C][N][C][Branch1][Ring1][C][#N][=C][Ring1][=Branch2],8.8701,1,train,N#Cc1ccc(N)c(C#N)c1
[C][C][=C][C][Branch2][Ring2][=Branch2][C][Branch2][Ring1][C][C][=C][C][Branch1][C][C][=C][Branch1][C][O][C][Branch1][C][Br][=C][Ring1][=Branch2][O][S][=Branch1][C][=O][=Branch1][C][=O][C][=C][C][=C][C][=C][Ring1][=Branch1][Ring2][Ring1][Ring2][=C][C][Branch1][C][Br][=C][Ring2][Ring1][O][O],7.8059,1,train,Cc1cc(C2(c3cc(C)c(O)c(Br)c3)OS(=O)(=O)c3ccccc32)cc(Br)c1O
[N][#C][C][=C][C][=C][C][=C][C][=C][Ring1][=Branch1][NH1][Ring1][=Branch2],8.3055,1,train,N#Cc1cc2ccccc2[nH]1
[C][O][C][=C][C][=C][C][=C][C][Branch1][C][C][=C][C][=Branch1][C][=O][O][C][Ring1][Branch2][=C][C][Ring1][N][=C][Ring1][S],7.8259,1,train,COc1ccc2cc3c(C)cc(=O)oc3cc2c1
[N][C][=C][C][=C][C][=C][C][=C][C][=C][C][=C][C][Branch1][=C][C][=C][C][=C][C][Ring2][Ring1][C][=C][Ring1][=Branch1][Ring1][S][=C][Ring1][N][Ring1][S],6.5376,1,train,Nc1ccc2c3cccc4cccc(c5cccc1c52)c43
[N][C][=C][C][=C][C][Branch1][=Branch2][C][Branch1][C][F][Branch1][C][F][F][=C][C][=Branch1][C][=O][O][C][Ring1][O][=C][Ring1][#C],8.8053,1,train,Nc1ccc2c(C(F)(F)F)cc(=O)oc2c1
[C][S][=Branch1][C][=O][=Branch1][C][=O][N][Branch2][Ring1][O][C][=C][C][=C][Branch1][P][N][C][=C][C][=Branch1][C][=O][N][C][=C][Ring1][=Branch1][C][Ring1][=Branch2][=O][C][=C][Ring1][S][C][=C][C][=C][NH1][Ring1][Branch1],7.1422,1,train,CS(=O)(=O)N(c1ccc(N2C=C3C(=O)NC=C3C2=O)cc1)c1ccc[nH]1
[N][#C][C][=C][C][=C][C][C][=C][NH1][C][Ring1][=Branch2][=Ring1][Branch1],8.2757,1,train,N#Cc1cccc2cc[nH]c12
[O][=C][Branch1][C][O][C][C][C][C][N][Ring1][Branch1][C][=Branch1][C][=O][C][=C][C][=C][Branch2][Ring1][S][C][C][C][Branch1][#C][C][=C][C][=C][C][=C][C][=C][C][=C][Ring1][#Branch2][Ring1][=Branch1][=N][N][Ring1][#C][C][=C][C][=C][C][=C][Ring1][=Branch1][C][=C][Ring2][Ring1][O],6.4715,1,train,O=C(O)C1CCCN1C(=O)c1ccc(C2CC(c3cccc4ccccc34)=NN2c2ccccc2)cc1
[N][#C][C][=C][C][=C][NH1][C][=C][C][Ring1][Branch1][=C][Ring1][=Branch2],8.262,1,train,N#Cc1ccc2[nH]ccc2c1
[C][N][Branch1][C][C][C][=C][C][=C][Branch2][Ring2][Ring1][C][#C][C][=C][C][=C][C][Branch1][=Branch1][N][Branch1][C][C][C][=C][C][Branch1][=Branch2][C][=C][C][=C][C][=C][Ring1][=Branch1][=C][C][Ring1][#C][=C][Ring2][Ring1][Ring1][C][=C][Ring2][Ring1][O],6.1128,1,train,CN(C)c1ccc(C#Cc2ccc3c(N(C)C)cc(-c4ccccc4)cc3c2)cc1
[C][C][C][Branch1][Ring1][C][C][N][C][=C][C][=C][C][=C][Ring1][=Branch1][C][=C][C][=C][Branch1][#Branch1][C][=C][Ring1][=Branch1][Ring1][=N][C][=C][C][=C][C][=C][Ring1][=Branch1][N][Ring1][O][C][Branch1][Ring1][C][C][C][C],6.2611,1,train,CCC(CC)n1c2ccccc2c2cc3c(cc21)c1ccccc1n3C(CC)CC
[C][C][C][=C][C][Branch2][Ring2][#Branch1][C][=C][C][=C][C][=C][C][=C][C][=C][Ring1][=Branch1][C][=C][C][=C][Branch1][=Branch2][C][=C][C][=C][C][=C][Ring1][=Branch1][C][=C][Ring1][N][C][Ring2][Ring1][Ring2][=C][Ring2][Ring1][Branch2][=C][C][=C][C][=C][C][=C][Ring2][Ring2][C][Ring1][=Branch1],6.6641,1,train,CCc1cc(-c2ccc3c4ccccc4c4ccc(-c5ccccc5)cc4c3c2)cc2ccccc12
[C][C][=Branch1][C][=O][C][=C][C][=Branch2][Ring1][Ring1][=C][C][=C][C][Branch1][=Branch1][N][Branch1][C][C][C][=C][C][=C][Ring1][=N][Ring1][=Branch2][C][C][C][Ring1][#C],6.8289,1,train,CC(=O)c1c2c(cc3cc(N(C)C)ccc13)CCC2
[N][C][=C][C][=C][C][Branch1][=Branch2][C][Branch1][C][F][Branch1][C][F][F][=C][C][=Branch1][C][=O][O][C][Ring1][O][=C][Ring1][#C],8.8053,1,train,Nc1ccc2c(C(F)(F)F)cc(=O)oc2c1
[O][=C][C][=C][C][=C][C][C][=C][O][C][=Ring1][Branch1][C][=C][Ring1][=Branch2][O][Ring1][=N],8.5807,1,train,O=c1ccc2cc3ccoc3cc2o1
[C][C][N][Branch1][Ring1][C][C][C][=C][C][=C][Branch2][Ring2][Ring2][C][=N][C][=C][Branch1][P][C][=C][Ring1][=Branch1][C][=C][C][=C][C][=C][Ring1][=Branch1][C][C][Ring1][#Branch2][C][=C][C][=C][C][=C][Ring1][=Branch1][C][C][Ring2][Ring1][Ring2][C][=C][Ring2][Ring1][N],6.3498,1,train,CCN(CC)c1ccc(-c2nc3c(c4c2-c2ccccc2CC4)-c2ccccc2CC3)cc1
[C][=C][C][=C][Branch2][Ring1][N][C][=N][C][Branch1][=Branch2][C][=C][C][=C][C][=C][Ring1][=Branch1][=C][Branch1][=Branch2][C][=C][C][=C][C][=C][Ring1][=Branch1][NH1][Ring1][P][C][=C][Ring2][Ring1][#Branch1],6.9991,1,train,c1ccc(-c2nc(-c3ccccc3)c(-c3ccccc3)[nH]2)cc1
[N][#C][C][=C][Branch1][C][N][N][C][=Branch1][C][=O][C][=C][C][=C][C][=C][Ring1][=Branch1][C][=Branch1][C][=O][N][Ring1][N][C][Ring1][S][C][=C][C][=C][S][Ring1][Branch1],7.7582,1,train,N#CC1=C(N)n2c(=O)c3ccccc3c(=O)n2C1c1cccs1
[O][=C][C][=C][NH1][C][=Branch1][C][=O][NH1][Ring1][#Branch1],9.7209,1,train,O=c1cc[nH]c(=O)[nH]1
[C][O][C][=Branch1][C][=O][C][=N][C][=C][Branch1][C][N][N][=C][Branch1][=Branch1][N][Branch1][C][C][C][N][=C][Ring1][#Branch2][N][Ring1][=N][C][C][=C][C][=C][C][=C][Ring1][=Branch1],7.1986,1,train,COC(=O)c1nc2c(N)nc(N(C)C)nc2n1Cc1ccccc1
[N][#C][C][=C][C][=C][C][Branch1][C][N][=C][Ring1][#Branch1],8.5025,1,train,N#Cc1cccc(N)c1
[C][C][O][C][=Branch1][C][=O][C][S][C][Branch1][Ring1][S][C][=C][C][=Branch1][C][=O][NH1][N][=N][C][=Ring1][N][Ring1][#Branch1],7.9461,1,train,CCOC(=O)c1sc(SC)c2c(=O)[nH]nnc12
[C][#C][C][=C][C][=C][S][C][=C][Branch2][Ring2][N][C][=C][C][=C][Ring1][=Branch1][C][=C][C][Branch2][Ring1][Branch1][N][C][=C][C][=C][C][=C][Ring1][=Branch1][N][C][=C][C][=C][C][=C][Ring1][=Branch1][Ring1][=C][=C][C][=C][Ring2][Ring1][Ring2][N][Ring2][Ring1][#Branch1][Br][C][Ring2][Ring1][#C][=C][Ring2][Ring2][Ring1],5.9841,1,train,C#Cc1ccc2sc3c(ccc4c3c3cc(N5c6ccccc6Nc6ccccc65)ccc3n4Br)c2c1
[N][#C][C][=C][C][S][C][=C][C][=Ring1][Branch1][C][=C][Ring1][=Branch2][C][=C][C][=C][C][=C][C][=C][Ring1][=Branch1][Ring1][#Branch2],7.6131,1,train,N#Cc1cc2sccc2c2c1ccc1ccccc12
[O][=C][C][=C][Branch1][=Branch2][C][Branch1][C][F][Branch1][C][F][F][C][=C][C][=C][C][=Branch1][#Branch1][=C][Ring1][=Branch1][O][Ring1][=C][C][C][C][N][Ring1][Branch2][C][C][C][Ring1][N],7.751,1,train,O=c1cc(C(F)(F)F)c2cc3c4c(c2o1)CCCN4CCC3
[O][=S][=Branch1][C][=O][Branch1][C][O][C][=C][C][=C][C][=C][C][=C][C][Branch1][#Branch2][N][C][=C][C][=C][C][=C][Ring1][=Branch1][=C][Ring1][P][Ring1][=N],7.0604,1,train,O=S(=O)(O)c1cccc2cccc(Nc3ccccc3)c12
[C][=C][Branch1][P][C][=C][C][=C][Branch1][Branch2][C][=C][C][=C][S][Ring1][Branch1][S][Ring1][#Branch2][C][C][C][C][Ring1][S],6.9809,1,train,C1=C(c2ccc(-c3cccs3)s2)CCCC1
[C][C][C][=C][C][=C][Branch2][Ring2][=N][N][C][=C][C][=C][C][=C][Ring1][=Branch1][C][=C][C][=C][Branch1][#Branch1][C][=C][Ring1][=Branch1][Ring1][=N][C][=C][C][=C][C][=C][Ring1][=Branch1][N][Ring1][O][C][=C][C][=C][Branch1][Ring1][C][C][C][=C][Ring1][Branch2][C][=C][Ring2][Ring2][C],6.187,1,train,CCc1ccc(-n2c3ccccc3c3cc4c(cc32)c2ccccc2n4-c2ccc(CC)cc2)cc1
[O][C][=C][C][=C][C][=C][Ring1][=Branch1],8.7483,1,train,Oc1ccccc1
[C][N][C][=C][C][=C][C][=Branch1][Ring2][=C][Ring1][=Branch1][C][=C][C][=C][C][=C][Ring1][=Branch1][C][Ring1][#Branch2][=O],7.5021,1,train,CNc1ccc2c(c1)-c1ccccc1C2=O
[C][O][C][=Branch1][C][=O][C][=N][C][=C][N][=C][Branch1][=Branch1][N][Branch1][C][C][C][N][=C][Ring1][=Branch2][N][Ring1][N][C][C][=C][C][=C][C][=C][Ring1][=Branch1],7.4213,1,train,COC(=O)c1nc2cnc(N(C)C)nc2n1Cc1ccccc1
[C][C][=C][N][Branch1][=Branch2][C][Branch1][C][F][Branch1][C][F][F][C][=Branch1][C][=O][NH1][C][Ring1][O][=O],9.8381,1,train,Cc1cn(C(F)(F)F)c(=O)[nH]c1=O
[C][O][C][=C][C][Branch1][=Branch1][C][=Branch1][C][=O][O][=C][C][=C][Ring1][=Branch2][O],8.4268,1,train,COc1cc(C(=O)O)ccc1O
[C][C][=C][C][=C][Branch2][Ring2][#Branch1][C][C][C][Branch1][N][C][=C][C][=C][Branch1][C][O][C][=C][Ring1][#Branch1][=N][N][Ring1][N][C][=C][C][=C][Branch1][=Branch2][S][Branch1][C][N][=Branch1][C][=O][=O][C][=C][Ring1][#Branch2][C][=C][Ring2][Ring1][N],6.8518,1,train,Cc1ccc(C2CC(c3ccc(O)cc3)=NN2c2ccc(S(N)(=O)=O)cc2)cc1
[O][=C][C][=C][C][=C][C][=C][Ring1][=Branch1][S][C][=C][C][=C][C][=C][Ring1][=C][Ring1][=Branch1],7.8324,1,train,O=c1c2ccccc2sc2ccccc12
[N][#C][C][=C][C][=C][Branch1][C][N][C][=N][O][N][=C][Ring1][#Branch2][Ring1][Branch1],9.1886,1,train,N#Cc1ccc(N)c2nonc12
[C][C][=C][N][Branch1][=Branch2][C][Branch1][C][F][Branch1][C][F][F][C][=Branch1][C][=O][NH1][C][Ring1][O][=O],9.8381,1,train,Cc1cn(C(F)(F)F)c(=O)[nH]c1=O
[C][O][C][=C][C][NH1][C][=C][Branch1][#C][C][=Ring1][Branch1][C][=C][Ring1][=Branch2][O][C][C][=Branch1][C][=O][O][C][C][C][C][Ring1][=C][=O],7.3855,1,train,COc1cc2[nH]c3c(c2cc1OCC(=O)O)CCCC3=O
[O][=C][C][=C][NH1][C][=Branch1][C][=O][NH1][Ring1][#Branch1],9.7209,1,train,O=c1cc[nH]c(=O)[nH]1
[C][=C][N][=C][N][=C][Branch2][Ring2][#Branch1][N][C][=N][C][Branch2][Ring1][Branch1][C][=C][C][=C][C][=C][C][=C][C][=C][C][=C][Ring1][=Branch1][C][Ring1][#Branch2][=C][Ring1][=C][=C][Ring2][Ring1][Ring1][N][C][=C][C][=C][Ring1][Branch1][C][=C][C][Ring2][Ring1][=C][=C][Ring2][Ring2][C],6.5793,1,train,c1cnc2nc(-n3cnc(-c4ccc5ccc6ccccc6c5c4)c3-n3cccc3)ccc2c1
[C][=C][C][=C][C][=Branch1][Ring2][=C][Ring1][=Branch1][O][C][=C][C][Branch1][=C][C][C][=C][N][C][=C][C][=C][C][=Ring1][=Branch2][Ring1][=Branch1][=C][C][=C][Ring1][#C][N][Ring2][Ring1][Ring2][C][NH1][C][=N][C][=Ring1][Branch1][C][=C][C][=C][C][=C][C][=C][Ring1][=Branch1][O][Ring1][=Branch2],6.1185,1,train,c1ccc2c(c1)Oc1cc(-c3ccn4ccccc34)ccc1N2c1[nH]cnc1-c1cc2ccccc2o1
[C][C][Branch1][C][C][Branch1][C][C][C][=C][C][=C][C][=C][C][=C][C][=C][C][=C][C][=C][C][Branch2][Ring1][S][C][=C][C][Branch1][=Branch2][C][Branch1][C][C][Branch1][C][C][C][=C][C][Branch1][=Branch2][C][Ring2][Ring1][=Branch1][=C][Ring2][Ring1][#Branch2][=C][Ring1][N][Ring2][Ring1][=Branch1][=C][Ring2][Ring1][C][Ring2][Ring1][=Branch1],6.3443,1,train,CC(C)(C)c1ccc2cc3c4cccc5cccc(c6cc(C(C)(C)C)cc(c2c1)c63)c54
[O][=C][O][C][=C][C][=C][C][=C][C][=C][C][Ring1][=Branch1][=C][Ring1][#Branch2][N][=C][Ring1][=C][C][=C][C][=C][C][=C][Ring1][=Branch1],7.6457,1,train,O=c1oc2ccc3ccccc3c2nc1-c1ccccc1
[C][=C][C][=C][C][=Branch1][Ring2][=C][Ring1][=Branch1][O][C][=C][C][Branch1][=C][C][C][=C][N][C][=C][C][=C][C][=Ring1][=Branch2][Ring1][=Branch1][=C][C][=C][Ring1][#C][N][Ring2][Ring1][Ring2][C][NH1][C][=N][C][=Ring1][Branch1][C][=C][C][=C][C][=C][C][=C][Ring1][=Branch1][O][Ring1][=Branch2],6.1185,1,train,c1ccc2c(c1)Oc1cc(-c3ccn4ccccc34)ccc1N2c1[nH]cnc1-c1cc2ccccc2o1
[C][C][=C][Branch1][P][C][=C][C][=C][C][=Branch1][Ring2][=C][Ring1][=Branch1][S][C][=C][N][Ring1][#Branch1][C][=C][C][=C][Ring1][S][C][=C][C][=C][C][=C][C][=C][C][=C][C][=C][Ring1][=Branch1][C][Ring1][#Branch2][=C][Ring1][=C],6.0647,1,train,Cc1c(-c2ccc3c(c2)SC=CN3)cccc1-c1ccc2ccc3ccccc3c2c1
[C][C][C][C][N][C][=C][C][=C][C][=C][Ring1][=Branch1][C][=C][C][Branch2][Ring1][O][C][#C][C][=C][C][=C][C][=C][C][=C][C][=C][C][=C][C][=C][Ring1][=C][C][Ring1][N][=C][Ring1][#Branch2][Ring1][=Branch1][=C][C][=C][Ring2][Ring1][Branch2][Ring2][Ring1][#C],6.304,1,train,CCCCn1c2ccccc2c2cc(C#Cc3ccc4ccc5cccc6ccc3c4c56)ccc21
[C][C][C][C][N][C][=C][C][=C][C][=C][Ring1][=Branch1][C][=C][C][=C][C][=C][C][Branch1][=N][C][=C][C][=C][Branch1][Ring1][O][C][C][=C][Ring1][Branch2][=C][C][=C][Ring1][=C][N][Branch1][Branch1][C][C][C][C][C][Ring2][Ring1][Branch1][=C][Ring2][Ring1][=Branch2][Ring2][Ring1][S],6.072,1,train,CCCCn1c2ccccc2c2ccc3c4cc(-c5ccc(OC)cc5)ccc4n(CCCC)c3c21
[O][=C][C][=C][C][Branch1][=Branch2][N][C][C][C][C][C][Ring1][=Branch1][=C][C][=C][C][=C][Branch1][=Branch2][N][C][C][C][C][C][Ring1][=Branch1][C][=C][Branch1][=Branch2][N][C][C][C][C][C][Ring1][=Branch1][C][=C][C][=C][Ring2][Ring1][S][C][Ring2][Ring1][Branch2][=C][Ring1][=Branch1][Ring2][Ring1][=Branch1],6.022,1,train,O=Cc1cc(N2CCCCC2)c2ccc3c(N4CCCCC4)cc(N4CCCCC4)c4ccc1c2c43
[O][=C][C][=C][C][Branch1][=Branch2][N][C][C][C][C][C][Ring1][=Branch1][=C][C][=C][C][=C][Branch1][=Branch2][N][C][C][C][C][C][Ring1][=Branch1][C][=C][Branch1][=Branch2][N][C][C][C][C][C][Ring1][=Branch1][C][=C][C][=C][Ring2][Ring1][S][C][Ring2][Ring1][Branch2][=C][Ring1][=Branch1][Ring2][Ring1][=Branch1],6.0005,1,train,O=Cc1cc(N2CCCCC2)c2ccc3c(N4CCCCC4)cc(N4CCCCC4)c4ccc1c2c43
[O][=C][C][=C][C][=C][C][=C][Ring1][=Branch1][C][=Branch1][C][=O][N][Ring1][#Branch2][C][=C][C][=C][Branch1][=Branch2][C][N][C][=N][C][=N][Ring1][Branch1][C][=C][Ring1][N],8.0295,1,train,O=C1c2ccccc2C(=O)N1c1ccc(Cn2cncn2)cc1
[C][=C][C][=C][C][=C][Ring1][=Branch1],9.3262,1,train,c1ccccc1
[C][O][C][=C][C][=C][Branch2][Ring2][Ring2][C][=N][C][=C][Branch1][P][C][=C][Ring1][=Branch1][C][=C][C][=C][C][=C][Ring1][=Branch1][C][C][Ring1][#Branch2][C][=C][C][=C][C][=C][Ring1][=Branch1][C][C][Ring2][Ring1][Ring2][C][=C][Ring2][Ring1][N],6.8007,1,train,COc1ccc(-c2nc3c(c4c2-c2ccccc2CC4)-c2ccccc2CC3)cc1
[C][=C][C][=C][Branch2][Ring2][Ring2][C][=N][C][=C][Branch1][P][C][=C][Ring1][=Branch1][C][=C][C][=C][C][=C][Ring1][=Branch1][C][C][Ring1][#Branch2][C][=C][C][=C][C][=C][Ring1][=Branch1][C][C][Ring2][Ring1][Ring2][C][=C][Ring2][Ring1][N],6.9711,1,train,c1ccc(-c2nc3c(c4c2-c2ccccc2CC4)-c2ccccc2CC3)cc1
[C][C][=C][C][=Branch1][C][=O][NH1][C][=Branch1][C][=O][NH1][Ring1][Branch2],9.3421,1,train,Cc1cc(=O)[nH]c(=O)[nH]1
[C][=C][C][=C][Branch2][Ring2][P][C][=C][C][=C][Branch2][Ring1][S][C][=C][C][=C][Branch2][Ring1][Ring2][N][Branch1][=Branch2][C][=C][C][=C][C][=C][Ring1][=Branch1][C][=C][C][=C][C][=C][Ring1][=Branch1][C][=C][Ring2][Ring1][Ring1][C][=N][S][N][=C][Ring2][Ring1][N][Ring1][Branch1][C][=C][Ring2][Ring2][C],6.4456,1,train,c1ccc(-c2ccc(-c3ccc(N(c4ccccc4)c4ccccc4)cc3)c3nsnc23)cc1
[F][C][Branch1][C][F][Branch1][C][F][C][Branch1][C][F][Branch1][C][F][C][Branch1][C][F][Branch1][C][F][C][Branch1][C][F][Branch1][C][F][C][Branch1][C][F][Branch1][C][F][C][Branch1][C][F][Branch1][C][F][C][C][O][C][=N][N][=C][Branch1][C][Cl][N][=N][Ring1][#Branch1],9.1783,1,train,FC(F)(F)C(F)(F)C(F)(F)C(F)(F)C(F)(F)C(F)(F)CCOc1nnc(Cl)nn1
[C][C][N][C][=C][C][Branch1][P][C][=C][C][=C][Branch1][Branch2][C][=C][C][=C][S][Ring1][Branch1][S][Ring1][#Branch2][=C][C][=C][Ring1][S][C][=C][C][=C][Branch1][P][C][=C][C][=C][Branch1][Branch2][C][=C][C][=C][S][Ring1][Branch1][S][Ring1][#Branch2][C][=C][Ring1][S][Ring2][Ring1][P],6.3166,1,train,CCn1c2cc(-c3ccc(-c4cccs4)s3)ccc2c2ccc(-c3ccc(-c4cccs4)s3)cc21
[C][N][C][=Branch1][C][=O][N][=C][N][Branch1][C][C][C][=C][C][=C][C][=C][Ring1][=Branch1][N][=C][Ring1][O][C][Ring1][S][=O],8.1196,1,train,Cn1c(=O)nc2n(C)c3ccccc3nc-2c1=O
[C][O][C][=C][C][=C][Branch2][Ring1][S][C][N][=C][Branch1][O][C][=C][C][=C][C][=C][Ring1][=Branch1][O][C][NH1][C][=Ring1][=N][C][=C][C][=C][Branch1][Ring1][O][C][C][=C][Ring1][Branch2][C][=C][Ring2][Ring1][O],6.4158,1,train,COc1ccc(-c2nc(-c3ccccc3OC)[nH]c2-c2ccc(OC)cc2)cc1
[O][=C][C][=C][C][Branch1][=Branch2][N][C][C][C][C][C][Ring1][=Branch1][=C][C][=C][C][=C][Branch1][=Branch2][N][C][C][C][C][C][Ring1][=Branch1][C][=C][Branch1][=Branch2][N][C][C][C][C][C][Ring1][=Branch1][C][=C][C][=C][Ring2][Ring1][S][C][Ring2][Ring1][Branch2][=C][Ring1][=Branch1][Ring2][Ring1][=Branch1],6.0253,1,train,O=Cc1cc(N2CCCCC2)c2ccc3c(N4CCCCC4)cc(N4CCCCC4)c4ccc1c2c43
[C][C][=C][N][Branch1][=Branch2][C][Branch1][C][F][Branch1][C][F][F][C][=Branch1][C][=O][NH1][C][Ring1][O][=O],9.8381,1,train,Cc1cn(C(F)(F)F)c(=O)[nH]c1=O
[N][#C][C][=C][C][=C][Branch1][Ring1][C][#N][C][Branch1][C][N][=C][Ring1][=Branch2],8.8908,1,train,N#Cc1ccc(C#N)c(N)c1
[C][S][C][S][C][Branch1][=Branch1][C][Branch1][C][N][=O][=C][N][=N][N][Branch1][C][C][C][=Branch1][C][=O][C][=Ring1][=C][Ring1][Branch2],7.8954,1,train,CSc1sc(C(N)=O)c2nnn(C)c(=O)c12
[N][#C][C][=C][O][C][=C][C][=C][C][=C][Ring1][=Branch1][C][Ring1][#Branch2][=O],8.9873,1,train,N#Cc1coc2ccccc2c1=O
[O][=C][O][C][=C][C][=C][C][=C][Ring1][=Branch1][C][=C][Ring1][#Branch2][C][=N][C][=C][C][=C][C][=C][Ring1][=Branch1][O][Ring1][=Branch2],8.0395,1,train,O=c1oc2ccccc2cc1-c1nc2ccccc2o1
[C][N][Branch1][C][C][C][=C][C][=C][C][=Branch1][Ring2][=C][Ring1][=Branch1][C][O][C][=C][Ring1][#Branch1][O][C][=C][C][=C][C][=C][Ring1][=Branch1][C][Ring1][#Branch2][=O],6.8622,1,train,CN(C)c1ccc2c(c1)COc1c-2oc2ccccc2c1=O
[C][C][=C][C][Branch1][C][C][=N][C][Branch1][C][N][=N][Ring1][Branch2],7.99,1,train,Cc1cc(C)nc(N)n1
[N][C][=C][C][=C][C][Branch1][=Branch2][C][Branch1][C][F][Branch1][C][F][F][=C][C][=Branch1][C][=O][O][C][Ring1][O][=C][Ring1][#C],8.8053,1,train,Nc1ccc2c(C(F)(F)F)cc(=O)oc2c1
[C][C][=C][NH1][C][=Branch1][C][=O][NH1][C][Ring1][#Branch1][=O],9.129,1,train,Cc1c[nH]c(=O)[nH]c1=O
[N][C][=C][C][=C][C][=C][Ring1][=Branch1],8.0669,1,train,Nc1ccccc1
[O][=C][C][=C][Branch1][=Branch2][C][Branch1][C][F][Branch1][C][F][F][C][=C][C][=C][C][=Branch1][#Branch1][=C][Ring1][=Branch1][O][Ring1][=C][C][C][C][N][Ring1][Branch2][C][C][C][Ring1][N],7.751,1,train,O=c1cc(C(F)(F)F)c2cc3c4c(c2o1)CCCN4CCC3
[C][C][N][Branch1][Ring1][C][C][C][=C][C][=C][C][Branch1][C][C][=C][C][=Branch1][C][=O][O][C][Ring1][Branch2][=C][Ring1][N],7.348,1,train,CCN(CC)c1ccc2c(C)cc(=O)oc2c1
[F][C][Branch1][C][F][Branch1][C][F][C][Branch1][C][F][Branch1][C][F][C][Branch1][C][F][Branch1][C][F][C][Branch1][C][F][Branch1][C][F][C][Branch1][C][F][Branch1][C][F][C][Branch1][C][F][Branch1][C][F][C][C][O][C][=N][N][=C][Branch1][C][Cl][N][=N][Ring1][#Branch1],9.1783,1,train,FC(F)(F)C(F)(F)C(F)(F)C(F)(F)C(F)(F)C(F)(F)CCOc1nnc(Cl)nn1
[C][C][C][C][C][C][C][C][C][C][C][C][C][C][C][C][O][C][=Branch1][C][=O][C][=C][C][=C][Branch2][Ring1][Ring2][N][Branch1][=Branch2][C][=C][C][=C][C][=C][Ring1][=Branch1][C][=C][C][=C][C][=C][Ring1][=Branch1][C][=C][Ring2][Ring1][Ring1],6.8427,1,train,CCCCCCCCCCCCCCCCOC(=O)c1ccc(N(c2ccccc2)c2ccccc2)cc1
[C][=C][C][=C][Branch2][Ring2][P][N][Branch1][=Branch2][C][=C][C][=C][C][=C][Ring1][=Branch1][C][=C][C][=C][Branch2][Ring1][#Branch2][C][=N][C][=C][C][=C][C][=C][C][Ring1][=Branch1][=C][C][=C][C][=C][C][Ring1][=Branch1][=C][Ring1][=C][NH1][Ring1][P][C][=C][Ring2][Ring1][#Branch1][C][=C][Ring2][Ring2][Ring2],6.2699,1,train,c1ccc(N(c2ccccc2)c2ccc(-c3nc4c5ccccc5c5ccccc5c4[nH]3)cc2)cc1
[O][=C][C][=C][NH1][C][=Branch1][C][=O][NH1][Ring1][#Branch1],9.7209,1,train,O=c1cc[nH]c(=O)[nH]1
[N][C][=C][C][=C][Branch1][N][C][=C][C][=C][Branch1][C][N][C][=C][Ring1][#Branch1][C][=C][Ring1][=N],6.7621,1,train,Nc1ccc(-c2ccc(N)cc2)cc1
[N][#C][C][=C][C][Branch2][Ring1][Branch1][C][#C][C][=C][Branch1][C][F][C][Branch1][C][F][=N][C][Branch1][C][F][=C][Ring1][=Branch2][F][=C][Branch2][Ring1][Branch1][C][#C][C][=C][Branch1][C][F][C][Branch1][C][F][=N][C][Branch1][C][F][=C][Ring1][=Branch2][F][C][=C][Ring2][Ring1][=C][C][#N],9.2038,1,train,N#Cc1cc(C#Cc2c(F)c(F)nc(F)c2F)c(C#Cc2c(F)c(F)nc(F)c2F)cc1C#N
[O][=S][=Branch1][C][=O][Branch1][C][O][C][=C][C][=C][C][=C][C][=C][C][Branch1][#Branch2][N][C][=C][C][=C][C][=C][Ring1][=Branch1][=C][Ring1][P][Ring1][=N],7.5142,1,train,O=S(=O)(O)c1cccc2cccc(Nc3ccccc3)c12
[N][#C][C][=C][C][Branch2][Ring1][Branch1][C][#C][C][=C][Branch1][C][F][C][Branch1][C][F][=N][C][Branch1][C][F][=C][Ring1][=Branch2][F][=C][Branch2][Ring1][Branch1][C][#C][C][=C][Branch1][C][F][C][Branch1][C][F][=N][C][Branch1][C][F][=C][Ring1][=Branch2][F][C][=C][Ring2][Ring1][=C][C][#N],9.2038,1,train,N#Cc1cc(C#Cc2c(F)c(F)nc(F)c2F)c(C#Cc2c(F)c(F)nc(F)c2F)cc1C#N
[C][O][C][=C][C][=C][C][Branch2][Ring1][Ring1][C][=N][C][Branch1][#Branch2][C][=C][C][=C][C][=C][Ring1][=Branch1][Cl][=N][O][Ring1][N][=C][C][=Branch1][C][=O][O][C][Ring2][Ring1][Ring1][=C][Ring2][Ring1][#Branch1],8.0378,1,train,COc1ccc2c(-c3nc(-c4ccccc4Cl)no3)cc(=O)oc2c1
[N][S][=Branch1][C][=O][=Branch1][C][=O][C][=C][C][=C][Branch2][Ring1][S][N][N][=C][Branch1][N][C][=C][C][=C][Branch1][C][O][C][=C][Ring1][#Branch1][C][C][Ring1][N][C][=C][C][=C][Branch1][C][Br][C][=C][Ring1][#Branch1][C][=C][Ring2][Ring1][=Branch2],7.0326,1,train,NS(=O)(=O)c1ccc(N2N=C(c3ccc(O)cc3)CC2c2ccc(Br)cc2)cc1
[Cl][C][=C][C][=C][C][=Branch1][Ring2][=C][Ring1][=Branch1][C][=C][N][=C][C][=C][Ring1][=Branch1][N][Ring1][#Branch2][N][C][=C][C][=C][C][=C][Ring1][=Branch1][O][C][=C][C][Branch1][=C][C][=C][C][=C][C][=N][S][N][=C][Ring1][=Branch2][Ring1][Branch1][=C][C][=C][Ring1][#C][Ring2][Ring1][#Branch1],6.7056,1,train,Clc1ccc2c(c1)c1cnccc1n2N1c2ccccc2Oc2cc(-c3cccc4nsnc34)ccc21
[N][#C][C][=C][C][=C][Branch2][Ring1][C][C][=C][C][=C][Branch1][=Branch2][C][=C][C][C][C][C][Ring1][=Branch1][S][Ring1][O][S][Ring1][S],7.2482,2,train,N#Cc1ccc(-c2ccc(C3=CCCCC3)s2)s1
[C][=C][Branch1][P][C][=C][C][=C][Branch1][Branch2][C][=C][C][=C][S][Ring1][Branch1][S][Ring1][#Branch2][C][C][C][Ring1][#C],6.9471,2,train,C1=C(c2ccc(-c3cccs3)s2)CCC1
[C][O][C][=C][C][=C][C][Branch2][Ring1][C][C][=N][C][Branch1][=Branch2][C][=C][C][=C][C][=C][Ring1][=Branch1][=N][O][Ring1][O][=C][C][=Branch1][C][=O][O][C][Ring2][Ring1][C][=C][Ring2][Ring1][=Branch1],7.9956,2,train,COc1ccc2c(-c3nc(-c4ccccc4)no3)cc(=O)oc2c1
[N][#C][C][=C][C][=C][Branch2][Ring1][=N][C][=C][C][=C][Branch2][Ring1][Ring1][C][=C][C][C][Branch1][=Branch2][C][=C][C][=C][C][=C][Ring1][=Branch1][C][C][Ring1][N][S][Ring1][P][S][Ring2][Ring1][=Branch1],7.1211,2,train,N#Cc1ccc(-c2ccc(C3=CCC(c4ccccc4)CC3)s2)s1
[Cl][C][=N][C][Branch1][C][Cl][=N][C][Branch2][Ring1][=Branch1][N][C][=C][C][=C][C][=C][C][=C][C][=C][C][Ring1][=Branch1][=C][C][Ring1][#Branch2][=C][Ring1][=C][=N][Ring2][Ring1][=Branch1],7.3171,2,train,Clc1nc(Cl)nc(Nc2ccc3cc4ccccc4cc3c2)n1
[N][#C][C][=C][C][=C][C][C][=C][NH1][C][Ring1][=Branch2][=Ring1][Branch1],8.3479,2,train,N#Cc1cccc2cc[nH]c12
[C][O][C][=C][C][=C][C][=C][C][Ring1][=Branch1][=C][Branch1][Ring1][O][C][C][=C][Ring1][N][C][=C][C][=C][C][Branch1][Ring1][O][C][=C][Ring1][Branch2][N][Ring1][O][C],6.5357,2,train,COc1c2ccccc2c(OC)c2c1c1cccc(OC)c1n2C
[F][C][Branch1][C][F][Branch1][C][F][C][Branch1][C][F][Branch1][C][F][C][Branch1][C][F][Branch1][C][F][C][Branch1][C][F][Branch1][C][F][C][Branch1][C][F][Branch1][C][F][C][Branch1][C][F][Branch1][C][F][C][C][O][C][=N][N][=C][Branch1][C][Cl][N][=N][Ring1][#Branch1],8.9392,2,train,FC(F)(F)C(F)(F)C(F)(F)C(F)(F)C(F)(F)C(F)(F)CCOc1nnc(Cl)nn1
[C][C][=Branch1][C][=O][C][=C][C][=C][C][=C][C][=C][C][=C][C][=C][C][=C][Ring1][=C][C][Ring1][N][=C][Ring1][#Branch2][Ring1][=Branch1],7.4153,2,train,CC(=O)c1ccc2ccc3cccc4ccc1c2c34
[O][=C][C][=C][C][=C][C][=C][C][=C][Ring1][=Branch1][O][Ring1][#Branch2],9.0194,2,train,O=c1ccc2ccccc2o1
[N][#C][C][=C][C][=C][C][=C][Branch1][C][O][C][=C][Ring1][#Branch1][O][C][Ring1][O][=O],8.9191,2,train,N#Cc1cc2ccc(O)cc2oc1=O
[O][=C][C][=C][Branch1][P][C][=C][C][=C][Branch1][Branch2][C][=C][C][=C][S][Ring1][Branch1][S][Ring1][#Branch2][C][C][Ring1][=C],7.4537,2,train,O=CC1=C(c2ccc(-c3cccs3)s2)CC1
[C][C][=Branch1][C][=O][C][=C][C][=C][C][=C][C][=C][C][=C][C][=C][C][=C][Ring1][=C][C][Ring1][N][=C][Ring1][#Branch2][Ring1][=Branch1],7.476,2,train,CC(=O)c1ccc2ccc3cccc4ccc1c2c34
[O][=C][Branch2][Ring2][=Branch1][C][=C][C][=C][C][=C][Branch1][Branch2][S][C][Ring1][Branch1][=C][Ring1][=Branch2][C][=C][C][=C][C][=C][Ring1][=Branch1][P][Ring1][N][=Branch1][C][=O][C][=C][C][=C][C][=C][Ring1][=Branch1][C][=C][Branch1][C][F][C][Branch1][C][F][=C][Branch1][C][F][C][Branch1][C][F][=C][Ring1][#Branch2][F],7.9997,2,train,O=C(c1ccc2c3c(sc2c1)-c1ccccc1P3(=O)c1ccccc1)c1c(F)c(F)c(F)c(F)c1F
[O][=C][C][=C][C][Branch1][C][Cl][=C][C][=C][Ring1][#Branch1][S][=Branch1][C][=O][=Branch1][C][=O][C][=C][C][=C][Branch2][Ring1][Branch2][C][=C][C][=C][Branch1][=C][C][=C][C][=C][C][=C][C][=C][Ring1][=Branch1][O][Ring1][=Branch2][C][=C][Ring1][#C][C][=C][Ring2][Ring1][Branch1][Ring2][Ring1][S],7.3785,2,train,O=C1c2cc(Cl)ccc2S(=O)(=O)c2ccc(-c3ccc(-c4cc5ccccc5o4)cc3)cc21
[O][=C][Branch1][C][O][C][=C][C][Branch1][C][O][=C][Branch1][C][O][C][Branch1][C][O][=C][Ring1][=Branch2],8.543,2,train,O=C(O)c1cc(O)c(O)c(O)c1
[O][=C][C][=C][C][=C][C][=C][C][=C][Ring1][=Branch1][O][Ring1][#Branch2],9.0194,2,train,O=c1ccc2ccccc2o1
[F][C][Branch1][C][F][Branch1][C][F][C][Branch1][C][F][Branch1][C][F][C][Branch1][C][F][Branch1][C][F][C][Branch1][C][F][Branch1][C][F][C][Branch1][C][F][Branch1][C][F][C][Branch1][C][F][Branch1][C][F][C][C][O][C][=N][N][=C][Branch1][C][Cl][N][=N][Ring1][#Branch1],8.8864,2,train,FC(F)(F)C(F)(F)C(F)(F)C(F)(F)C(F)(F)C(F)(F)CCOc1nnc(Cl)nn1
[N][C][=C][C][=N][C][=C][Ring1][=Branch1],8.2782,2,train,Nc1ccncc1
[C][N][Branch1][C][C][C][=C][C][=C][Branch2][Ring1][Branch2][C][=N][C][Branch1][=Branch2][C][=C][C][=C][C][=C][Ring1][=Branch1][=C][C][=C][C][=C][N][Ring1][#C][Ring1][=Branch1][C][=C][Ring2][Ring1][Branch1],6.1211,2,train,CN(C)c1ccc(-c2nc(-c3ccccc3)c3ccccn23)cc1
[O][=C][C][=C][C][=C][C][=C][C][=C][Ring1][=Branch1][O][Ring1][#Branch2],9.0194,2,train,O=c1ccc2ccccc2o1
[N][#C][C][=C][C][=C][C][=C][NH1][C][Ring1][Branch1][=C][Ring1][=Branch2],8.3125,2,train,N#Cc1ccc2cc[nH]c2c1
[C][C][N][Branch1][Ring1][C][C][C][=C][C][=C][Branch2][Ring2][Ring2][C][=N][C][=C][Branch1][P][C][=C][Ring1][=Branch1][C][=C][C][=C][C][=C][Ring1][=Branch1][C][C][Ring1][#Branch2][C][=C][C][=C][C][=C][Ring1][=Branch1][C][C][Ring2][Ring1][Ring2][C][=C][Ring2][Ring1][N],6.1057,2,train,CCN(CC)c1ccc(-c2nc3c(c4c2-c2ccccc2CC4)-c2ccccc2CC3)cc1
[O][=C][C][=C][C][=C][C][=C][Ring1][=Branch1][S][C][=C][C][=C][C][=C][Ring1][=C][Ring1][=Branch1],7.852,2,train,O=c1c2ccccc2sc2ccccc12
[C][#C][C][=N][C][=C][C][=C][C][=C][Ring1][=Branch1][N][Ring1][=Branch2][C][=C][C][=C][Branch1][Branch1][C][=N][Ring1][=Branch1][NH1][C][=C][C][=C][Branch2][Ring1][Ring1][N][C][Branch1][C][C][Branch1][C][C][C][C][C][C][Ring1][Branch2][Branch1][C][C][C][C][=C][Ring1][S][Ring2][Ring1][Branch1],6.4882,2,train,C#Cc1nc2ccccc2n1-c1cc2c(cn1)[nH]c1ccc(N3C(C)(C)CCCC3(C)C)cc12
[C][N][Branch1][C][C][C][=C][C][=C][Branch2][Ring2][Ring2][C][=N][C][=C][Branch1][P][C][=C][Ring1][=Branch1][C][=C][C][=C][C][=C][Ring1][=Branch1][C][C][Ring1][#Branch2][C][=C][C][=C][C][=C][Ring1][=Branch1][C][C][Ring2][Ring1][Ring2][C][=C][Ring2][Ring1][N],6.2166,2,train,CN(C)c1ccc(-c2nc3c(c4c2-c2ccccc2CC4)-c2ccccc2CC3)cc1
[N][#C][C][=C][C][=C][C][=C][C][=C][Ring1][=Branch1][NH1][Ring1][=Branch2],8.3794,2,train,N#Cc1cc2ccccc2[nH]1
[N][C][=C][C][=C][N][=C][Ring1][=Branch1],8.1529,2,train,Nc1cccnc1
[C][C][C][C][C][=C][C][Branch1][Branch2][C][=Branch1][C][=O][C][C][C][=C][C][=C][C][=C][Branch1][Branch1][C][C][C][C][C][=C][Branch1][=Branch2][N][C][C][C][C][C][Ring1][=Branch1][C][=C][C][=C][Ring2][Ring1][=N][C][Ring2][Ring1][=Branch1][=C][Ring2][Ring1][Ring2][Ring1][=Branch1],6.3423,2,train,CCCCc1cc(C(=O)CCC)c2ccc3c(CCCC)cc(N4CCCCC4)c4ccc1c2c34
[O][=C][O][C][=C][Branch1][=N][C][=C][C][=C][C][=C][C][=C][Ring1][=Branch1][Ring1][#Branch2][N][=C][Ring1][=C][C][=C][C][=C][C][=C][Ring1][=Branch1],7.6433,2,train,O=c1oc2c(ccc3ccccc32)nc1-c1ccccc1
[N][#C][C][=C][C][=C][C][C][=C][NH1][C][Ring1][=Branch2][=Ring1][Branch1],8.3481,2,train,N#Cc1cccc2cc[nH]c12
[N][#C][C][=C][C][=C][NH1][C][=C][C][Ring1][Branch1][=C][Ring1][=Branch2],8.3409,2,train,N#Cc1ccc2[nH]ccc2c1
[F][C][Branch1][C][F][Branch1][C][F][C][Branch1][C][F][Branch1][C][F][C][Branch1][C][F][Branch1][C][F][C][Branch1][C][F][Branch1][C][F][C][Branch1][C][F][Branch1][C][F][C][Branch1][C][F][Branch1][C][F][C][C][O][C][=N][N][=C][Branch1][C][Cl][N][=N][Ring1][#Branch1],8.9392,2,train,FC(F)(F)C(F)(F)C(F)(F)C(F)(F)C(F)(F)C(F)(F)CCOc1nnc(Cl)nn1
[C][O][C][=C][C][=C][C][=C][Branch1][=Branch2][C][=C][C][=C][Ring1][#Branch2][Ring1][=Branch1][C][=Branch1][C][=O][C][=C][C][=C][C][=C][Ring1][=Branch1][Ring1][#C],7.4025,2,train,COc1ccc2c3c(cccc13)C(=O)c1ccccc1-2
[C][C][N][=C][Branch1][=N][C][=C][C][Branch1][C][N][=C][C][=C][Ring1][#Branch1][O][N][C][=Ring1][=N][C][C][C][C][Ring1][=Branch1],6.6454,2,train,Cc1nc(-c2cc(N)ccc2O)n2c1CCCC2
[O][=C][C][=C][C][=C][C][=C][C][=C][Ring1][=Branch1][O][Ring1][#Branch2],9.0194,2,train,O=c1ccc2ccccc2o1
[O][C][=C][C][=C][C][=C][C][=C][C][Ring1][=Branch1][=C][Ring1][#Branch2][C][=N][C][Branch1][=Branch2][C][=C][C][=C][C][=C][Ring1][=Branch1][=C][C][=C][C][=C][N][Ring1][#C][Ring1][=Branch1],6.6502,2,train,Oc1ccc2ccccc2c1-c1nc(-c2ccccc2)c2ccccn12
[O][=C][C][=C][Branch1][=Branch2][C][Branch1][C][F][Branch1][C][F][F][C][=C][C][=C][C][=Branch1][#Branch1][=C][Ring1][=Branch1][O][Ring1][=C][C][C][C][N][Ring1][Branch2][C][C][C][Ring1][N],7.6,2,train,O=c1cc(C(F)(F)F)c2cc3c4c(c2o1)CCCN4CCC3
[N][#C][C][=C][C][=C][C][=C][C][=C][Ring1][=Branch1][NH1][Ring1][=Branch2],8.3794,2,train,N#Cc1cc2ccccc2[nH]1
[O][=C][C][=C][C][=C][C][=C][Ring1][=Branch1][S][C][=C][C][=C][C][=C][Ring1][=C][Ring1][=Branch1],7.852,2,train,O=c1c2ccccc2sc2ccccc12
[C][=C][N][=C][Branch2][Ring1][#Branch2][N][C][=C][C][=C][Branch1][#C][C][=C][N][=C][C][=N][N][=C][C][Ring1][=Branch1][=C][Ring1][#Branch2][C][=C][Ring1][S][C][Branch1][#C][C][=C][C][=C][N][=C][N][=C][C][Ring1][=Branch1][=C][Ring1][#Branch2][=C][Ring2][Ring1][P],6.6994,2,train,c1cnc(Nc2ccc(-c3cnc4cnncc4c3)cc2)c(-c2ccc3ncncc3c2)c1
[C][=C][C][=C][Branch2][Ring2][P][C][N][=C][Branch2][Ring1][S][C][=C][C][=C][Branch2][Ring1][Ring2][N][Branch1][=Branch2][C][=C][C][=C][C][=C][Ring1][=Branch1][C][=C][C][=C][C][=C][Ring1][=Branch1][C][=C][Ring2][Ring1][Ring1][N][C][=C][C][=C][C][=Ring2][Ring1][N][Ring1][=Branch1][C][=C][Ring2][Ring2][C],6.1279,2,train,c1ccc(-c2nc(-c3ccc(N(c4ccccc4)c4ccccc4)cc3)n3ccccc23)cc1
[C][O][C][=Branch1][C][=O][C][=C][Branch1][#Branch2][N][C][Branch1][C][C][Branch1][C][C][C][O][C][Branch2][Ring1][Ring1][C][=C][C][=C][Branch1][=Branch2][C][=C][C][=C][C][=C][Ring1][=Branch1][C][=C][Ring1][N][=C][Ring2][Ring1][=Branch1][C][=Branch1][C][=O][O][C],6.7962,2,train,COC(=O)c1c(NC(C)(C)C)oc(-c2ccc(-c3ccccc3)cc2)c1C(=O)OC
[C][N][Branch1][C][C][C][=C][C][=C][Branch2][Ring1][Branch2][C][=N][C][Branch1][=Branch2][C][=C][C][=C][C][=C][Ring1][=Branch1][=C][C][=C][C][=C][N][Ring1][#C][Ring1][=Branch1][C][=C][Ring2][Ring1][Branch1],6.1211,2,train,CN(C)c1ccc(-c2nc(-c3ccccc3)c3ccccn23)cc1
[C][C][N][Branch1][Ring1][C][C][C][=C][C][=C][Branch2][Ring2][=N][C][=N][C][=C][Branch2][Ring1][Branch1][C][=C][Ring1][=Branch1][C][=C][C][=C][Branch1][Ring1][C][#N][C][=C][Ring1][Branch2][C][C][Ring1][N][C][=C][C][=C][Branch1][Ring1][C][#N][C][=C][Ring1][Branch2][C][C][Ring2][Ring1][Branch2][C][=C][Ring2][Ring1][S],6.6708,2,train,CCN(CC)c1ccc(-c2nc3c(c4c2-c2ccc(C#N)cc2CC4)-c2ccc(C#N)cc2CC3)cc1
[C][N][Branch1][C][C][C][=C][C][=C][C][=C][C][=Branch1][Branch2][=C][C][Ring1][=Branch1][=C][Ring1][#Branch2][O][C][C][N][=C][Ring1][#Branch2],6.6716,2,train,CN(C)c1ccc2cc3c(cc2c1)OCCN=C3
[O][=C][C][=C][C][=C][C][=C][C][=C][Ring1][=Branch1][O][Ring1][#Branch2],9.0194,2,train,O=c1ccc2ccccc2o1
[C][O][C][=C][C][=C][C][=C][C][Ring1][=Branch1][=C][Branch1][Ring1][O][C][C][=C][Ring1][N][C][=C][Branch1][C][C][C][=C][C][Branch1][Ring1][O][C][=C][Ring1][=Branch2][N][Ring1][N][C],6.4273,2,train,COc1c2ccccc2c(OC)c2c1c1c(C)ccc(OC)c1n2C
[C][C][C][C][C][=C][C][Branch1][Branch2][C][=Branch1][C][=O][C][C][C][=C][C][=C][C][=C][Branch1][Branch1][C][C][C][C][C][=C][Branch1][=Branch2][N][C][C][C][C][C][Ring1][=Branch1][C][=C][C][=C][Ring2][Ring1][=N][C][Ring2][Ring1][=Branch1][=C][Ring2][Ring1][Ring2][Ring1][=Branch1],6.3495,2,train,CCCCc1cc(C(=O)CCC)c2ccc3c(CCCC)cc(N4CCCCC4)c4ccc1c2c34
[C][O][C][=C][C][=C][C][=C][C][Ring1][=Branch1][=C][Branch1][Ring1][O][C][C][=C][Ring1][N][C][=C][Branch1][C][F][C][=C][C][=C][Ring1][#Branch1][N][Ring1][#Branch2][C],6.9246,2,train,COc1c2ccccc2c(OC)c2c1c1c(F)cccc1n2C
[C][O][C][=C][C][=C][C][=C][C][Branch1][C][C][=C][C][=Branch1][C][=O][O][C][Ring1][Branch2][=C][C][Ring1][N][=C][Ring1][S],7.8159,2,train,COc1ccc2cc3c(C)cc(=O)oc3cc2c1
[C][=C][Branch1][P][C][=C][C][=C][Branch1][Branch2][C][=C][C][=C][S][Ring1][Branch1][S][Ring1][#Branch2][C][C][C][Branch1][=Branch2][C][=C][C][=C][C][=C][Ring1][=Branch1][C][Ring2][Ring1][=Branch1],6.8339,2,train,C1=C(c2ccc(-c3cccs3)s2)CCC(c2ccccc2)C1
[O][=C][Branch1][C][O][C][=C][C][=C][C][=C][Ring1][=Branch1][O],8.9105,2,train,O=C(O)c1ccccc1O
[C][O][C][=C][C][=C][C][Branch2][Ring1][Ring1][C][=N][C][Branch1][#Branch2][C][=C][C][=C][C][=C][Ring1][=Branch1][F][=N][O][Ring1][N][=C][C][=Branch1][C][=O][O][C][Ring2][Ring1][Ring1][=C][Ring2][Ring1][#Branch1],8.0757,2,train,COc1ccc2c(-c3nc(-c4ccccc4F)no3)cc(=O)oc2c1
[O][=C][C][=C][C][=C][C][=C][C][=C][Ring1][=Branch1][O][Ring1][#Branch2],9.0194,2,train,O=c1ccc2ccccc2o1
[C][C][O][C][=C][C][=C][C][Branch2][Ring1][Ring1][C][=N][C][Branch1][#Branch2][C][=C][C][=C][C][=C][Ring1][=Branch1][Cl][=N][O][Ring1][N][=C][C][=Branch1][C][=O][O][C][Ring2][Ring1][Ring1][=C][Ring2][Ring1][#Branch1],7.8746,2,train,CCOc1ccc2c(-c3nc(-c4ccccc4Cl)no3)cc(=O)oc2c1
[O][=S][=Branch1][C][=O][C][=C][C][=C][C][=C][Ring1][=Branch1][C][=C][Ring1][#Branch2][C][=C][C][=C][C][=C][Ring1][=Branch1][P][Ring1][=Branch2][C][=C][C][=C][C][=C][Ring1][=Branch1],7.7436,2,train,O=S1(=O)c2ccccc2-c2c1c1ccccc1p2-c1ccccc1
[C][N][Branch1][C][C][C][=C][C][=C][Branch2][Ring2][Ring2][C][=N][C][=C][Branch1][P][C][=C][Ring1][=Branch1][C][=C][C][=C][C][=C][Ring1][=Branch1][C][C][Ring1][#Branch2][C][=C][C][=C][C][=C][Ring1][=Branch1][C][C][Ring2][Ring1][Ring2][C][=C][Ring2][Ring1][N],6.2166,2,train,CN(C)c1ccc(-c2nc3c(c4c2-c2ccccc2CC4)-c2ccccc2CC3)cc1
[F][C][Branch1][C][F][Branch1][C][F][C][Branch1][C][F][Branch1][C][F][C][Branch1][C][F][Branch1][C][F][C][Branch1][C][F][Branch1][C][F][C][Branch1][C][F][Branch1][C][F][C][Branch1][C][F][Branch1][C][F][C][C][O][C][=N][N][=C][Branch1][C][Cl][N][=N][Ring1][#Branch1],8.9392,2,train,FC(F)(F)C(F)(F)C(F)(F)C(F)(F)C(F)(F)C(F)(F)CCOc1nnc(Cl)nn1
[Cl][C][=C][C][Branch1][C][Cl][=C][Branch2][Ring1][Ring2][C][=C][N][=C][S][C][=N][C][=C][C][=C][Ring1][=Branch1][C][Ring1][=Branch2][=C][Ring1][=N][C][Branch1][C][Cl][=C][Ring2][Ring1][Branch1][C][=C][C][=C][Branch1][P][C][=C][C][=C][C][=Branch1][Ring2][=C][Ring1][=Branch1][O][C][=C][N][Ring1][#Branch1][N][=C][Ring1][S],6.3811,2,train,Clc1cc(Cl)c(-c2cnc3sc4ncccc4c3c2)c(Cl)c1-c1ccc(-c2ccc3c(c2)OC=CN3)nc1
[O][=C][N][C][=C][C][=Branch1][C][=O][N][Branch2][Ring1][#Branch2][N][Branch1][=Branch2][C][=C][C][=N][C][=N][Ring1][=Branch1][C][=C][C][=C][C][=C][C][=C][N][=C][Ring1][#Branch2][Ring1][=Branch1][C][=C][Ring2][Ring1][#Branch2][Ring2][Ring1][#Branch1],7.2379,2,train,O=C1NC=C2C(=O)N(N(c3ccncn3)c3cccc4cccnc34)C=C12
[O][=C][C][=C][C][=C][C][=C][C][=C][Ring1][=Branch1][O][Ring1][#Branch2],8.944567111051114,3,train,O=c1ccc2ccccc2o1
[C][C][N][Branch1][Ring1][C][C][C][=C][C][=C][Branch2][Ring2][=N][C][=N][C][=C][Branch2][Ring1][Branch1][C][=C][Ring1][=Branch1][C][=C][C][=C][Branch1][Ring1][C][#N][C][=C][Ring1][Branch2][C][C][Ring1][N][C][=C][C][=C][Branch1][Ring1][C][#N][C][=C][Ring1][Branch2][C][C][Ring2][Ring1][Branch2][C][=C][Ring2][Ring1][S],6.232725318758926,3,train,CCN(CC)c1ccc(-c2nc3c(c4c2-c2ccc(C#N)cc2CC4)-c2ccc(C#N)cc2CC3)cc1
[O][=C][C][=C][C][=C][C][=C][C][=C][Ring1][=Branch1][O][Ring1][#Branch2],8.944567111051114,3,train,O=c1ccc2ccccc2o1
[C][=C][C][=C][C][Branch2][Ring1][O][C][=C][C][Branch1][Branch2][C][=N][C][=C][S][Ring1][Branch1][=N][C][Branch1][Branch2][C][=N][C][=C][S][Ring1][Branch1][=C][Ring1][S][=C][C][=C][C][Ring2][Ring1][=Branch1][=C][Ring2][Ring1][#Branch2],7.244638229546616,3,train,c1ccc2c(-c3cc(-c4nccs4)nc(-c4nccs4)c3)cccc2c1
[N][#C][C][=C][C][=C][C][=C][C][Ring1][=Branch1][=C][C][=C][C][=C][C][=C][Ring1][=C][Ring1][=Branch1],7.675797054382278,3,train,N#Cc1c2ccccc2cc2ccccc12
[N][#C][C][=C][C][=C][C][=C][Branch1][C][O][C][=C][Ring1][#Branch1][O][C][Ring1][O][=O],8.820320707075407,3,train,N#Cc1cc2ccc(O)cc2oc1=O
[Cl][C][=C][C][=C][Branch1][S][N][C][=C][C][=C][C][=C][C][=C][C][Ring1][=Branch1][=N][Ring1][#Branch2][C][=C][Ring1][P],7.121852867216359,3,train,Clc1ccc(Nc2ccc3ccccc3n2)cc1
[N][#C][C][=C][C][=C][C][NH1][C][=C][C][Ring1][=Branch2][=Ring1][Branch1],8.194762140230424,3,train,N#Cc1cccc2[nH]ccc12
[C][C][O][C][=Branch1][C][=O][C][=C][Branch1][#Branch2][N][C][Branch1][C][C][Branch1][C][C][C][O][C][Branch2][Ring1][Ring1][C][=C][C][=C][Branch1][=Branch2][C][=C][C][=C][C][=C][Ring1][=Branch1][C][=C][Ring1][N][=C][Ring2][Ring1][=Branch1][C][=Branch1][C][=O][O][C][C],6.607938106593804,3,train,CCOC(=O)c1c(NC(C)(C)C)oc(-c2ccc(-c3ccccc3)cc2)c1C(=O)OCC
[Cl][C][=N][C][Branch1][#Branch2][N][C][=C][C][=C][C][=C][Ring1][=Branch1][=N][C][Branch2][Ring2][Ring1][N][C][=C][C][=C][C][=C][C][=C][C][=C][C][=C][C][Branch1][=C][C][=C][C][=C][C][Ring2][Ring1][C][=C][Ring1][=Branch1][Ring1][S][=C][Ring1][N][Ring1][S][=N][Ring2][Ring2][C],6.543931693831333,3,train,Clc1nc(Nc2ccccc2)nc(Nc2ccc3c4cccc5cccc(c6cccc2c63)c54)n1
[C][O][C][=C][C][=C][C][=C][C][Ring1][=Branch1][=C][Branch1][Ring1][O][C][C][=C][Ring1][N][C][=C][C][=C][Branch1][C][F][C][=C][Ring1][#Branch1][N][Ring1][#Branch2][C],6.637627836849668,3,train,COc1c2ccccc2c(OC)c2c1c1ccc(F)cc1n2C
[N][#C][C][=C][C][=C][NH1][C][=C][C][Ring1][Branch1][=C][Ring1][=Branch2],8.255340805045158,3,train,N#Cc1ccc2[nH]ccc2c1
[O][=C][Branch1][C][O][C][=C][C][=C][C][=C][C][=C][C][=C][C][=C][C][=C][Ring1][=C][C][Ring1][N][=C][Ring1][#Branch2][Ring1][=Branch1],7.505384994903619,3,train,O=C(O)c1ccc2ccc3cccc4ccc1c2c34
[N][C][=C][C][=C][Branch2][Ring1][O][C][=C][C][=C][C][=Branch1][Ring2][=C][Ring1][=Branch1][C][=Branch1][C][=O][C][=C][C][=C][C][=C][Ring1][=Branch1][C][Ring1][N][=O][C][=C][Ring2][Ring1][=Branch1],7.080660935215208,3,train,Nc1ccc(-c2ccc3c(c2)C(=O)c2ccccc2C3=O)cc1
